timestamp,pCu,pMo,pFe,pIns
2025-07-15 00:00:00,26.868,0.858,27.57,10.24
2025-07-15 12:00:00,25.469,2.111,27.64,8.9
2025-07-16 00:00:00,24.97,2.203,27.71,9.84
2025-07-16 12:00:00,26.268,1.362,24.14,13.82
2025-07-17 00:00:00,26.219,1.323,25.43,13.92
2025-07-17 12:00:00,24.67,1.48,24.1,15.5
2025-07-18 00:00:00,24.695,1.836,25.9,15.86
2025-07-18 12:00:00,26.468,1.141,27.61,12.74
2025-07-19 00:00:00,26.218,1.276,26.84,14.66
2025-07-19 12:00:00,26.968,1.324,25.88,12.02
2025-07-20 00:00:00,23.297,1.606,24.35,19.9
2025-07-20 12:00:00,30.264,1.016,29.38,6.64
2025-07-21 00:00:00,31.063,1.332,28.68,4.96
2025-07-21 12:00:00,28.965,2.049,28.6,7.52
2025-07-22 00:00:00,30.563,1.455,27.1,6.18
2025-07-25 12:00:00,29.502,2.5,28.39,5.7
2025-07-26 00:00:00,27.966,2.166,28.36,8.88
2025-07-26 12:00:00,28.466,1.665,27.69,6.7
2025-07-27 00:00:00,27.267,1.423,28.1,10.08
2025-07-27 12:00:00,30.139,1.231,26.76,5.88
2025-07-28 00:00:00,27.467,1.709,26.26,9.56
2025-07-28 12:00:00,30.049,1.267,27.5,6.2
2025-07-29 00:00:00,26.268,1.316,25.54,10.08
2025-07-29 12:00:00,28.805,1.981,27.32,8.34
2025-07-30 00:00:00,27.807,1.698,25.98,8.8
2025-07-30 12:00:00,25.37,1.835,26.36,11.18
2025-07-31 00:00:00,27.916,1.83,24.57,8.44
2025-07-31 12:00:00,25.419,2.56,25.1,13.34
2025-08-01 00:00:00,25.769,2.951,25.56,11.24
2025-08-01 12:00:00,22.873,2.327,27.32,13.64
2025-08-02 00:00:00,26.768,2.747,25.66,9.14
2025-08-02 12:00:00,25.769,2.155,29.07,9.84
2025-08-03 00:00:00,25.821,2.66,25.35,8.88
2025-08-03 12:00:00,27.667,2.325,28.51,6.76
2025-08-04 00:00:00,25.969,3.907,26.61,8.6
2025-08-04 12:00:00,27.96,2.653,23.58,7.46
2025-08-05 00:00:00,27.972,2.383,27.41,8.2
2025-08-05 12:00:00,28.638,1.733,26.04,7.58
2025-08-06 00:00:00,28.237,1.531,28.52,9.34
2025-08-06 12:00:00,25.873,0.77,25.88,11.2
2025-08-07 00:00:00,26.761,0.582,29.11,8.24
2025-08-07 12:00:00,27.298,1.137,27.32,9.72
2025-08-08 00:00:00,24.966,1.285,27.39,12.64
2025-08-08 12:00:00,25.186,0.975,27.55,11.88
2025-08-09 00:00:00,25.872,1.105,27.34,11.16
2025-08-09 12:00:00,24.598,0.797,28.01,10.86
2025-08-10 00:00:00,25.628,0.939,26.82,9.7
2025-08-10 12:00:00,25.578,0.897,26.98,9.98
2025-08-11 00:00:00,23.422,0.913,28.7,11.4
2025-08-11 12:00:00,25.48,0.719,29.29,8.68
2025-08-12 00:00:00,25.382,0.861,26.51,10.58
2025-08-12 12:00:00,27.342,0.812,27.97,9.66
2025-08-13 00:00:00,28.616,0.858,27.32,8.3
2025-08-13 12:00:00,22.694,0.59,27.53,14.44
2025-08-14 00:00:00,27.93,0.776,26.34,9.96
2025-08-14 12:00:00,23.388,0.649,29.2,9.94
2025-08-15 00:00:00,25.286,0.389,28.53,9.1
2025-08-15 12:00:00,23.602,0.599,30.14,10.52
2025-08-16 00:00:00,27.244,0.631,26.68,8.36
2025-08-16 12:00:00,24.969,0.839,29.46,9.18
2025-08-17 00:00:00,27.092,0.867,25.66,8.88
2025-08-17 12:00:00,22.834,1.001,26.13,16.0
2025-08-18 00:00:00,26.852,0.965,28.1,8.58
2025-08-18 12:00:00,22.129,0.734,30.49,11.3
2025-08-19 00:00:00,25.286,0.848,27.27,10.22
2025-08-19 12:00:00,23.919,1.275,27.92,10.74
2025-08-20 00:00:00,23.912,1.676,27.44,12.74
2025-08-20 12:00:00,26.656,1.491,30.03,9.48
2025-08-24 00:00:00,28.347,1.426,30.09,8.24
2025-08-24 12:00:00,29.131,2.477,26.95,7.44
2025-08-25 00:00:00,29.131,2.305,29.59,8.4
2025-08-25 12:00:00,28.835,2.231,26.87,8.92
2025-08-26 00:00:00,29.253,2.076,29.76,7.62
2025-08-26 12:00:00,24.688,1.563,33.05,8.6
2025-08-27 00:00:00,27.952,1.659,29.12,9.5
2025-08-27 12:00:00,27.474,1.77,24.36,10.96
2025-08-28 00:00:00,24.483,2.019,26.33,15.28
2025-08-28 12:00:00,26.913,2.299,26.02,10.94
2025-08-29 00:00:00,27.952,2.443,26.57,8.9
2025-08-29 12:00:00,23.065,2.481,25.49,16.04
2025-08-30 00:00:00,27.654,1.843,26.29,10.56
2025-08-30 12:00:00,23.368,2.45,25.04,14.8
2025-08-31 00:00:00,25.87,7.855,23.94,14.46
2025-08-31 12:00:00,25.276,2.12,26.88,14.06
2025-09-01 00:00:00,28.745,0.053,25.96,8.62
2025-09-01 12:00:00,26.391,1.699,27.35,10.92
2025-09-02 00:00:00,25.672,0.78,27.22,11.4
2025-09-02 12:00:00,26.467,0.83,29.17,9.88
2025-09-03 00:00:00,25.573,2.108,24.24,12.38
2025-09-03 12:00:00,24.483,1.757,27.86,13.98
2025-09-04 00:00:00,24.925,1.391,24.78,12.36
2025-09-04 12:00:00,22.054,1.817,27.18,15.66
2025-09-05 00:00:00,21.311,2.042,27.44,15.9
2025-09-05 12:00:00,26.168,1.693,26.42,11.5
2025-09-06 00:00:00,25.201,2.002,27.86,12.62
2025-09-06 12:00:00,27.754,1.628,27.39,9.12
2025-09-07 00:00:00,26.118,2.022,26.23,13.0
2025-09-07 12:00:00,26.467,1.882,26.22,12.02
2025-09-08 00:00:00,25.722,1.738,27.38,13.8
2025-09-08 12:00:00,27.555,1.687,25.4,9.98
2025-09-09 00:00:00,26.119,1.541,26.28,12.88
2025-09-09 12:00:00,27.551,1.12,26.15,10.94
2025-09-10 00:00:00,25.379,1.021,29.65,11.44
2025-09-10 12:00:00,27.749,0.756,27.57,9.34
2025-09-11 00:00:00,28.508,0.753,28.59,7.84
2025-09-11 12:00:00,28.835,0.813,28.13,7.74
2025-09-12 00:00:00,27.01,1.079,28.76,9.7
2025-09-12 12:00:00,23.996,0.766,26.59,14.06
2025-09-13 00:00:00,23.799,0.753,27.19,14.92
2025-09-13 12:00:00,27.853,0.747,29.57,7.96
2025-09-14 00:00:00,28.447,0.907,27.81,8.38
2025-09-14 12:00:00,24.837,1.152,27.95,14.22
2025-09-15 00:00:00,26.564,0.873,28.16,12.42
2025-09-15 12:00:00,22.302,1.307,26.86,16.6
2025-09-16 00:00:00,27.636,1.251,28.82,7.72
2025-09-16 12:00:00,22.811,1.307,27.86,15.28
2025-09-17 00:00:00,28.638,1.111,28.79,6.88
2025-09-17 12:00:00,20.836,1.075,26.74,18.3
2025-09-18 00:00:00,23.651,1.221,24.7,17.76
2025-09-18 12:00:00,24.539,0.919,26.64,15.8
2025-09-19 00:00:00,24.959,0.85,28.17,13.14
2025-09-19 12:00:00,25.28,0.74,28.99,14.74
2025-09-20 00:00:00,25.474,0.742,27.04,13.8
2025-09-20 12:00:00,25.276,0.769,27.21,14.68
2025-09-21 12:00:00,27.654,0.866,28.15,10.2
2025-09-22 00:00:00,27.159,1.594,29.16,5.3
2025-09-22 12:00:00,29.587,1.621,28.29,6.62
2025-09-23 00:00:00,25.522,2.041,28.2,12.58
2025-09-23 12:00:00,27.952,1.822,27.88,8.82
2025-09-24 00:00:00,24.852,2.636,27.43,12.74
2025-09-24 12:00:00,26.267,2.497,27.69,10.58
2025-09-25 00:00:00,26.517,1.557,28.67,10.22
2025-09-25 12:00:00,26.368,2.268,25.22,10.54
2025-09-26 00:00:00,23.937,2.883,28.47,12.88
2025-09-26 12:00:00,26.462,2.642,26.69,9.5
2025-09-27 00:00:00,23.789,3.334,27.24,13.38
2025-09-27 12:00:00,24.284,2.566,26.46,11.58
2025-09-28 00:00:00,24.136,2.986,25.91,12.96
2025-09-28 12:00:00,25.28,2.385,27.46,10.96
2025-09-29 00:00:00,23.206,2.449,29.28,13.5
2025-09-29 12:00:00,26.267,1.985,28.15,8.42
2025-09-30 00:00:00,25.083,2.572,29.62,10.2
2025-09-30 12:00:00,24.194,2.192,28.67,11.24
2025-10-01 00:00:00,26.44,1.527,26.97,8.66
2025-10-02 12:00:00,9.723,1.329,39.49,3.76
2025-10-03 00:00:00,29.526,2.321,27.15,5.0
2025-10-03 12:00:00,22.92,4.3,26.79,11.0
2025-10-04 00:00:00,24.888,1.864,27.61,9.38
2025-10-04 12:00:00,24.027,3.481,28.44,9.68
2025-10-05 00:00:00,25.035,3.796,26.29,9.6
2025-10-05 12:00:00,24.002,1.551,27.13,9.98
2025-10-06 00:00:00,23.802,1.527,27.92,12.02
2025-10-06 12:00:00,22.428,2.17,29.42,11.78
2025-10-07 00:00:00,24.691,3.046,27.36,9.9
2025-10-07 12:00:00,24.144,3.156,28.44,10.32
2025-10-08 00:00:00,25.034,3.673,27.52,9.14
2025-10-08 12:00:00,26.663,3.256,28.29,7.82
2025-10-09 00:00:00,26.166,3.779,26.24,7.54
2025-10-09 12:00:00,27.255,2.228,28.78,7.56
2025-10-10 00:00:00,25.232,2.903,28.29,9.38
2025-10-10 12:00:00,24.986,2.629,28.04,9.92
2025-10-11 00:00:00,22.478,2.856,28.26,12.92
2025-10-11 12:00:00,26.904,1.506,27.73,9.28
2025-10-12 00:00:00,23.314,1.763,27.58,15.56
2025-10-12 12:00:00,27.494,1.62,27.02,8.24
2025-10-13 00:00:00,27.298,2.722,26.9,8.62
2025-10-13 12:00:00,26.862,2.352,27.03,9.3
2025-10-14 00:00:00,25.969,1.881,29.73,9.52
2025-10-14 12:00:00,26.658,1.33,28.15,7.88
2025-10-15 00:00:00,26.515,1.602,27.44,10.2
2025-10-15 12:00:00,27.559,1.072,27.65,9.46
2025-10-16 00:00:00,24.78,1.254,27.88,12.38
2025-10-16 12:00:00,25.771,1.338,27.19,10.44
2025-10-17 00:00:00,26.268,1.401,26.74,11.02
2025-10-17 12:00:00,24.879,1.49,27.83,12.9
2025-10-18 00:00:00,26.267,1.266,27.46,10.42
2025-10-18 12:00:00,27.161,1.325,27.57,9.98
2025-10-19 00:00:00,26.168,1.112,26.93,10.6
2025-10-19 12:00:00,18.436,1.652,29.2,17.58
2025-10-20 00:00:00,25.771,1.295,26.99,12.68
2025-10-20 12:00:00,25.722,1.7,27.62,12.4
2025-10-21 00:00:00,28.557,1.588,28.58,7.94
2025-10-21 12:00:00,26.558,1.723,27.14,9.92
2025-10-22 00:00:00,26.965,1.646,26.11,8.9
2025-10-22 12:00:00,27.164,1.707,28.32,8.56
2025-10-23 00:00:00,27.462,1.591,29.71,8.24
2025-10-23 12:00:00,23.184,1.668,25.73,16.74
2025-10-24 00:00:00,27.159,1.747,27.74,9.98
2025-10-24 12:00:00,28.656,1.106,28.27,7.42
2025-10-25 00:00:00,27.067,1.696,28.99,9.42
2025-10-25 12:00:00,28.466,1.665,27.64,8.04
2025-10-26 00:00:00,28.661,1.895,27.55,8.58
2025-10-26 12:00:00,27.916,1.629,26.57,9.98
2025-10-27 00:00:00,27.164,1.69,28.05,9.76
2025-10-27 12:00:00,26.069,1.441,27.89,8.86
2025-10-28 00:00:00,23.482,1.573,27.65,14.14
2025-10-28 12:00:00,26.766,1.745,27.52,9.6
2025-10-29 00:00:00,26.366,1.59,28.49,9.8
2025-10-29 12:00:00,26.267,1.455,27.64,10.22
2025-10-30 00:00:00,26.766,1.645,28.11,9.52
2025-10-30 12:00:00,26.812,1.667,26.47,9.34
2025-10-31 00:00:00,26.666,1.483,27.74,9.62
2025-10-31 12:00:00,29.309,1.199,25.22,6.26
2025-11-01 00:00:00,26.968,1.694,28.0,9.26
2025-11-01 12:00:00,28.457,1.634,29.84,6.62
2025-11-02 00:00:00,27.86,2.376,27.11,8.0
2025-11-02 12:00:00,26.817,2.067,27.2,9.9
2025-11-03 00:00:00,27.567,1.594,27.59,8.88
2025-11-03 12:00:00,24.228,1.609,27.48,15.3
2025-11-04 00:00:00,24.228,1.498,26.3,12.4
2025-11-04 12:00:00,25.373,1.677,26.53,13.4
2025-11-05 00:00:00,26.741,1.659,27.61,10.86
2025-11-05 12:00:00,24.132,1.938,28.14,12.84
2025-11-06 00:00:00,26.865,1.503,26.53,11.48
2025-11-06 12:00:00,23.482,1.664,27.2,12.68
2025-11-07 00:00:00,24.125,1.638,27.37,12.1
2025-11-07 12:00:00,25.671,2.095,28.0,9.3
2025-11-08 00:00:00,24.676,1.894,28.39,9.62
2025-11-08 12:00:00,25.572,1.393,29.17,11.28
2025-11-09 00:00:00,26.169,1.086,29.1,10.06
2025-11-09 12:00:00,25.771,0.838,28.72,7.28
2025-11-10 00:00:00,25.87,0.849,29.98,7.82
2025-11-10 12:00:00,25.368,0.812,29.94,10.68
2025-11-11 00:00:00,26.368,0.737,29.9,8.9
2025-11-11 12:00:00,23.572,0.807,28.65,11.84
2025-11-12 00:00:00,25.074,1.077,28.54,12.44
2025-11-12 12:00:00,25.472,1.553,26.58,10.82
2025-11-13 00:00:00,25.174,1.727,28.94,11.82
2025-11-13 12:00:00,25.97,2.295,27.23,9.78
2025-11-14 00:00:00,25.87,1.99,28.91,12.08
2025-11-14 12:00:00,28.756,1.719,26.14,7.08
2025-11-15 00:00:00,26.218,2.621,28.54,10.36
2025-11-15 12:00:00,27.114,1.868,27.32,8.02
2025-11-16 00:00:00,27.263,2.01,28.31,8.98
2025-11-16 12:00:00,26.069,2.137,23.88,10.7
2025-11-17 00:00:00,26.069,3.084,27.11,10.04
2025-11-17 12:00:00,25.174,4.594,23.15,9.54
2025-11-18 00:00:00,24.78,3.638,25.22,9.62
2025-11-20 00:00:00,26.267,4.023,27.26,9.16
2025-11-20 12:00:00,24.78,3.492,27.54,9.88
2025-11-21 00:00:00,26.467,1.639,26.77,10.58
2025-11-21 12:00:00,25.523,1.673,27.75,11.88
2025-11-22 00:00:00,28.15,1.204,28.7,7.52
2025-11-22 12:00:00,26.267,1.478,28.71,9.76
2025-11-23 00:00:00,23.937,1.605,27.43,13.36
2025-11-23 12:00:00,25.373,1.33,28.31,13.26
2025-11-24 00:00:00,26.865,1.926,22.45,9.7
2025-11-24 12:00:00,24.691,1.546,27.89,12.74
2025-11-25 00:00:00,26.268,1.555,26.6,15.96
2025-11-25 12:00:00,26.218,1.521,27.25,9.72
2025-11-26 00:00:00,28.756,1.374,29.92,5.48
2025-11-26 12:00:00,28.656,1.121,27.18,6.22
2025-11-27 00:00:00,29.054,1.103,30.21,5.86
2025-11-27 12:00:00,28.051,1.313,27.24,8.5
2025-11-28 00:00:00,24.582,1.136,26.78,13.88
2025-11-28 12:00:00,25.671,1.032,27.31,12.06
2025-11-29 00:00:00,26.019,1.202,27.91,10.74
2025-11-29 12:00:00,26.415,1.148,27.27,10.18
2025-11-30 00:00:00,23.789,1.289,28.5,13.5
2025-11-30 12:00:00,23.293,1.206,27.76,12.3
2025-12-01 00:00:00,25.231,1.471,28.31,12.68
2025-12-01 12:00:00,22.996,1.501,25.5,19.0
2025-12-02 00:00:00,24.875,1.487,28.79,12.34
2025-12-02 12:00:00,27.164,1.04,28.07,8.52
2025-12-03 00:00:00,25.373,0.868,27.95,13.1
2025-12-03 12:00:00,27.313,0.857,27.78,8.94
2025-12-04 00:00:00,24.681,0.942,26.08,14.18
2025-12-04 12:00:00,25.074,0.919,27.61,12.96
2025-12-05 00:00:00,29.651,0.81,27.91,5.38
2025-12-05 12:00:00,28.596,1.099,28.62,6.76
2025-12-06 00:00:00,28.258,1.097,29.33,7.3
2025-12-06 12:00:00,27.41,1.532,27.55,8.68
2025-12-07 00:00:00,27.263,1.549,27.01,8.86
2025-12-07 12:00:00,25.621,2.415,27.03,12.44
2025-12-08 00:00:00,25.97,2.559,26.73,10.26
2025-12-08 12:00:00,23.457,2.112,28.03,12.5
2025-12-09 00:00:00,27.86,1.858,28.51,7.12
2025-12-09 12:00:00,26.766,2.656,27.1,11.18
2025-12-10 00:00:00,28.066,1.532,27.87,8.38
2025-12-10 12:00:00,25.922,1.358,26.88,11.6
2025-12-11 00:00:00,25.276,1.057,28.21,9.18
2025-12-11 12:00:00,24.378,1.438,27.93,10.94
2025-12-12 00:00:00,27.567,1.533,28.42,8.88
2025-12-12 12:00:00,28.96,1.677,27.85,7.44
2025-12-13 00:00:00,28.955,1.936,28.2,6.2
2025-12-13 12:00:00,30.033,1.548,28.93,6.04
2025-12-14 00:00:00,25.35,3.103,27.29,9.94
2025-12-14 12:00:00,27.817,1.354,29.07,6.6
2025-12-15 00:00:00,23.739,1.63,28.64,11.56
2025-12-15 12:00:00,25.472,2.002,27.34,9.9
2025-12-16 00:00:00,26.268,2.097,28.76,7.38
2025-12-16 12:00:00,26.862,2.721,27.2,7.7
2025-12-17 00:00:00,25.969,2.331,27.99,11.36
2025-12-17 12:00:00,28.8,2.541,27.2,6.68
2025-12-18 00:00:00,27.357,2.271,27.37,10.88
2025-12-18 12:00:00,28.15,2.34,26.59,8.34
2025-12-19 00:00:00,24.87,3.066,26.34,12.56
2025-12-19 12:00:00,24.532,2.872,26.79,11.92
2025-12-20 00:00:00,25.472,2.745,25.96,13.44
2025-12-20 12:00:00,26.168,2.454,26.86,10.74
2025-12-21 00:00:00,27.96,2.349,27.82,8.0
2025-12-21 12:00:00,24.825,2.374,25.34,13.72
2025-12-22 00:00:00,26.267,2.145,27.33,8.96
2025-12-22 12:00:00,27.357,1.887,27.51,9.24
2025-12-23 00:00:00,26.267,2.587,27.0,10.42
2025-12-23 12:00:00,22.871,3.034,26.26,14.26
2025-12-24 00:00:00,25.527,2.573,26.25,11.9
2025-12-24 12:00:00,23.491,3.27,25.63,14.96
2025-12-25 00:00:00,26.49,2.327,26.63,11.1
2025-12-25 12:00:00,25.109,2.552,26.98,13.06
2025-12-26 00:00:00,26.961,2.641,27.12,9.62
2025-12-26 12:00:00,21.937,1.544,29.5,10.96
2025-12-27 00:00:00,19.379,1.418,32.34,12.62
2025-12-27 12:00:00,22.302,1.588,27.76,13.94
2025-12-28 00:00:00,22.811,1.477,26.91,14.7
2025-12-28 12:00:00,23.669,1.633,27.36,13.12
2025-12-29 00:00:00,26.615,1.278,28.45,9.0
2025-12-29 12:00:00,29.651,0.729,29.31,4.92
2025-12-30 00:00:00,27.462,1.376,29.21,7.92
2025-12-30 12:00:00,27.86,1.968,28.21,6.72
2025-12-31 00:00:00,26.985,2.922,28.42,7.36
2025-12-31 12:00:00,27.258,3.019,27.91,7.84
2026-01-01 00:00:00,23.644,2.286,28.54,11.28
2026-01-01 12:00:00,22.861,1.865,27.63,11.7
2026-01-02 00:00:00,25.474,2.146,28.49,11.32
2026-01-02 12:00:00,26.023,2.007,26.25,10.44
2026-01-03 00:00:00,24.328,2.184,28.7,12.54
2026-01-03 12:00:00,21.887,2.573,27.1,13.16
2026-01-04 00:00:00,23.206,2.086,28.83,10.92
2026-01-04 12:00:00,25.724,1.841,27.11,9.58
2026-01-05 00:00:00,24.589,2.418,29.1,10.44
2026-01-05 12:00:00,26.855,2.878,27.65,7.92
2026-01-06 00:00:00,24.396,3.089,27.26,11.42
2026-01-06 12:00:00,24.549,2.88,28.0,10.52
2026-01-07 00:00:00,26.36,2.484,29.24,8.88
2026-01-09 00:00:00,21.899,0.817,31.8,4.94
2026-01-09 12:00:00,26.166,1.355,28.01,8.06
2026-01-10 00:00:00,26.798,1.241,27.93,8.48
2026-01-10 12:00:00,27.333,1.292,28.85,9.04
2026-01-11 00:00:00,26.946,1.363,28.01,8.62
2026-01-11 12:00:00,25.873,1.35,28.97,10.24
2026-01-12 00:00:00,26.165,1.618,25.97,14.76
2026-01-12 12:00:00,25.969,1.882,27.53,12.44
2026-01-13 00:00:00,24.903,1.665,27.06,12.14
2026-01-13 12:00:00,26.312,1.567,28.42,10.74
2026-01-14 00:00:00,27.81,2.466,28.59,8.56
2026-01-14 12:00:00,26.749,1.857,28.38,8.44
2026-01-15 00:00:00,24.415,1.574,31.32,7.56
2026-01-15 12:00:00,27.333,1.438,31.17,6.68
2026-01-16 00:00:00,24.328,2.889,26.92,15.2
2026-01-16 12:00:00,28.198,1.447,28.63,8.02
2026-01-17 00:00:00,25.144,1.877,29.25,11.0
2026-01-17 12:00:00,29.106,0.942,28.13,7.22
2026-01-18 00:00:00,27.434,1.449,28.55,8.64
2026-01-18 12:00:00,25.481,1.077,30.35,6.96
2026-01-19 00:00:00,24.896,1.119,31.06,10.94
2026-01-19 12:00:00,28.166,0.608,28.03,6.6
2026-01-20 00:00:00,25.28,0.678,31.16,8.24
2026-01-20 12:00:00,26.658,0.607,29.63,8.16
2026-01-21 12:00:00,24.01,0.681,29.78,7.9
2026-01-22 00:00:00,23.314,0.892,30.32,9.78
2026-01-22 12:00:00,25.578,0.73,31.87,6.12
2026-01-23 00:00:00,25.183,0.889,30.0,10.82
2026-01-23 12:00:00,29.314,0.418,30.3,5.0
2026-01-24 00:00:00,24.002,0.741,28.55,12.8
2026-01-24 12:00:00,19.477,1.03,29.87,14.02
2026-01-25 00:00:00,28.224,0.676,29.06,7.28
2026-01-25 12:00:00,26.524,1.121,29.07,9.2
2026-01-26 00:00:00,26.474,1.109,27.03,12.14
2026-01-26 12:00:00,24.662,1.349,27.55,13.66
2026-01-27 00:00:00,25.766,1.186,27.79,10.38
2026-01-27 12:00:00,24.83,1.278,28.59,11.38
2026-01-28 00:00:00,23.384,1.05,27.91,14.7
2026-01-28 12:00:00,24.551,1.075,27.5,13.2
2026-01-29 00:00:00,24.094,1.211,27.75,14.16
2026-01-29 12:00:00,24.841,0.981,28.52,12.84
2026-01-30 00:00:00,26.071,1.247,26.37,13.76
2026-01-30 12:00:00,26.792,1.298,28.35,11.1
2026-01-31 00:00:00,24.739,1.569,26.78,15.58
2026-01-31 12:00:00,27.707,1.109,29.15,9.54
2026-02-01 00:00:00,25.868,1.185,27.44,12.06
2026-02-01 12:00:00,25.868,1.281,28.24,12.54
2026-02-02 00:00:00,26.997,1.299,28.13,9.64
2026-02-02 12:00:00,26.689,1.345,28.28,10.26
2026-02-03 00:00:00,28.108,1.559,29.62,7.7
2026-02-03 12:00:00,26.022,1.418,27.06,9.52
2026-02-04 00:00:00,24.431,1.194,28.14,12.72
2026-02-04 12:00:00,24.435,1.283,26.93,13.04
2026-02-05 00:00:00,25.357,1.256,28.25,11.7
2026-02-05 12:00:00,26.484,1.287,28.99,8.7
2026-02-06 00:00:00,25.97,1.64,28.74,9.18
2026-02-06 12:00:00,25.868,1.506,26.93,10.58
2026-02-07 00:00:00,24.431,1.615,25.93,15.02
2026-02-07 12:00:00,24.58,1.734,26.37,14.28
2026-02-08 00:00:00,26.176,1.255,27.86,10.86
2026-02-08 12:00:00,23.866,1.303,27.82,13.58
2026-02-09 00:00:00,27.202,1.02,28.85,8.98
2026-02-09 12:00:00,22.583,1.239,27.17,16.2
2026-02-10 00:00:00,26.278,1.085,27.73,10.68
2026-02-10 12:00:00,24.844,0.986,27.71,13.14
2026-02-11 00:00:00,25.42,1.39,25.56,12.48
2026-02-11 12:00:00,23.871,1.856,26.19,15.52
2026-02-12 00:00:00,22.972,1.913,27.29,14.32
2026-02-12 12:00:00,25.27,1.763,27.28,12.2
2026-02-13 00:00:00,23.821,1.788,24.92,15.44
2026-02-13 12:00:00,24.97,1.817,26.74,13.5
2026-02-14 00:00:00,27.517,1.861,28.12,8.2
2026-02-14 12:00:00,23.162,1.883,27.53,16.6
2026-02-15 00:00:00,22.561,1.209,25.4,19.22
2026-02-15 12:00:00,26.672,2.18,27.88,9.96
2026-02-16 00:00:00,23.664,2.598,26.14,14.54
2026-02-16 12:00:00,26.271,2.16,27.58,9.48
2026-02-17 00:00:00,24.466,2.073,27.65,11.2
2026-02-17 12:00:00,26.468,2.012,27.88,9.48
2026-02-18 00:00:00,24.82,1.862,27.36,12.6
2026-02-18 12:00:00,23.162,2.068,28.35,13.76
2026-02-19 00:00:00,24.967,1.911,27.58,12.1
2026-02-19 12:00:00,23.965,2.302,27.44,12.8
2026-02-20 00:00:00,25.569,3.135,26.67,11.8
2026-02-20 12:00:00,27.167,2.262,26.77,9.72
2026-02-21 00:00:00,24.867,2.71,26.25,14.5
2026-02-21 12:00:00,24.616,2.199,26.55,12.7
2026-02-22 00:00:00,24.165,2.406,27.21,14.56
2026-02-22 12:00:00,24.115,2.09,26.04,13.34
2026-02-23 00:00:00,23.965,2.812,25.35,12.96
2026-02-23 12:00:00,22.561,3.588,25.27,14.7
2026-02-24 00:00:00,23.062,2.422,26.81,14.32
2026-02-24 12:00:00,24.814,2.536,27.62,11.14
2026-02-25 00:00:00,27.167,1.76,28.35,9.04
2026-02-25 12:00:00,23.563,2.129,27.03,14.06
2026-02-26 00:00:00,27.367,1.558,28.7,9.34
2026-02-26 12:00:00,25.469,1.409,28.28,10.76
2026-02-27 00:00:00,22.273,1.843,26.67,16.74
2026-02-27 12:00:00,24.917,1.934,27.18,12.82
2026-02-28 00:00:00,23.965,1.402,26.66,13.7
2026-02-28 12:00:00,24.521,1.83,27.41,13.44
2026-03-01 00:00:00,22.873,1.388,28.54,14.7
2026-03-01 12:00:00,23.709,2.2,26.79,13.84
2026-03-02 00:00:00,24.06,1.957,27.84,12.7
2026-03-02 12:00:00,23.087,1.947,27.47,14.66
2026-03-03 00:00:00,22.318,1.685,25.89,16.84
2026-03-03 12:00:00,24.713,1.911,28.15,10.78
2026-03-04 00:00:00,24.466,2.875,27.43,11.52
2026-03-04 12:00:00,26.07,2.526,28.22,9.9
2026-03-05 00:00:00,24.566,2.652,27.48,11.96
2026-03-05 12:00:00,26.622,1.655,27.62,9.94
2026-03-06 00:00:00,25.595,2.116,28.97,10.54
2026-03-06 12:00:00,23.919,2.318,27.48,12.7
2026-03-07 00:00:00,24.767,2.345,27.75,12.12
2026-03-07 12:00:00,23.263,1.293,27.52,14.12
2026-03-08 00:00:00,25.846,1.596,26.79,12.38
2026-03-08 12:00:00,26.421,1.559,26.25,10.6
2026-03-09 00:00:00,25.068,1.207,27.71,11.56
2026-03-09 12:00:00,25.068,1.098,28.03,10.32
2026-03-10 00:00:00,25.769,1.297,27.85,9.7
2026-03-10 12:00:00,24.767,1.142,27.1,11.1
2026-03-11 00:00:00,23.062,1.18,28.03,13.52
2026-03-11 12:00:00,25.57,1.165,27.97,10.2
2026-03-12 00:00:00,25.42,1.28,27.83,10.96
2026-03-12 12:00:00,26.471,1.201,27.96,8.56
2026-03-13 00:00:00,26.973,1.149,28.5,10.48
2026-03-13 12:00:00,26.668,1.184,27.28,9.06
2026-03-14 00:00:00,28.166,1.102,29.22,6.64
2026-03-14 12:00:00,25.619,1.134,27.52,11.18
2026-03-15 00:00:00,24.77,1.07,26.26,13.18
2026-03-15 12:00:00,27.117,1.276,28.05,9.54
2026-03-16 00:00:00,26.069,1.335,28.26,9.8
2026-03-16 12:00:00,26.267,1.277,28.01,11.98
2026-03-17 00:00:00,25.174,1.818,27.6,12.42
2026-03-17 12:00:00,24.577,2.142,27.64,12.44
2026-03-18 00:00:00,28.711,1.391,26.96,6.36
2026-03-19 00:00:00,24.776,1.805,24.73,12.76
2026-03-19 12:00:00,28.266,1.239,28.44,7.24
2026-03-20 00:00:00,29.253,1.269,29.03,6.76
2026-03-20 12:00:00,29.253,1.841,28.49,6.04
2026-03-21 00:00:00,26.169,2.434,27.69,10.18
2026-03-21 12:00:00,26.666,2.455,28.18,9.4
2026-03-22 00:00:00,21.948,1.593,27.96,14.12
2026-03-22 12:00:00,24.378,1.835,27.24,12.32
2026-03-23 00:00:00,27.213,2.023,28.65,8.64
2026-03-23 12:00:00,25.276,1.948,27.51,10.56
2026-03-24 00:00:00,26.961,2.322,27.95,10.44
2026-03-24 12:00:00,24.631,2.522,28.94,9.2
2026-03-25 00:00:00,23.582,2.309,27.7,10.86
2026-03-25 12:00:00,23.293,1.359,30.02,6.94
2026-03-26 00:00:00,25.077,1.82,27.3,10.34
2026-03-26 12:00:00,26.812,1.507,27.23,7.5
2026-03-27 00:00:00,26.666,1.525,29.69,8.02
2026-03-27 12:00:00,26.466,1.666,27.49,11.4
2026-03-28 00:00:00,25.472,2.356,28.09,14.2
2026-03-28 12:00:00,24.331,2.939,26.9,12.86
2026-03-29 00:00:00,25.87,1.952,28.07,10.96
2026-03-29 12:00:00,24.776,2.086,28.56,11.1
2026-03-30 00:00:00,27.258,1.217,29.2,9.02
2026-03-30 12:00:00,24.427,1.579,29.3,9.86
2026-03-31 00:00:00,26.267,0.948,29.27,8.8
2026-03-31 12:00:00,23.446,1.005,28.92,11.64
2026-04-01 00:00:00,23.333,1.052,28.58,13.1
2026-04-01 12:00:00,23.194,0.786,29.48,11.32
2026-04-02 00:00:00,24.378,1.146,27.05,10.84
2026-04-02 12:00:00,21.707,1.132,29.56,11.98
2026-04-03 00:00:00,26.169,1.676,25.22,10.86
2026-04-03 12:00:00,23.764,1.36,27.81,13.1
2026-04-04 00:00:00,25.769,1.059,27.51,11.12
2026-04-04 12:00:00,23.422,0.997,26.63,15.96
2026-04-05 00:00:00,25.37,1.04,26.89,12.7
2026-04-05 12:00:00,27.567,0.979,28.58,8.7
2026-04-06 00:00:00,26.618,0.849,28.11,9.92
2026-04-06 12:00:00,27.167,0.918,28.19,9.68
2026-04-07 00:00:00,25.669,0.885,28.41,10.16
2026-04-07 12:00:00,27.267,0.861,27.73,9.72
2026-04-08 00:00:00,26.268,0.807,28.79,8.94
2026-04-08 12:00:00,24.071,1.363,25.78,14.22
2026-04-09 00:00:00,25.572,1.11,28.63,9.62
2026-04-09 12:00:00,26.666,1.589,29.64,7.2
2026-04-10 00:00:00,16.68,2.389,30.04,13.18
2026-04-10 12:00:00,24.77,1.446,28.18,10.26
2026-04-11 00:00:00,22.473,1.555,27.57,15.36
2026-04-11 12:00:00,24.717,1.384,28.23,12.18
2026-04-12 00:00:00,24.086,1.07,27.18,12.2
2026-04-12 12:00:00,25.07,0.991,27.63,11.78
2026-04-13 00:00:00,23.372,1.125,25.78,15.9
2026-04-13 12:00:00,26.069,0.897,28.66,10.44
2026-04-14 00:00:00,23.062,1.032,27.59,16.4
2026-04-14 12:00:00,24.169,1.05,30.26,7.52
2026-04-15 00:00:00,26.868,1.033,28.94,9.02
2026-04-15 12:00:00,26.371,0.842,29.37,8.32
2026-04-16 00:00:00,26.368,0.971,28.17,9.66
2026-04-16 12:00:00,21.274,1.167,29.16,12.82
2026-04-17 00:00:00,24.57,1.223,30.11,11.24
2026-04-17 12:00:00,25.024,1.152,27.79,12.38
2026-04-18 00:00:00,24.776,0.95,26.88,11.32
2026-04-18 12:00:00,24.477,0.919,29.7,9.88
2026-04-19 00:00:00,25.469,1.347,26.66,9.9
2026-04-19 12:00:00,25.919,1.48,27.24,11.88
2026-04-20 00:00:00,24.57,1.062,29.06,10.42
2026-04-20 12:00:00,23.771,0.891,28.53,11.94
2026-04-21 00:00:00,24.97,0.916,28.31,11.16
2026-04-21 12:00:00,23.771,1.093,27.89,12.8
2026-04-22 00:00:00,24.776,1.19,27.88,11.88
2026-04-22 12:00:00,24.366,0.828,27.39,11.8
2026-04-23 00:00:00,26.872,0.881,29.71,8.14
2026-04-23 12:00:00,26.572,0.664,28.64,8.76
2026-04-24 00:00:00,25.12,0.879,29.6,10.14
2026-04-24 12:00:00,24.171,1.273,27.97,10.92
2026-04-25 00:00:00,23.162,1.093,28.55,12.88
2026-04-25 12:00:00,24.77,0.938,28.85,12.2
2026-04-26 00:00:00,25.168,1.394,27.67,11.0
2026-04-26 12:00:00,26.768,1.427,29.28,9.56
2026-04-27 00:00:00,25.37,1.465,27.47,11.7
2026-04-27 12:00:00,25.17,1.034,26.77,13.4
2026-04-28 00:00:00,26.868,1.286,28.41,9.72
2026-04-28 12:00:00,24.171,1.26,27.03,14.84
2026-04-29 00:00:00,25.37,1.342,28.37,11.44
2026-04-29 12:00:00,26.021,1.065,28.82,11.24
2026-04-30 00:00:00,24.77,1.293,28.23,11.92
2026-04-30 12:00:00,26.17,1.139,28.22,11.14
2026-05-01 00:00:00,28.756,0.857,29.34,5.36
2026-05-01 12:00:00,25.569,1.434,27.99,11.18
2026-05-02 00:00:00,26.668,1.438,28.32,10.36
2026-05-02 12:00:00,22.686,1.553,27.46,15.58
2026-05-03 00:00:00,23.781,1.741,27.55,13.72
2026-05-03 12:00:00,25.572,3.325,26.79,10.06
2026-05-04 00:00:00,24.676,2.882,26.63,12.6
2026-05-04 12:00:00,25.27,3.157,27.22,10.62
2026-05-05 00:00:00,24.72,2.969,26.74,11.9
2026-05-05 12:00:00,24.165,3.116,26.65,13.5
2026-05-06 00:00:00,27.431,2.78,28.41,8.08
2026-05-06 12:00:00,24.967,2.757,27.43,11.08
2026-05-07 00:00:00,26.772,1.149,27.2,9.72
2026-05-08 00:00:00,24.406,1.54,27.78,11.12
2026-05-08 12:00:00,27.646,1.854,27.4,8.86
2026-05-09 00:00:00,26.913,1.659,28.09,9.32
2026-05-09 12:00:00,27.757,1.502,28.09,8.1
2026-05-10 00:00:00,22.515,1.243,27.1,17.2
2026-05-10 12:00:00,23.05,0.94,27.06,14.24
2026-05-11 00:00:00,25.423,1.278,26.96,14.26
2026-05-11 12:00:00,23.867,0.96,28.14,12.48
2026-05-12 00:00:00,23.762,1.094,27.6,13.88
2026-05-12 12:00:00,25.023,1.108,26.99,11.08
2026-05-13 00:00:00,25.761,1.279,28.71,11.02
2026-05-13 12:00:00,25.128,0.932,27.8,10.08
2026-05-14 00:00:00,27.021,1.265,28.92,9.38
2026-05-14 12:00:00,25.023,1.19,26.62,12.12
2026-05-15 00:00:00,26.022,1.261,27.69,11.64
2026-05-15 12:00:00,25.769,0.827,28.45,9.9
2026-05-16 00:00:00,25.654,0.85,28.86,11.78
2026-05-16 12:00:00,28.339,0.898,28.08,8.3
2026-05-17 00:00:00,26.39,0.799,29.39,10.82
2026-05-17 12:00:00,24.392,1.179,26.03,16.3
2026-05-18 00:00:00,26.232,0.997,26.0,13.58
2026-05-18 12:00:00,25.496,1.259,27.16,14.1
2026-05-19 00:00:00,24.609,0.841,25.52,17.42
2026-05-19 12:00:00,19.871,1.043,24.35,23.68
2026-05-20 00:00:00,22.811,0.941,24.89,18.52
2026-05-20 12:00:00,25.527,0.619,27.13,14.8
2026-05-21 00:00:00,24.582,0.629,27.91,13.02
2026-05-21 12:00:00,23.491,0.941,27.89,13.62
2026-05-22 00:00:00,25.522,0.747,27.89,10.72
2026-05-22 12:00:00,24.984,1.031,28.9,12.66
2026-05-23 00:00:00,24.384,1.228,25.07,14.74
2026-05-23 12:00:00,25.373,1.073,28.13,10.82
2026-05-24 00:00:00,24.577,1.062,28.39,12.94
2026-05-24 12:00:00,27.064,0.957,27.25,10.5
2026-05-25 00:00:00,25.97,1.203,27.52,10.36
2026-05-25 12:00:00,24.728,0.968,27.75,10.84
2026-05-26 00:00:00,26.467,1.031,28.25,10.72
2026-05-26 12:00:00,25.375,0.865,27.71,11.82
2026-05-27 00:00:00,21.707,0.887,29.66,13.76
2026-05-27 12:00:00,22.189,1.168,26.42,16.3
2026-05-28 00:00:00,24.975,1.233,27.48,13.74
