instance,ts,n1fe,n2cu,n3zn,n4mo,n6sc,pFe,pCu,pZn,pMo,pIns,pSol,instance_duplicada,leyes_sospechosas,motivo_sospecha
1625503813,2021-07-05 12:02:23,46537,47247,190,2408,1266,,,,,,,False,,
1625675596,2021-07-07 11:35:33,49554,47481,240,2435,1233,,,,,,,False,,
1626106980,2021-07-12 11:25:17,42725,40545,191,3068,1279,,,,,,,False,,
1626279335,2021-07-14 11:17:51,45294,45594,171,2775,1273,,,,,,,False,,
1626450270,2021-07-16 11:02:24,42266,44245,245,4316,1289,,,,,,,False,,
1626709514,2021-07-19 11:12:21,45112,46802,297,4952,1253,,,,,,,False,,
1627124837,2021-07-24 06:18:01,47912,48016,217,2636,1240,,,,,,,False,,
1627315402,2021-07-26 11:09:46,43027,44648,207,2679,1299,,,,,,,False,,
1627488787,2021-07-28 11:15:41,42361,43141,202,3393,1293,,,,,,,False,,
1627921269,2021-08-02 11:26:38,39863,38542,252,1978,1315,,,,,,,False,,
1628264025,2021-08-06 10:46:03,42434,41506,180,2589,1295,,,,,,,False,,
1628521803,2021-08-09 10:27:04,45949,46063,199,2395,1274,,,,,,,False,,
1628700139,2021-08-11 11:56:45,41885,43488,221,3612,1304,,,,,,,False,,
1628869648,2021-08-13 10:49:46,43967,46213,174,3781,1307,,,,,,,False,,
1629302508,2021-08-18 11:15:53,41149,43717,185,5096,1325,,,,,,,False,,
1629737995,2021-08-23 12:07:18,36967,43574,222,4470,1432,,,,,,,False,,
1629911212,2021-08-25 12:20:09,37538,42251,192,4099,1369,,,,,,,False,,
1630080760,2021-08-27 11:22:32,38913,42582,168,3698,1366,,,,,,,False,,
1630344035,2021-08-30 12:31:54,42417,43231,184,2795,1325,,,,,,,False,,
1630516318,2021-09-01 12:16:44,40772,43357,151,5344,1330,,,,,,,False,,
1630699205,2021-09-03 15:11:22,36507,39563,160,8030,1355,,,,,,,False,,
1630941599,2021-09-06 10:28:57,41736,44752,217,4028,1338,,,,,,,False,,
1631286990,2021-09-10 10:25:12,41771,42266,216,5537,1294,,,,,,,False,,
1631546788,2021-09-13 10:35:05,45240,47227,191,3907,1314,,,,,,,False,,
1631717532,2021-09-15 09:55:49,44136,45277,244,5498,1290,,,,,,,False,,
1631895326,2021-09-17 11:25:11,40726,42645,302,5154,1347,,,,,,,False,,
1632154016,2021-09-20 11:16:20,41066,42736,155,4511,1316,,,,,,,False,,
1632327159,2021-09-22 11:36:34,43495,47023,153,2859,1344,,,,,,,False,,
1632757871,2021-09-27 11:15:13,37145,42072,173,2058,1445,,,,,,,False,,
1632929867,2021-09-29 10:56:08,40732,38854,271,2622,1344,,,,,,,False,,
1633100306,2021-10-01 10:04:02,42223,41716,200,2777,1339,,,,,,,False,,
1633360951,2021-10-04 10:40:10,40105,43043,321,3129,1383,,,,,,,False,,
1633534116,2021-10-06 10:47:40,42569,44467,238,4520,1333,,,,,,,False,,
1633711148,2021-10-08 11:41:34,44289,42738,199,2615,1310,,,,,,,False,,
1633969202,2021-10-11 11:23:15,44824,43833,196,2823,1292,,,,,,,False,,
1634141504,2021-10-13 11:20:31,40347,43561,185,2231,1402,,,,,,,False,,
1634682043,2021-10-19 17:37:05,43418,42512,171,2002,1322,,,,,,,False,,
1634831070,2021-10-21 11:02:52,36561,36444,178,2423,1386,,,,,,,False,,
1635007363,2021-10-23 11:57:39,42728,41250,172,1995,1320,,,,,,,False,,
1635176880,2021-10-25 11:10:41,40732,39696,185,3524,1319,,,,,,,False,,
1635346634,2021-10-27 10:22:56,39738,40383,173,5782,1324,,,,,,,False,,
1635521643,2021-10-29 10:42:03,39845,38479,194,6732,1314,,,,,,,False,,
1635787172,2021-11-01 12:21:57,37960,39292,195,4914,1346,,,,,,,False,,
1635959100,2021-11-03 12:07:18,42472,41746,170,5747,1295,,,,,,,False,,
1636133281,2021-11-05 12:30:33,40818,41174,180,2334,1375,,,,,,,False,,
1636383795,2021-11-08 10:10:25,35030,33975,182,2212,1436,,,,,,,False,,
1637612015,2021-11-22 15:15:52,41812,46912,262,10225,1323,,,,,,,False,,
1638552490,2021-12-03 12:32:37,42087,46628,149,5473,1312,,,,,,,False,,
1639066931,2021-12-09 11:25:17,34461,37957,137,3545,1451,,,,,,,False,,
1639410710,2021-12-13 10:55:21,44357,41266,245,4670,1274,,,,,,,False,,
1639757144,2021-12-17 11:10:25,42024,40559,198,5224,1303,,,,,,,False,,
1640019991,2021-12-20 12:09:14,44705,44570,273,3803,1292,,,,,,,False,,
1640364307,2021-12-24 11:57:44,42854,42524,287,2933,1311,,,,,,,False,,
1640619333,2021-12-27 10:41:08,41183,42848,152,4331,1334,,,,,,,False,,
1640965276,2021-12-31 10:57:56,39868,40106,233,3076,1355,,,,,,,False,,
1641225125,2022-01-03 10:57:40,40115,39139,308,5420,1315,,,,,,,False,,
1641829198,2022-01-10 10:45:55,41883,40094,290,2247,1327,,,,,,,False,,
1642002753,2022-01-12 11:09:09,38642,37540,235,3607,1371,,,,,,,False,,
1642437307,2022-01-17 11:39:55,41147,43774,241,5593,1343,,,,,,,False,,
1642603823,2022-01-19 10:05:07,40944,42038,190,3989,1318,,,,,,,False,,
1643400857,2022-01-28 15:28:51,33842,40223,152,6582,1421,,,,,,,False,,
1643643357,2022-01-31 10:38:14,39062,41851,128,3639,1338,,,,,,,False,,
1644446636,2022-02-09 17:56:47,36026,43609,155,6225,1415,,,,,,,False,,
1644593593,2022-02-11 10:45:10,39940,41715,170,2622,1372,,,,,,,False,,
1644858443,2022-02-14 12:13:47,40378,42412,177,2121,1356,,,,,,,False,,
1645464814,2022-02-21 12:36:42,38097,42637,206,3216,1399,,,,,,,False,,
1645807183,2022-02-25 11:42:15,37299,40916,194,3655,1373,,,,,,,False,,
1646086667,2022-02-28 17:22:52,35158,40516,167,4043,1413,,,,,,,False,,
1646236935,2022-03-02 11:07:08,29899,35696,186,6410,1460,,,,,,,False,,
1646666486,2022-03-07 10:28:36,36248,40306,160,2987,1405,,,,,,,False,,
1646842998,2022-03-09 11:40:58,32327,36582,181,1875,1468,,,,,,,False,,
1647293675,2022-03-14 16:39:29,39798,42256,236,3663,1325,,,,,,,False,,
1647618224,2022-03-18 10:46:01,25369,30246,206,3327,1582,,,,,,,False,,
1647878813,2022-03-21 11:11:42,32647,34833,181,7357,1381,,,,,,,False,,
1648054070,2022-03-23 11:51:50,38053,40710,160,5666,1309,,,,,,,False,,
1648222541,2022-03-25 10:44:06,35250,37705,145,4149,1366,,,,,,,False,,
1648481157,2022-03-28 10:28:42,23060,28997,178,6339,1555,,,,,,,False,,
1648481401,2022-03-28 10:32:20,23816,30540,178,6996,1533,,,,,,,False,,
1648484325,2022-03-28 11:23:01,27699,35873,183,5952,1497,,,,,,,False,,
1648654433,2022-03-30 10:50:01,37268,42864,183,4178,1360,,,,,,,False,,
1648843003,2022-04-01 15:01:37,40837,37587,173,4359,1230,,,,,,,False,,
1649085819,2022-04-04 10:25:56,36751,40921,255,5249,1340,,,,,,,False,,
1650319943,2022-04-18 17:22:56,37876,42964,224,6312,1324,,,,,,,False,,
1650472495,2022-04-20 11:43:31,40553,41007,231,3104,1304,,,,,,,False,,
1650648662,2022-04-22 12:33:35,37649,36815,280,2418,1331,,,,,,,False,,
1650901546,2022-04-25 10:58:29,38524,38743,246,3766,1303,,,,,,,False,,
1651076190,2022-04-27 11:20:27,38879,38915,167,3593,1313,,,,,,,False,,
1651248981,2022-04-29 11:19:13,37201,36899,178,3286,1301,,,,,,,False,,
1651508888,2022-05-02 11:39:13,38822,42552,193,2641,1333,,,,,,,False,,
1651734052,2022-05-05 02:04:50,39007,39008,232,4475,1312,,,,,,,False,,
1651847787,2022-05-06 09:51:18,40074,41623,227,3498,1320,,,,,,,False,,
1652288874,2022-05-11 12:20:58,34894,33644,206,2716,1360,,,,,,,False,,
1652711039,2022-05-16 09:35:33,35586,36397,160,2224,1391,,,,,,,False,,
1653666410,2022-05-27 11:02:14,38513,38175,271,2621,1361,,,,,,,False,,
1653926874,2022-05-30 11:15:09,40518,40647,203,5080,1298,,,,,,,False,,
1654532853,2022-06-06 11:47:39,41529,38856,246,1748,1277,,,,,,,False,,
1654707925,2022-06-08 12:24:28,43517,40588,179,2947,1258,,,,,,,False,,
1655161760,2022-06-13 18:14:32,36221,37567,237,1739,1432,,,,,,,False,,
1655306843,2022-06-15 10:38:45,43196,41703,163,1742,1296,,,,,,,False,,
1655499800,2022-06-17 16:17:10,38748,38525,157,2198,1353,,,,,,,False,,
1655741066,2022-06-20 11:17:54,38829,36956,263,1961,1349,,,,,,,False,,
1655911706,2022-06-22 10:35:30,39814,42790,160,2107,1370,,,,,,,False,,
1656085151,2022-06-24 10:46:31,38046,36751,221,1283,1358,,,,,,,False,,
1656346722,2022-06-27 11:34:11,40202,40495,184,1499,1345,,,,,,,False,,
1656513825,2022-06-29 09:46:02,40737,40881,224,1447,1348,,,,,,,False,,
1656964746,2022-07-04 15:10:46,36011,37342,172,3149,1383,,,,,,,False,,
1657293807,2022-07-08 10:29:35,40838,40871,185,2358,1310,,,,,,,False,,
1657737153,2022-07-13 13:37:25,44191,43991,220,1323,1276,,,,,,,False,,
1658162883,2022-07-18 11:59:27,43332,38629,198,2135,1267,,,,,,,False,,
1658334194,2022-07-20 11:35:57,41694,37900,201,1863,1295,,,,,,,False,,
1659376361,2022-08-01 12:56:50,40361,40665,277,2953,1337,,,,,,,False,,
1659736335,2022-08-05 17:04:48,41995,39612,304,2484,1295,,,,,,,False,,
1660165088,2022-08-10 16:00:26,41235,39761,385,1351,1308,,,,,,,False,,
1660318498,2022-08-12 10:38:08,45559,39869,306,1771,1243,,,,,,,False,,
1660584135,2022-08-15 12:24:33,40264,42972,345,1483,1350,,,,,,,False,,
1660776877,2022-08-17 18:01:49,44187,39988,273,1501,1265,,,,,,,False,,
1661786930,2022-08-29 10:34:01,45401,40595,204,2297,1230,,,,,,,False,,
1662137085,2022-09-02 11:50:48,47481,44873,234,1361,1237,,,,,,,False,,
1662500172,2022-09-06 16:42:19,46129,44665,225,2211,1242,,,,,,,False,,
1662584254,2022-09-07 16:00:58,35162,32922,178,2391,1405,,,,,,,False,,
1662998294,2022-09-12 11:15:33,45068,40846,152,3153,1250,,,,,,,False,,
1663346873,2022-09-16 11:51:34,44542,42902,246,1238,1286,,,,,,,False,,
1663791458,2022-09-21 15:25:23,46351,42315,200,1564,1265,,,,,,,False,,
1664209250,2022-09-26 11:25:33,42098,42361,171,1655,1362,,,,,,,False,,
1667084346,2022-09-30 09:44:47,44416,37894,467,1388,1267,,,,,,,False,,
1667093908,2022-10-10 13:25:59,47125,43970,166,2808,1261,,,,,,,False,,
1667096116,2022-10-12 11:51:55,45985,41896,179,2121,1267,,,,,,,False,,
1667098360,2022-10-14 11:06:34,45963,44171,194,1730,1272,,,,,,,False,,
1667101857,2022-10-17 12:22:49,44094,43936,334,1128,1310,,,,,,,False,,
1667106214,2022-10-21 15:54:07,41650,40827,227,2626,1360,,,,,,,False,,
1667109331,2022-10-24 12:46:24,48192,43795,196,2045,1243,,,,,,,False,,
1667115717,2022-10-28 11:50:32,44443,43232,213,2088,1310,,,,,,,False,,
1667247666,2022-10-31 15:30:57,44974,43834,175,2237,1307,,,,,,,False,,
1667421057,2022-11-02 15:32:16,46254,45315,194,2674,1294,,,,,,,False,,
1667577572,2022-11-04 11:01:05,45073,45828,178,3653,1310,,,,,,,False,,
1667835913,2022-11-07 10:46:44,47601,46006,181,3100,1268,,,,,,,False,,
1668620309,2022-11-16 12:44:17,43992,43092,176,1934,1331,,,,,,,False,,
1668793958,2022-11-18 12:56:17,48408,45832,163,2785,1258,,,,,,,False,,
1669218035,2022-11-23 10:46:47,36946,35844,142,3244,1406,,,,,,,False,,
1669646629,2022-11-28 09:49:23,39331,41972,131,2848,1323,,,,,,,False,,
1670272632,2022-12-05 15:38:30,42209,39927,169,1855,1271,31.31,22.19,0.111,0.93,10.56,25.57,False,,
1670432595,2022-12-07 12:08:22,37767,42287,149,2113,1376,29.19,26.77,0.081,1.18,10.0,19.11,False,,
1670600915,2022-12-09 10:52:37,41402,41343,131,1490,1288,31.11,23.491,0.057,0.736,11.16,24.94,False,,
1670863062,2022-12-12 11:46:38,42728,40358,140,1557,1239,,,,,,,False,,
1671031058,2022-12-14 10:21:47,44909,43825,139,1993,1240,29.49,24.331,0.068,1.03,10.1,29.53,False,,
1671470491,2022-12-19 12:31:16,42240,42157,144,1798,1284,30.57,24.726,0.079,0.9,9.06,24.33,False,,
1671639742,2022-12-21 11:33:45,42202,45079,174,1959,1297,28.18,25.92,0.112,1.09,11.78,25.93,False,,
1672073294,2022-12-26 11:53:59,41846,42764,141,2566,1279,27.8,23.97,0.072,1.35,13.16,27.93,False,,
1672239020,2022-12-28 09:56:38,41511,44929,163,2769,1304,26.84,27.01,0.261,1.56,10.52,25.44,False,,
1672678559,2023-01-02 11:57:24,39476,40662,213,2165,1327,30.11,24.48,0.204,1.156,8.68,18.12,False,,
1672847071,2023-01-04 10:54:30,35242,35620,140,3777,1356,28.97,22.39,0.084,2.248,11.32,15.67,False,,
1673280003,2023-01-09 11:03:26,42173,41956,153,2694,1247,30.28,23.57,0.094,1.49,9.28,26.69,False,,
1673468357,2023-01-11 15:24:08,44310,43207,203,2110,1225,28.88,23.57,0.166,1.08,7.86,30.97,False,,
1673924935,2023-01-16 22:12:56,35643,33515,177,1712,1344,31.25,22.6,0.159,0.924,6.62,12.9,False,,
1674052652,2023-01-18 09:47:24,37668,35974,230,2567,1309,30.09,22.698,0.244,1.46,8.24,17.38,False,,
1674488206,2023-01-23 10:48:07,36540,39523,173,2115,1378,30.89,25.873,0.129,1.2,5.36,17.2,False,,
1674661422,2023-01-25 10:45:07,36360,43280,207,1506,1414,31.57,29.625,0.193,0.829,4.08,14.87,False,,
1674834497,2023-01-27 10:49:40,40431,37638,184,1808,1265,32.88,21.923,0.162,0.969,8.68,23.34,False,,
1675097397,2023-01-30 11:51:20,43737,37431,155,2217,1208,32.41,20.384,0.106,1.148,8.36,28.54,False,,
1675270207,2023-02-01 11:53:31,40939,35808,154,2043,1217,31.55,19.969,0.105,0.99,10.8,24.86,False,,
1675702266,2023-02-06 11:52:28,41492,40007,216,2295,1234,30.0,23.01,0.203,1.32,10.26,26.31,False,,
1675873347,2023-02-08 11:32:52,42480,44325,172,2266,1249,29.44,26.52,0.139,1.065,8.84,22.6,False,,
1676045325,2023-02-10 11:19:00,41456,44014,180,1906,1276,28.71,25.07,0.125,1.263,11.56,27.68,False,,
1676493022,2023-02-15 15:41:06,46259,43955,282,1096,1177,28.74,22.37,0.267,0.489,13.84,38.36,False,,
1676648172,2023-02-17 10:40:29,42800,40048,203,1243,1216,,,,,,,False,,
1676648736,2023-02-17 10:53:25,42600,39052,200,1291,1216,29.99,22.77,0.186,0.628,10.34,22.95,False,,
1676910595,2023-02-20 11:38:27,42302,41870,334,842,1246,28.87,24.47,0.392,0.31,8.96,23.62,False,,
1677080884,2023-02-22 10:49:40,39871,40856,265,1121,1289,29.71,25.17,0.306,0.504,6.86,20.59,False,,
1677255840,2023-02-24 11:27:07,37474,38427,551,2043,1299,4.161,0.429,0.017,0.015,,37.18,False,pFe;pCu,"pFe baja (z=-12.4), n1fe z=-0.1; pCu baja (z=-10.3), n2cu z=-0.2"
1677540235,2023-02-27 18:25:51,44620,39946,274,1825,1174,30.92,20.4,0.286,0.974,10.18,33.07,False,,
1677689746,2023-03-01 11:58:33,34828,38078,212,1835,1341,30.37,24.38,0.248,1.022,6.3,9.86,False,,
1677857254,2023-03-03 10:29:01,45037,43548,293,1325,1209,30.72,23.88,0.303,0.67,8.28,26.32,False,,
1678122934,2023-03-06 12:25:08,32031,35211,275,1068,1416,32.77,25.17,0.377,0.395,6.26,12.22,False,,
1678292507,2023-03-08 11:32:00,36723,37644,247,1639,1321,28.72,23.32,0.251,0.8,9.72,19.36,False,,
1678727875,2023-03-13 12:22:41,45287,42685,325,1476,1198,30.03,22.86,0.355,0.722,10.1,34.2,False,,
1678900838,2023-03-15 12:22:19,42180,43714,174,2452,1259,28.17,25.02,0.122,1.33,11.48,28.34,False,,
1679091251,2023-03-17 17:20:42,41664,43633,181,2035,1269,28.92,26.37,0.153,1.07,7.82,25.0,False,,
1679521320,2023-03-22 16:43:27,42663,41188,182,2031,1228,31.56,23.44,0.144,1.336,6.9,26.95,False,,
1679678642,2023-03-24 12:33:26,42856,39083,194,1090,1218,33.42,22.123,0.186,0.536,5.48,26.84,False,,
1679933044,2023-03-27 11:07:26,43958,41314,229,1557,1232,32.31,22.373,,0.811,7.22,28.51,False,,
1680107165,2023-03-29 11:35:25,43819,43583,227,1520,1247,30.24,24.68,0.219,0.774,6.0,27.12,False,,
1681146993,2023-04-10 12:23:53,35849,36494,212,2004,1359,,,,,,,False,,
1681487704,2023-04-14 10:57:10,40485,42140,205,2438,1317,29.86,25.18,0.177,1.44,9.44,22.05,False,,
1681765571,2023-04-17 16:13:07,38434,43371,181,2527,1362,25.24,27.56,0.149,1.51,8.02,20.27,False,,
1681918391,2023-04-19 10:36:08,37751,38560,204,1997,1466,30.24,24.78,0.2,1.11,6.5,17.89,False,,
1682091576,2023-04-21 10:46:13,44533,46150,266,2469,1423,30.7,27.96,0.292,1.47,4.88,26.08,False,,
1682356952,2023-04-24 12:29:32,46160,43015,155,2224,1353,31.61,23.98,0.094,1.23,6.48,28.63,False,,
1682529008,2023-04-26 12:12:53,44426,42428,175,2254,1363,30.71,23.82,0.137,1.21,9.18,29.99,False,,
1682696956,2023-04-28 10:55:03,46023,43923,219,2682,1374,30.92,25.37,0.203,1.61,6.0,24.85,False,,
1683130402,2023-05-03 11:20:10,45105,45931,185,1405,1371,30.37,23.17,0.129,0.811,7.12,4.06,False,,
1683562984,2023-05-08 11:26:34,44505,38780,180,1538,1329,,,,,,,False,,
1683737394,2023-05-10 11:59:38,44042,44739,267,2214,1407,30.91,25.62,0.292,1.26,5.4,30.21,False,,
1683912257,2023-05-12 12:33:38,38821,40122,176,3146,1467,29.99,24.87,0.141,1.85,6.54,21.05,False,,
1684166542,2023-05-15 11:03:44,35898,31119,169,3571,1416,,,,,,,False,,
1684337914,2023-05-17 10:39:48,35366,33273,257,1969,1483,29.68,20.97,0.156,2.411,10.16,21.52,False,,
1684772861,2023-05-22 11:30:39,35493,33553,186,2156,1485,31.49,21.17,0.133,1.324,7.76,16.86,False,,
1684967016,2023-05-24 17:26:55,40870,40864,198,2267,1445,30.63,24.88,0.142,1.326,6.6,25.89,False,,
1685117384,2023-05-26 11:15:53,40142,39842,245,2125,1433,30.1,23.98,0.204,1.197,7.76,25.11,False,,
1685552317,2023-05-31 12:01:24,37551,40496,193,1681,1528,30.12,25.47,0.131,0.943,7.42,21.8,False,,
1685719017,2023-06-02 10:21:42,34119,33712,332,2194,1540,29.5,22.39,0.373,1.281,10.4,17.1,False,,
1685979592,2023-06-05 10:42:31,40966,38156,253,2040,1445,29.91,22.4,,1.104,9.28,25.8,False,,
1686158088,2023-06-07 12:16:13,39010,37295,217,2397,1475,28.53,22.7,0.17,1.342,11.0,22.82,False,,
1686585692,2023-06-12 11:05:09,30081,24312,186,2893,1612,,,,,,,False,,
1686778721,2023-06-14 16:45:51,30710,29661,171,1364,1642,28.78,20.7,0.121,0.711,10.52,33.98,False,,
1687191510,2023-06-19 11:19:51,37137,32175,264,896,1503,30.7,20.3,0.263,0.379,7.6,20.32,False,,
1687363793,2023-06-21 11:12:45,40885,39571,523,1056,1488,,,,,,,False,,
1687796281,2023-06-26 11:28:20,45426,41924,278,1029,1431,30.72,23.07,0.247,0.485,,37.78,False,,
1689353713,2023-07-14 12:10:08,44595,42098,200,1178,1494,30.05,24.87,0.133,0.578,8.12,34.87,False,,
1689783721,2023-07-19 11:28:31,41197,36759,233,1484,1512,30.09,20.19,0.178,0.73,12.8,32.95,False,,
1689870282,2023-07-20 11:34:32,41565,38910,170,1702,1536,30.8,22.18,0.112,0.88,9.52,32.45,False,,
1690817713,2023-07-31 10:52:11,43289,41295,156,1900,1493,30.53,23.23,0.073,1.04,10.08,34.7,False,,
1690994373,2023-08-02 11:54:20,44551,38235,151,2600,1449,30.15,21.07,0.075,1.4,11.32,46.39,False,,
1691445475,2023-08-07 17:02:48,38207,35860,154,2969,1518,28.3,20.58,0.079,1.68,14.7,27.2,False,,
1691771915,2023-08-11 11:52:10,38558,38177,173,2669,1576,27.35,22.47,0.112,1.47,16.08,26.47,False,,
1692024092,2023-08-14 09:48:02,43220,39775,182,2616,1511,30.36,22.67,0.116,1.48,9.44,33.28,False,,
1692374144,2023-08-18 10:57:03,45065,42215,224,1555,1526,29.54,25.67,0.173,0.874,6.98,3.07,False,,
1692630442,2023-08-21 10:10:46,44754,41648,172,2089,1507,28.27,23.67,0.098,1.098,9.94,2.45,False,,
1692801603,2023-08-23 09:53:53,43032,38938,289,1501,1509,29.73,22.79,0.254,0.774,8.7,29.02,False,,
1692979800,2023-08-25 11:11:33,46416,42732,215,1380,1508,,,,,,,False,,
1693259011,2023-08-28 16:56:07,45767,44956,215,1327,1525,28.68,24.28,0.146,0.665,8.3,41.29,False,,
1694467555,2023-09-11 16:27:21,37746,37070,150,2247,1629,28.32,21.99,,1.211,,23.06,False,,
1694618650,2023-09-13 10:33:07,42950,38417,148,2310,1536,28.34,21.094,,1.211,,34.22,False,,
1694790978,2023-09-15 10:23:33,44686,39806,198,1709,1503,29.19,21.17,0.13,0.94,11.78,39.25,False,,
1695052696,2023-09-18 11:05:34,42548,40458,158,2606,1574,,,,,,,False,,
1695053252,2023-09-18 11:11:21,42568,39978,159,2750,1578,,,,,,,False,,
1695053707,2023-09-18 11:16:30,40755,35153,144,3472,1511,24.82,17.38,0.062,1.75,22.92,37.92,False,,
1695224799,2023-09-20 10:49:58,43183,44782,172,2212,1620,28.49,27.76,0.109,1.45,7.04,33.86,False,,
1695396990,2023-09-22 10:47:24,36269,37510,199,2665,1695,28.49,24.47,0.151,1.533,8.94,21.6,False,,
1695744973,2023-09-26 11:17:31,36539,34603,163,2849,1661,28.34,22.26,0.09,1.689,9.16,20.69,False,,
1696007065,2023-09-29 12:07:26,41201,40996,159,3223,1618,27.57,24.76,0.084,1.86,9.08,30.98,False,,
1696432927,2023-10-04 10:25:50,40758,38722,186,2548,1594,29.65,24.17,0.125,1.523,7.7,28.09,False,,
1696869063,2023-10-09 11:32:20,38144,37735,179,1377,1635,30.83,24.065,0.119,0.706,7.04,25.23,False,,
1697212642,2023-10-13 11:00:10,46540,37010,163,1065,1462,33.89,19.077,0.094,0.504,6.86,44.96,False,,
1697474064,2023-10-16 11:36:58,41563,39409,162,1673,1598,29.63,22.972,0.095,0.901,10.26,30.74,False,,
1697643298,2023-10-18 10:45:56,41645,39180,220,1775,1584,30.6,22.67,0.179,0.97,7.92,31.27,False,,
1698082713,2023-10-23 12:49:36,41192,39285,211,1295,1594,29.4,24.17,0.169,0.63,9.28,29.19,False,,
1698422746,2023-10-27 11:12:06,40338,41799,176,1501,1650,27.72,25.87,0.108,0.78,10.98,29.69,False,,
1698680797,2023-10-30 10:54:23,44986,44919,165,1284,1657,25.81,26.61,0.088,0.634,10.86,35.32,False,,
1699030382,2023-11-03 11:56:07,43291,43251,196,1944,1671,28.83,26.36,,1.203,10.34,2.74,False,,
1699465392,2023-11-08 12:53:30,41084,39884,161,2775,1614,23.84,22.32,0.088,1.45,14.32,33.86,False,,
1699889101,2023-11-13 10:35:27,43290,41018,262,1665,1623,28.34,23.78,0.248,0.75,10.84,33.31,False,,
1700491279,2023-11-20 09:42:59,45927,42849,143,1907,1605,29.76,24.88,,1.0,8.36,36.29,False,,
1700666858,2023-11-22 10:39:13,45302,35909,148,2041,1508,30.4,20.4,,1.106,9.76,35.78,False,,
1700841287,2023-11-24 11:09:02,44562,38539,214,1565,1585,30.36,23.98,,0.869,6.12,29.87,False,,
1701102760,2023-11-27 11:46:45,43297,38929,173,2934,1598,,,,,,,False,,
1701278847,2023-11-29 12:39:31,41807,40001,161,2085,1669,29.11,25.373,0.091,1.178,9.94,29.0,False,,
1701725782,2023-12-04 16:42:44,33135,35864,207,3778,1743,24.89,24.079,0.141,2.248,14.0,21.78,False,,
1702055270,2023-12-08 12:19:08,45555,41978,172,1811,1602,30.14,24.98,0.106,0.981,8.2,34.63,False,,
1702330198,2023-12-11 16:31:51,44817,39514,201,2917,1573,30.27,23.49,0.153,1.615,8.0,32.67,False,,
1702915114,2023-12-18 11:06:25,44220,44984,179,2637,1659,29.57,29.34,0.116,1.48,5.2,27.37,False,,
1703091477,2023-12-20 12:02:12,12822,18659,150,2034,2319,30.21,26.76,0.112,1.57,7.76,3.28,False,,
1703290478,2023-12-22 19:22:12,3884,7348,140,1827,2553,28.06,29.04,,1.969,6.0,0.68,False,,
1703432410,2023-12-24 10:44:32,36934,39073,171,7242,1696,28.68,26.76,0.114,5.29,6.02,21.32,False,,
1703692571,2023-12-27 11:16:02,38613,36470,126,2401,1664,28.57,23.69,0.047,1.44,8.5,21.24,False,,
1704128197,2024-01-01 12:06:33,41641,35127,129,2235,1582,28.77,21.848,0.059,1.265,8.62,25.58,False,,
1704304514,2024-01-03 13:05:49,45403,40585,155,2771,1556,29.39,23.383,0.096,1.54,10.9,34.14,False,,
1704472390,2024-01-05 11:40:32,43377,39276,166,1298,1629,28.04,24.212,0.102,0.64,9.32,29.14,False,,
1704732242,2024-01-08 12:00:43,41916,37064,156,1820,1596,28.05,23.236,0.082,1.07,9.08,27.13,False,,
1705356307,2024-01-15 17:24:32,35024,33939,144,2918,1703,26.07,21.344,0.073,1.577,17.7,20.83,False,,
1705505760,2024-01-17 10:37:12,41604,43000,142,3205,1693,26.49,28.662,0.067,1.942,6.78,27.43,False,,
1706822665,2024-02-01 16:42:18,34711,37163,155,3337,1735,28.0,26.0,0.087,2.032,10.0,19.83,False,,
1706889165,2024-02-02 11:11:35,37912,39742,148,4192,1648,27.0,25.0,0.082,2.61,11.2,27.3,False,,
1707150307,2024-02-05 11:28:38,40465,42908,194,1397,1689,30.96,27.93,0.163,0.689,7.0,25.41,False,,
1707231313,2024-02-06 10:02:47,39496,41846,163,1693,1710,29.94,27.244,0.105,0.907,8.04,24.36,False,,
1707338260,2024-02-07 15:46:51,41505,39077,138,2128,1600,26.52,20.854,0.062,1.16,14.6,27.85,False,,
1707491920,2024-02-09 10:25:39,42052,39084,141,1998,1582,29.75,22.82,0.071,0.96,11.0,33.42,False,,
1707771319,2024-02-12 16:02:03,33865,34281,196,1644,1709,,,,,,,False,,
1708375110,2024-02-19 15:45:58,33409,36800,159,2047,1754,26.13,23.58,0.092,1.015,12.1,18.74,False,,
1708529437,2024-02-21 10:36:27,40502,40972,202,1566,1639,30.26,24.38,0.167,0.82,8.88,29.91,False,,
1709154378,2024-02-28 16:14:36,39283,35469,174,2089,1617,29.307,20.32,0.128,1.1,11.1,28.42,False,,
1710311402,2024-03-13 01:32:53,31939,35544,216,2414,1650,28.865,25.869,0.256,1.61,8.7,19.38,False,,
1710345763,2024-03-13 11:07:51,36235,41406,194,2193,1581,28.97,28.466,,1.48,5.94,27.15,False,,
1710522394,2024-03-15 12:17:57,41017,44820,173,1802,1567,,,,,,,False,,
1710534530,2024-03-15 15:30:54,42122,44254,166,1900,1564,30.034,25.969,0.118,1.23,5.64,39.02,False,,
1710777703,2024-03-18 11:19:52,30400,35104,150,3339,1648,27.525,24.676,0.114,2.23,,20.57,False,,
1710954757,2024-03-20 12:29:03,41674,41342,248,1943,1657,31.396,24.879,0.27,1.131,10.42,28.53,False,,
1711388480,2024-03-25 12:42:39,43708,38401,164,1990,1573,31.141,21.608,,1.068,,34.3,False,,
1711560218,2024-03-27 12:39:15,39961,36423,175,1650,1632,30.551,21.856,0.13,0.85,11.22,28.19,False,,
1711731675,2024-03-29 12:10:23,23590,26748,139,2166,2037,29.67,24.095,0.087,1.382,9.78,7.85,False,,
1712012063,2024-04-01 18:04:29,42338,41106,130,2250,1645,27.213,24.014,0.062,1.245,12.06,30.86,False,,
1712161265,2024-04-03 11:32:20,39652,42093,152,2487,1742,27.296,27.487,0.086,1.488,8.28,24.23,False,,
1712592754,2024-04-08 11:23:59,43053,42477,149,2197,1678,30.0,27.0,,1.312,7.52,28.78,False,,
1713095152,2024-04-14 06:57:26,42814,44696,1301,2187,1725,29.0,29.0,2.0,1.338,5.0,25.93,False,,
1713197869,2024-04-15 11:20:26,40694,37875,182,3253,1634,27.02,22.0,0.122,1.839,14.62,30.05,False,,
1713372278,2024-04-17 11:59:53,41832,38220,136,2429,1642,29.0,23.0,0.071,1.384,11.2,28.43,False,,
1713544999,2024-04-19 11:53:11,42231,38180,181,2016,1642,,,,,,,False,,
1713546548,2024-04-19 12:10:33,41955,38413,182,2038,1652,29.39,23.392,0.137,1.11,9.62,27.02,False,,
1713800573,2024-04-22 10:57:06,34303,35862,221,1833,1835,28.77,26.862,0.226,1.047,7.34,15.31,False,,
1713974282,2024-04-24 11:00:23,42158,41892,152,1814,1702,28.55,26.658,,1.04,,25.89,False,,
1714147794,2024-04-26 11:30:50,42533,40313,302,2811,1662,29.048,24.199,,1.646,9.72,31.44,False,,
1714407947,2024-04-29 11:43:58,43896,40265,151,2316,1648,27.417,22.981,,1.288,12.48,31.12,False,,
1714576880,2024-05-01 10:35:54,44380,40365,647,2766,1645,29.679,24.059,0.739,1.623,7.98,34.41,False,,
1714753109,2024-05-03 11:29:07,42775,39626,183,2376,1648,29.644,22.822,0.122,1.308,12.36,31.72,False,,
1715012380,2024-05-06 11:31:00,41681,41018,136,5487,1651,26.946,23.909,0.052,3.4,12.98,32.29,False,,
1715183923,2024-05-08 10:59:59,36899,38967,137,4624,1791,29.466,27.199,0.057,3.179,5.6,18.94,False,,
1715788027,2024-05-15 10:57:26,32701,35212,129,2935,1633,30.176,24.225,,1.948,,21.03,False,,
1715960390,2024-05-17 11:01:01,34378,35698,138,2584,1597,30.054,23.88,0.092,1.601,9.5,24.16,False,,
1716221061,2024-05-20 11:23:27,37671,37453,148,2740,1527,29.722,22.885,0.098,1.638,11.1,30.62,False,,
1716408812,2024-05-22 15:30:05,38749,39355,140,2145,1543,27.114,24.371,0.092,1.314,,32.09,False,,
1716568098,2024-05-24 11:47:10,37884,43104,426,1088,1642,26.673,29.964,0.609,0.582,4.5,25.92,False,,
1716824693,2024-05-27 10:47:18,35467,34874,263,1290,1570,29.625,22.599,,0.697,10.7,25.28,False,,
1716997486,2024-05-29 10:47:32,37692,40937,141,1364,1580,30.252,25.622,,0.736,9.9,28.82,False,,
1717168598,2024-05-31 10:32:29,36802,38601,170,1900,1558,27.78,23.184,,1.06,12.54,30.65,False,,
1717428648,2024-06-03 10:50:33,39466,42773,141,2377,1571,29.572,26.663,,1.471,9.24,34.97,False,,
1717600601,2024-06-05 10:24:16,38258,40796,149,1956,1568,26.532,25.276,0.11,1.09,10.54,32.08,False,,
1717775810,2024-06-07 10:58:05,40413,40875,528,1765,1541,29.5,25.37,0.56,1.05,6.58,,False,,
1718038554,2024-06-10 12:17:51,40530,40843,213,2161,1532,31.061,24.086,,1.34,,34.38,False,,
1718205799,2024-06-12 10:47:34,39095,40804,133,2217,1556,30.745,24.483,,1.377,,32.83,False,,
1718643296,2024-06-17 12:15:04,38434,39553,164,1446,1565,29.767,25.276,,0.838,6.76,28.23,False,,
1718984913,2024-06-21 11:03:34,33069,34872,221,1804,1652,29.673,24.185,0.26,1.094,7.34,18.54,False,,
1719245289,2024-06-24 11:28:27,35469,41873,176,3768,1661,27.579,26.961,0.156,2.476,8.8,25.82,False,,
1719433254,2024-06-26 15:40:51,35124,42676,190,2981,1670,27.019,28.045,0.172,1.939,9.5,24.7,False,,
1719593420,2024-06-28 12:01:59,35851,38986,250,2578,1594,26.924,24.391,,1.458,14.12,29.12,False,,
1719849319,2024-07-01 11:15:02,32314,38758,218,2633,1756,28.589,28.646,,1.807,6.92,16.48,False,,
1720196255,2024-07-05 11:37:03,35728,38774,197,2532,1649,27.288,26.663,0.192,1.588,8.22,22.99,False,,
1720455742,2024-07-08 11:27:44,35909,37567,152,2507,1594,26.412,23.305,0.106,1.464,10.88,26.13,False,,
1720629407,2024-07-10 11:46:03,34563,36529,150,2836,1606,28.235,22.91,0.106,1.833,9.84,24.91,False,,
1720799235,2024-07-12 10:48:27,34010,35503,163,2651,1623,28.039,23.068,0.133,1.67,10.88,23.92,False,,
1721057235,2024-07-15 10:38:57,31500,33638,281,1863,1686,28.975,24.101,,1.109,10.6,17.71,False,,
1721427198,2024-07-19 17:30:48,35175,39300,198,1377,1662,29.29,26.956,0.197,0.755,9.04,23.15,False,,
1721659657,2024-07-22 10:06:55,33275,36303,170,1712,1697,29.035,25.675,0.15,0.969,8.22,18.35,False,,
1722268876,2024-07-29 11:23:54,38170,39048,149,1485,1662,28.32,23.22,0.097,0.713,14.8,32.17,False,,
1722441443,2024-07-31 10:58:45,36325,37233,281,1469,1669,29.638,24.543,0.277,0.714,10.26,23.22,False,,
1722664332,2024-08-03 01:09:44,33827,34784,244,1913,1659,27.423,21.794,0.231,1.038,17.46,22.55,False,,
1722875749,2024-08-05 11:37:38,37788,40186,174,1497,1688,30.14,26.631,,0.821,,26.83,False,,
1723044780,2024-08-07 10:43:40,39301,40511,343,1563,1617,28.858,25.562,0.416,0.891,11.22,27.86,False,,
1723483601,2024-08-12 12:46:03,38793,40676,192,2205,1636,28.511,26.427,0.166,1.265,7.3,27.12,False,,
1723671957,2024-08-14 16:47:13,40618,37824,172,1476,1560,29.682,22.423,0.129,0.755,5.69,36.78,False,,
1723839603,2024-08-16 15:21:22,40323,42442,218,2541,1657,28.645,27.317,0.204,1.384,3.91,26.98,False,,
1724078544,2024-08-19 09:57:11,36480,40827,233,1727,1731,28.259,28.978,,0.952,5.68,20.96,False,,
1724431172,2024-08-23 11:41:02,38228,41796,192,1414,1674,27.174,26.466,,0.768,11.1,25.68,False,,
1724689926,2024-08-26 11:49:14,40929,39124,228,1922,1575,29.485,21.89,0.201,1.056,12.36,33.93,False,,
1724865100,2024-08-28 12:23:48,33704,34558,356,2626,1699,24.142,23.392,0.388,1.286,11.66,20.87,False,,
1725310467,2024-09-02 15:55:43,36137,38877,146,2015,1719,27.59,25.97,,1.299,8.06,19.93,False,,
1725481338,2024-09-04 15:40:48,36283,39449,152,2048,1700,29.273,27.064,,1.257,7.42,21.06,False,,
1725642879,2024-09-06 12:31:52,36370,39717,165,1587,1716,27.28,26.02,,0.87,10.46,21.95,False,,
1725900037,2024-09-09 11:59:51,29245,35372,159,2954,1879,28.28,26.47,,1.89,9.42,13.45,False,,
1726067683,2024-09-11 10:32:14,37198,40889,170,2643,1708,28.19,28.05,0.12,1.55,7.92,22.56,False,,
1726246717,2024-09-13 12:01:32,33964,37983,157,2014,1744,29.4,25.72,0.11,1.13,8.26,18.39,False,,
1726522451,2024-09-16 16:35:30,36434,39310,199,2831,1695,28.608,24.83,0.177,1.663,11.7,23.08,False,,
1726849735,2024-09-20 11:39:53,37751,42457,210,2856,1714,27.79,27.544,0.197,1.733,9.0,23.42,False,,
1727104227,2024-09-23 10:26:51,33733,36609,141,2708,1745,27.274,25.083,,1.639,10.68,18.3,False,,
1727285412,2024-09-25 12:44:54,34760,36405,251,2015,1709,27.678,22.817,,0.996,14.28,21.63,False,,
1727457168,2024-09-27 12:32:27,36502,36839,900,1786,1663,28.942,23.999,1.404,0.979,9.22,24.35,False,,
1727712561,2024-09-30 11:20:26,32102,28771,181,2193,1727,29.504,18.833,0.167,1.27,14.82,16.67,False,,
1727882806,2024-10-02 10:43:11,35916,36682,342,1614,1723,29.005,25.127,0.481,0.881,6.3,18.1,False,,
1728056608,2024-10-04 10:53:52,37042,41727,398,1696,1761,30.062,29.365,,1.049,3.94,18.64,False,,
1728508665,2024-10-09 16:41:38,36471,41162,266,1798,1737,,,,,,,False,,
1728945336,2024-10-14 17:42:43,37003,37646,158,2014,1629,29.251,21.125,0.102,1.059,15.44,26.56,False,,
1729696413,2024-10-23 10:21:25,39114,38980,275,1953,1631,28.56,24.786,,1.097,3.97,24.95,False,,
1729893561,2024-10-25 17:04:10,38455,41635,186,2174,1670,27.041,25.675,,1.244,9.36,26.39,False,,
1730327875,2024-10-30 17:41:30,36356,40212,275,2457,1723,26.27,26.169,0.294,1.491,11.66,24.51,False,,
1730480665,2024-11-01 12:17:20,35125,38495,201,1979,1762,26.953,26.713,0.197,1.185,9.04,19.19,False,,
1730736525,2024-11-04 11:10:02,34603,40249,271,2238,1773,27.071,28.943,0.31,1.347,6.78,20.87,False,,
1730910174,2024-11-06 11:25:58,38514,38583,145,1906,1670,,,,,,,False,,
1732550211,2024-11-25 11:12:44,35353,37863,202,2141,1690,,,,,,,False,,
1733156824,2024-12-02 11:37:31,36566,39860,236,1329,1726,27.807,26.415,0.265,0.645,7.58,20.78,False,,
1733330546,2024-12-04 11:53:49,36247,38365,253,1766,1663,28.181,24.477,0.28,0.918,10.44,23.98,False,,
1733810631,2024-12-10 01:10:22,36604,40601,258,3044,1683,27.568,26.567,,1.8,9.02,21.73,False,,
1734100383,2024-12-13 09:48:35,38908,42303,204,1496,1733,28.491,24.733,0.184,0.733,12.44,22.5,False,,
1734380443,2024-12-16 15:22:04,34904,38062,191,2350,1745,28.019,25.326,,1.299,11.54,21.55,False,,
1734970875,2024-12-23 11:23:33,41824,46187,213,3369,1703,30.027,28.64,0.187,2.122,7.02,28.49,False,,
1735314796,2024-12-27 10:54:54,33685,39744,252,2476,1797,27.639,26.766,,1.486,10.62,28.49,False,,
1735753242,2025-01-01 12:44:33,35553,37016,218,2178,1715,28.922,23.93,,1.165,,20.36,False,,
1736524475,2025-01-10 11:08:54,32663,37377,160,2706,1787,,,,,,,False,,
1736801456,2025-01-13 16:02:49,40023,45004,174,3416,1697,27.048,29.054,0.134,2.226,5.42,27.57,False,,
1737395402,2025-01-20 12:58:31,37349,42716,212,2622,1697,25.441,25.97,0.201,1.51,10.04,25.64,False,,
1737564895,2025-01-22 12:09:20,36647,42383,193,2717,1727,27.468,26.611,0.163,1.67,10.44,23.72,False,,
1738602968,2025-02-03 12:18:24,36346,44931,254,1916,1764,26.91,29.216,,1.115,6.0,23.36,False,,
1738772835,2025-02-05 11:35:11,36812,39004,194,2328,1657,26.405,23.019,0.118,1.274,14.38,25.04,False,,
1738941725,2025-02-07 10:33:21,38138,41954,256,3455,1663,25.03,25.626,0.255,1.993,11.74,25.68,False,,
1739568284,2025-02-14 16:30:05,35327,39158,190,1965,1715,26.86,24.888,0.153,1.077,15.34,22.16,False,,
1739807166,2025-02-17 10:55:59,35300,40947,207,1778,1762,27.075,27.544,0.187,0.986,12.04,21.0,False,,
1740435901,2025-02-24 17:42:58,34945,40755,194,2457,1742,,,,,,,False,,
1740589442,2025-02-26 12:20:04,33749,39512,219,1535,1796,27.438,27.467,0.189,1.143,10.54,26.52,False,,
1740764327,2025-02-28 12:43:11,25632,27502,189,3036,1842,25.111,19.403,0.187,1.768,20.66,12.06,False,,
1741018740,2025-03-03 11:27:35,36680,40902,205,2796,1685,25.878,25.87,0.177,1.577,12.62,23.81,False,,
1741195487,2025-03-05 12:26:45,32896,36515,181,2558,1741,26.548,24.378,,1.49,12.84,17.16,False,,
1741364432,2025-03-07 11:38:40,36023,38959,162,2369,1679,27.766,24.676,,1.348,12.74,22.77,False,,
1741796902,2025-03-12 11:38:44,33407,38447,359,1897,1787,27.983,27.567,0.518,1.097,8.46,15.83,False,,
1741974082,2025-03-14 12:48:58,31829,37903,192,2967,1808,27.342,26.268,0.175,1.898,10.38,15.9,False,,
1742245258,2025-03-17 16:02:12,36315,40512,197,1324,1785,28.353,28.457,0.152,0.667,6.26,17.81,False,,
1742637893,2025-03-22 05:19:19,38165,42351,221,2519,1716,27.677,28.159,0.217,1.514,8.5,23.15,False,,
1743437665,2025-03-31 11:17:19,35866,41055,146,1966,1747,25.889,27.354,,1.13,,20.43,False,,
1743616513,2025-04-02 13:02:34,34188,41098,173,2462,1796,28.149,30.02,0.142,1.606,6.78,15.86,False,,
1744061818,2025-04-07 16:52:36,38357,43062,192,1963,1695,24.598,27.367,,1.116,11.98,25.14,False,,
1744236287,2025-04-09 17:16:34,34372,39510,190,2041,1777,26.353,27.761,,1.197,8.88,17.51,False,,
1744386320,2025-04-11 10:53:42,31079,35274,177,2436,1777,23.361,23.781,0.139,1.407,16.2,16.62,False,,
1744819050,2025-04-16 11:11:51,35709,38858,355,2569,1693,27.433,24.396,0.447,1.486,12.28,23.38,False,,
1744995346,2025-04-18 12:15:04,38888,41910,170,2777,1653,25.994,26.462,,16.77,,26.05,False,pMo,"pMo alta (z=31.7), n4mo z=0.4"
1745254573,2025-04-21 12:00:58,34630,39379,191,3066,1754,27.719,25.576,0.172,1.95,11.48,18.85,False,,
1745427603,2025-04-23 12:12:17,36969,39271,224,3454,1660,24.922,22.723,,2.641,17.72,27.2,False,,
1745598849,2025-04-25 11:36:09,38449,40762,220,2259,1656,25.887,23.52,,1.283,16.46,28.39,False,,
1745852336,2025-04-28 10:16:50,38232,44843,289,3433,1722,26.028,28.045,0.314,2.237,10.32,25.82,False,,
1746024542,2025-04-30 10:10:20,37624,44420,246,4336,1749,26.279,28.638,0.251,3.063,7.68,22.28,False,,
1746204702,2025-05-02 12:15:40,36413,39285,216,3077,1706,25.914,24.929,0.196,1.919,12.08,22.52,False,,
1746464944,2025-05-05 12:11:34,35138,39669,186,2812,1740,27.516,26.663,0.149,1.748,11.46,20.38,False,,
1746636973,2025-05-07 11:58:35,35545,40785,206,2576,1731,25.898,25.077,0.173,1.533,15.48,22.56,False,,
1747071718,2025-05-12 12:52:30,41299,45840,196,2965,1664,27.787,27.263,,1.804,9.4,31.54,False,,
1747237811,2025-05-14 10:56:46,39912,44346,179,3265,1665,27.771,25.919,0.13,1.931,9.62,31.36,False,,
1747413605,2025-05-16 12:00:25,38195,44159,194,2568,1696,24.149,25.424,0.154,1.474,16.0,27.59,False,,
1747673167,2025-05-19 12:03:45,37909,43779,207,3290,1706,26.189,26.168,0.176,1.958,9.9,26.79,False,,
1748279904,2025-05-26 12:29:20,39165,44392,166,4972,1692,26.119,26.963,,3.116,11.44,29.42,False,,
1748465742,2025-05-28 16:01:34,37693,41227,198,3603,1681,25.494,23.789,0.166,2.063,16.72,27.4,False,,
1748618833,2025-05-30 10:30:44,37702,38614,210,2769,1641,26.295,22.897,0.171,1.561,14.4,27.71,False,,
1748881340,2025-06-02 11:36:22,36177,39475,226,3247,1705,27.847,24.582,0.228,2.0,11.96,24.2,False,,
1749224869,2025-06-06 10:49:34,36365,39393,163,2951,1684,26.5,24.179,0.119,1.632,15.52,25.38,False,,
1749483509,2025-06-09 10:57:14,33540,38298,139,3654,1731,27.026,23.681,,2.198,15.0,22.23,False,,
1749661738,2025-06-11 12:12:11,34269,38559,167,2640,1720,26.322,22.288,0.122,1.417,17.7,11.93,False,,
1749830497,2025-06-13 11:06:48,33654,35045,201,2872,1703,25.616,20.746,,1.618,18.62,22.53,False,,
1750089336,2025-06-16 10:59:59,33196,36451,291,4876,1727,26.434,22.786,0.316,3.16,14.48,20.37,False,,
1750700350,2025-06-23 12:40:33,35525,37054,195,2681,1723,30.419,23.934,0.175,1.668,10.44,21.54,False,,
1750873235,2025-06-25 12:52:40,36324,38447,164,1923,1707,27.831,22.873,,1.066,15.1,25.11,False,,
1751042170,2025-06-27 11:53:17,38531,37890,149,1604,1648,26.874,20.376,0.089,0.812,18.9,29.74,False,,
1751304590,2025-06-30 12:41:52,35172,38164,123,1881,1731,24.86,22.786,0.059,0.861,18.44,23.97,False,,
1751471604,2025-07-02 11:08:08,31507,32552,144,3392,1774,25.207,21.075,0.112,2.116,14.88,18.09,False,,
1751901384,2025-07-07 10:33:35,35555,38683,165,3374,1766,24.35,25.27,0.132,2.102,8.66,19.59,False,,
1752072689,2025-07-09 10:10:05,37268,40768,179,3109,1754,24.961,26.069,0.152,2.007,9.82,21.92,False,,
1752244589,2025-07-11 09:56:10,37799,41546,178,1843,1747,27.603,25.769,,1.039,,23.93,False,,
1752688338,2025-07-16 12:59:57,36663,41479,157,2326,1757,26.582,26.668,0.124,1.412,13.08,22.3,False,,
1752855231,2025-07-18 11:23:31,35721,38169,172,2615,1719,27.072,23.771,0.142,1.535,16.0,22.25,False,,
1753111140,2025-07-21 10:31:25,36865,42530,163,4100,1768,25.605,27.717,0.116,2.783,9.64,23.85,False,,
1753714839,2025-07-28 10:09:37,31799,38205,207,3379,1798,22.847,25.12,0.209,2.178,12.82,18.47,False,,
1753895029,2025-07-30 12:05:08,41285,45108,231,2485,1660,25.212,25.921,,1.484,6.96,34.52,False,,
1754320755,2025-08-04 10:28:24,34835,37741,154,4962,1667,27.044,22.148,0.11,3.157,10.92,25.75,False,,
1754519758,2025-08-06 17:52:20,34052,32857,222,1723,1726,26.187,17.836,0.189,0.781,18.72,17.8,False,,
1754932089,2025-08-11 12:13:45,39108,40696,221,1144,1716,30.827,26.567,0.226,0.593,7.96,22.8,False,,
1755104126,2025-08-13 12:11:22,36191,37714,171,1501,1732,27.743,24.676,,0.804,11.76,20.51,False,,
1755279041,2025-08-15 12:48:28,36918,36298,269,1626,1706,30.313,22.985,,0.914,9.64,22.3,False,,
1755554195,2025-08-18 17:07:54,43295,39372,176,1279,1594,30.874,22.686,,0.679,7.66,32.91,False,,
1755727916,2025-08-20 17:24:58,33341,32313,149,2680,1755,30.147,21.094,,1.59,12.54,18.11,False,,
1756151936,2025-08-25 15:12:24,38937,44310,211,4424,1695,,,,,,,False,,
1756329621,2025-08-27 16:29:02,28598,34498,176,3143,1898,25.721,24.433,0.155,2.029,13.78,14.72,False,,
1756501360,2025-08-29 16:03:59,35552,38044,219,3913,1707,25.583,22.897,0.196,2.371,15.88,25.89,False,,
1756745157,2025-09-01 12:01:29,37332,40948,165,2887,1720,27.082,26.217,,1.813,12.24,24.91,False,,
1756916198,2025-09-03 11:18:08,40178,39380,263,2850,1603,28.527,22.599,,1.757,13.76,32.92,False,,
1757090653,2025-09-05 11:45:29,38010,37050,301,3294,1644,25.828,20.518,0.299,1.828,18.96,28.06,False,,
1757348411,2025-09-08 11:35:15,38437,40382,184,2910,1682,27.015,24.788,0.144,1.752,12.8,27.35,False,,
1757540637,2025-09-10 17:02:12,38420,39673,196,1770,1700,27.74,24.541,,0.97,13.62,25.33,False,,
1757693901,2025-09-12 11:28:50,36778,37456,232,1558,1698,29.451,23.888,,0.859,13.34,23.93,False,,
1757977988,2025-09-15 18:25:03,39838,39603,190,2449,1637,30.822,23.888,,1.488,,28.45,False,,
1758147384,2025-09-17 17:32:12,36950,34738,210,2196,1645,,,,,,,False,,
1758148711,2025-09-17 17:42:26,36257,35485,224,2230,1655,27.797,20.022,,1.217,18.66,23.81,False,,
1758731708,2025-09-24 11:41:53,35807,38890,171,4125,1722,28.597,25.771,0.132,2.785,10.42,22.14,False,,
1758903369,2025-09-26 11:19:03,35373,37953,203,4757,1698,26.736,23.412,,3.202,13.48,25.58,False,,
1759162988,2025-09-29 11:42:12,35908,37122,192,3438,1708,26.526,22.985,,2.096,14.78,23.24,False,,
1759511635,2025-10-03 12:27:09,36875,41696,221,4682,1705,28.44,26.465,,3.19,8.34,25.69,False,,
1760367840,2025-10-13 10:20:54,41672,43474,222,3376,1673,27.211,26.368,,2.187,9.5,30.67,False,,
1760543805,2025-10-15 11:08:47,38176,40408,172,2135,1717,27.914,26.368,,1.222,10.38,21.59,False,,
1761174332,2025-10-22 18:08:54,38028,41237,187,2757,1710,28.375,26.467,0.15,1.64,10.62,22.34,False,,
1761325588,2025-10-24 12:07:41,35180,36741,166,3071,1706,27.825,21.89,0.124,1.801,15.22,19.9,False,,
1761756516,2025-10-29 12:00:13,34047,37747,148,2698,1786,28.483,25.569,0.099,1.679,12.36,19.24,False,,
1762183242,2025-11-03 10:34:59,37900,40500,176,2511,1709,26.148,24.776,0.132,1.378,14.56,25.54,False,,
1762791776,2025-11-10 11:24:35,30114,31337,236,2053,1859,29.459,22.401,0.265,1.218,12.46,14.0,False,,
1762957261,2025-11-12 09:36:07,36161,36976,196,2601,1708,28.742,22.401,0.158,1.573,13.76,27.65,False,,
1763136312,2025-11-14 11:18:33,36002,39525,188,3396,1739,27.652,26.069,0.146,2.307,10.36,19.49,False,,
1763395145,2025-11-17 11:02:03,38903,43253,234,5323,1684,27.694,27.456,0.163,3.933,6.7,27.27,False,,
1765554816,2025-12-12 15:55:48,34088,37694,147,2899,1398,,,,,,,False,,
1765794791,2025-12-15 10:49:01,29900,30179,142,3861,1370,27.483,21.182,0.12,2.583,15.9,17.43,False,,
1765965945,2025-12-17 10:17:51,31196,37824,155,3431,1469,28.0,29.0,0.163,2.588,5.56,14.3,False,,
1766147231,2025-12-19 12:43:36,32855,35919,151,4113,1359,28.0,25.0,0.145,2.783,10.6,22.76,False,,
1766577170,2025-12-24 12:00:02,33349,35867,167,4972,1295,26.0,22.0,0.147,3.164,17.92,29.83,False,,
1767610085,2026-01-05 10:49:31,28407,33372,224,7736,1396,,,,,,,False,,
1767958986,2026-01-09 11:55:37,32210,35003,181,2283,1365,24.301,26.165,0.225,1.539,7.6,17.68,False,,
1768407926,2026-01-14 16:29:29,34314,35711,164,2425,1342,29.441,25.576,0.17,1.511,8.76,18.19,False,,
1768994173,2026-01-21 11:21:17,35031,34021,206,1554,1293,29.156,23.806,0.252,0.92,10.38,23.27,False,,
1769164305,2026-01-23 10:41:39,32277,32180,221,1645,1344,29.284,22.07,0.296,0.92,12.08,18.65,False,,
1769425438,2026-01-26 11:12:09,28642,31965,137,2109,1422,26.888,23.199,0.119,1.195,14.84,15.18,False,,
1769598738,2026-01-28 11:31:32,32367,35737,151,1833,1351,26.577,24.79,0.122,1.027,14.02,22.34,False,,
1769796038,2026-01-30 18:08:08,35139,37864,147,2698,1354,26.786,24.431,0.114,1.52,16.64,21.86,False,,
1770025371,2026-02-02 10:07:05,39914,42462,246,2139,1315,27.904,27.613,0.281,1.299,9.36,28.15,False,,
1770198503,2026-02-04 10:06:31,31312,34758,205,2332,1417,27.578,23.61,0.232,1.302,13.08,18.01,False,,
1770372612,2026-02-06 10:25:59,32592,37246,184,2380,1437,27.452,26.484,0.101,1.434,10.16,15.65,False,,
1770636273,2026-02-09 11:44:17,32375,34003,154,2384,1378,26.878,21.924,0.13,1.285,18.52,21.13,False,,
1770806317,2026-02-11 10:58:44,34666,37402,155,3259,1359,25.866,23.363,0.127,1.913,15.36,23.99,False,,
1770977094,2026-02-13 10:22:34,32223,35870,170,3196,1427,,,,,,,False,,
1771236148,2026-02-16 10:26:09,32207,34741,172,4140,1399,27.426,15.943,0.184,2.794,11.28,295.0,False,pSol,"pSol alta (z=44.8), sin canal"
1771410393,2026-02-18 10:40:50,34965,37418,173,3496,1333,26.741,24.867,0.163,2.128,15.1,24.09,False,,
1771582995,2026-02-20 10:26:03,34778,39233,193,4239,1369,27.961,26.07,0.192,2.802,9.6,23.06,False,,
1771839859,2026-02-23 09:54:05,30991,34108,177,4877,1384,26.303,23.771,0.189,3.304,12.08,18.85,False,,
1772018391,2026-02-25 11:42:13,32500,35187,146,3392,1365,25.824,23.563,0.118,2.004,15.1,21.15,False,,
1772191801,2026-02-27 11:53:30,32463,36288,156,2620,1403,26.891,25.569,0.153,1.609,11.34,18.58,False,,
1772465774,2026-03-02 15:44:16,36078,37121,160,3126,1319,26.594,23.764,0.136,1.958,12.44,24.28,False,,
1772625052,2026-03-04 12:11:31,34560,36726,185,3514,1341,28.34,25.37,0.2,2.38,9.92,,False,,
1772791284,2026-03-06 10:23:18,32890,36647,137,4183,1367,24.76,24.57,0.107,2.719,11.52,19.74,False,,
1773067430,2026-03-09 15:04:25,28273,33657,151,2201,1492,28.417,26.368,0.148,1.357,9.98,21.71,False,,
1773229998,2026-03-11 11:59:09,33755,35581,280,2126,1362,27.427,24.676,0.382,1.186,11.0,19.25,False,,
1773400626,2026-03-13 11:35:55,33091,36967,212,1961,1441,28.524,26.564,0.275,1.151,9.04,16.49,False,,
1773656335,2026-03-16 10:41:40,34249,38051,311,2245,1387,26.529,25.572,0.409,1.227,11.74,21.71,False,,
1774262141,2026-03-23 10:58:59,37560,36417,148,3771,1334,,,,,,,False,,
1774436703,2026-03-25 11:25:17,38106,32597,126,2197,1306,29.674,20.775,0.103,1.263,7.28,22.83,False,,
1774606948,2026-03-27 10:45:02,33129,36841,153,2830,1407,27.0,25.771,0.142,1.837,10.76,20.14,False,,
1775045298,2026-04-01 12:11:11,32025,29407,373,1814,1379,26.955,19.576,0.602,0.963,14.16,17.08,False,,
1775233692,2026-04-03 16:44:24,34651,35575,239,1904,1368,27.533,23.333,0.272,1.089,14.52,21.84,False,,
1775476175,2026-04-06 12:09:42,32107,33354,200,1870,1391,26.534,21.89,0.215,1.023,18.48,19.74,False,,
1775644675,2026-04-08 10:46:05,32637,34028,197,3176,1390,28.037,23.272,0.225,1.384,11.8,19.19,False,,
1776076888,2026-04-13 10:47:16,34330,36411,168,1937,1390,28.631,25.17,0.17,1.095,11.66,19.13,False,,
1776247234,2026-04-15 10:22:19,34838,33890,161,1657,1360,29.641,23.419,0.155,0.915,10.4,20.36,False,,
1776424116,2026-04-17 11:22:42,37101,38270,145,2290,1351,28.143,25.469,0.113,1.368,11.26,23.61,False,,
1776687743,2026-04-20 12:27:29,36218,34108,171,1489,1342,30.579,21.974,0.164,0.748,12.86,21.05,False,,
1776860679,2026-04-22 12:39:31,32994,34962,240,1543,1416,27.206,24.87,0.31,0.899,10.84,19.44,False,,
1777028705,2026-04-24 11:23:53,36177,35871,171,2211,1356,28.397,23.98,0.188,1.311,12.38,22.45,False,,
1777285163,2026-04-27 10:40:57,31279,35016,140,1961,1445,27.853,26.179,0.11,1.136,12.42,17.0,False,,
1777460778,2026-04-29 11:27:21,28047,32619,175,2111,1528,28.368,24.928,0.174,1.238,13.4,12.53,False,,
1777633952,2026-05-01 11:32:28,30738,33511,197,2740,1427,27.757,24.302,0.244,1.631,12.56,17.09,False,,
1778069613,2026-05-06 12:37:37,33343,36309,228,3734,1408,27.265,24.918,0.268,2.384,11.78,,False,,
1778667516,2026-05-13 10:39:42,33259,37811,179,1659,1422,27.633,26.811,0.198,0.939,8.84,,False,,
1778836750,2026-05-15 09:39:43,26572,30104,124,1459,1359,27.594,23.709,0.124,0.827,12.6,,False,,
1779117589,2026-05-18 15:21:16,27226,33468,130,1457,1350,23.388,25.969,0.115,0.846,14.82,,False,,
1779277914,2026-05-20 12:04:40,29395,34521,131,1136,1334,27.91,27.159,0.127,0.619,10.04,,False,,
1779452776,2026-05-22 12:37:26,26615,29158,158,1667,1313,30.213,22.698,0.005,1.237,14.8,,False,,
1780049853,2026-05-29 10:36:38,30407,34675,170,1878,1264,39.184,25.127,0.006,1.73,12.54,,False,pFe,"pFe alta (z=5.6), n1fe z=-1.4"
1780311264,2026-06-01 11:15:07,29473,32473,118,1190,1282,29.051,25.572,0.102,0.717,10.2,,False,,
1780483230,2026-06-03 10:51:58,29176,34029,150,2112,1278,27.463,25.87,0.155,1.471,11.6,,False,,
1780660441,2026-06-05 12:01:09,22552,26678,133,2424,1363,25.181,21.393,0.141,1.628,21.18,,False,,
1781058849,2026-06-10 03:48:41,26747,29932,147,2029,1391,26.967,22.318,0.14,1.085,15.44,,False,,
1781650617,2026-06-17 00:07:31,30805,31433,252,2529,1311,27.963,21.311,0.337,1.595,13.76,,False,,
1781824190,2026-06-19 00:20:39,21762,25474,200,2858,1483,,,,,,,False,,
1782489973,2026-06-26 17:10:03,23334,28145,133,3848,1439,26.479,22.146,0.116,3.192,13.54,,True,,
1782745640,2026-06-29 16:13:04,29642,33915,134,4743,1329,27.579,20.756,0.294,1.965,16.26,,True,,
1782899592,2026-07-01 11:13:59,28707,31609,200,1837,1382,29.116,23.636,0.237,1.086,12.06,,True,,
1783071977,2026-07-03 10:58:28,24586,28551,247,1661,1457,30.52,25.026,0.403,1.033,7.92,,False,,
1783333542,2026-07-06 11:37:41,27936,29382,166,2546,1373,,,,,,,False,,
1783502439,2026-07-08 10:28:17,27627,28553,148,3458,1346,,,,,,,False,,
1784280545,2026-07-17 10:38:31,22876,22834,191,1534,1459,,,,,,,False,,
1784539222,2026-07-20 10:39:00,26056,29882,137,5027,1401,,,,,,,True,,
1784712368,2026-07-22 10:36:52,29326,33657,224,2457,1369,,,,,,,False,,
1784889993,2026-07-24 12:01:41,29097,33137,186,2708,1354,,,,,,,False,,
1785150615,2026-07-27 12:27:22,27101,29740,169,3869,1362,,,,,,,False,,
1785323778,2026-07-29 12:32:57,26808,31502,181,2040,1416,,,,,,,False,,
1785495048,2026-07-31 12:09:00,25861,29669,167,1747,1392,,,,,,13.13,False,,
1785752957,2026-08-03 11:43:00,25256,28388,156,1705,1418,29.418,21.608,0.167,0.976,14.52,11.97,False,,
1785925417,2026-08-05 11:34:00,29635,33437,161,2549,1357,29.631,23.888,0.164,1.71,10.94,16.45,False,,
1786096693,2026-08-07 11:13:00,27930,33280,238,1981,1423,31.207,27.258,0.363,1.336,5.58,12.22,False,,
1786378181,2026-08-10 17:25:00,31480,32707,155,1925,1296,31.455,22.5,0.151,1.264,10.1,18.69,False,,
1786722912,2026-08-14 17:10:00,27085,30092,136,3097,1355,27.597,21.41,0.121,1.897,15.3,15.85,False,,
1786960494,2026-08-17 11:15:00,26802,29638,134,3543,1352,27.59,21.509,0.113,2.38,16.08,15.66,False,,
1787150210,2026-08-19 15:40:00,32152,29589,374,1234,1268,31.146,20.32,0.553,0.628,11.84,19.46,False,,
1787564642,2026-08-24 10:57:00,33559,32824,137,4285,1205,27.021,19.663,0.11,2.534,16.92,27.16,False,,
1787745433,2026-08-26 13:09:00,29135,34166,463,2995,1361,27.797,25.174,0.79,1.832,10.96,14.74,False,,
1788170048,2026-08-31 11:14:27,34434,31868,361,3095,1204,,,,,,,False,,
1788515194,2026-09-04 10:58:00,34784,28025,221,2215,1179,,,,,,,False,,
1788781874,2026-09-07 12:52:00,32452,36278,179,4781,1286,,,,,,,False,,
1788947402,2026-09-09 11:09:00,32566,36465,159,7426,1239,,,,,,,False,,
