ts,turno,pFe,fe,pCu,cu,pMo,mo
2026-04-25 07:30:00,dia,28.48873894901292,28.85,24.366514110301306,24.77,0.9152260292484053,0.938
2026-04-25 19:30:00,noche,28.443393447619936,27.67,24.718684313850066,25.168,1.363612861508981,1.394
2026-04-26 07:30:00,dia,27.841937667567763,29.28,25.142838843410214,26.768,1.5405007743418875,1.427
2026-04-26 19:30:00,noche,28.30710917291053,27.47,25.412122506548116,25.37,1.4694474630332681,1.465
2026-04-27 07:30:00,dia,28.23105772790311,26.77,25.834156242747227,25.17,1.045271368191343,1.034
2026-04-27 19:30:00,noche,27.59812045858635,28.41,26.400966649559113,26.868,1.2422952747393792,1.286
2026-04-28 07:30:00,dia,28.038712814825267,27.03,25.165677280035347,24.171,1.2780815675813488,1.26
2026-04-28 19:30:00,noche,28.080055248048343,28.37,25.445566911950998,25.37,1.3441779028097662,1.342
2026-04-29 07:30:00,dia,27.817784697820407,28.82,25.548790057761334,26.021,1.1337945078114804,1.065
2026-04-29 19:30:00,noche,28.07486092024984,28.23,25.297831914711892,24.77,1.3484965567373288,1.293
2026-04-30 07:30:00,dia,28.15329730940251,28.22,24.761858951100038,26.17,1.2903152660411856,1.139
2026-04-30 19:30:00,noche,28.247055293389693,29.34,25.105653184088332,28.756,1.1416920763121552,0.857
2026-05-01 07:30:00,dia,28.15642250787899,27.99,23.834558366839,25.569,1.4138272269609466,1.434
2026-05-01 19:30:00,noche,28.47248285378481,28.32,22.92722947133223,26.668,1.7050230548230842,1.438
2026-05-02 07:30:00,dia,28.118622924921752,27.46,22.548472428090232,22.686,1.5165071939580157,1.553
2026-05-02 19:30:00,noche,28.250459554238386,27.55,23.849148014392874,23.781,1.6877492452249612,1.741
2026-05-03 07:30:00,dia,26.406584412239162,26.79,24.420999372688676,25.572,3.310539723396143,3.325
2026-05-03 19:30:00,noche,27.395931399409804,26.63,24.700894736984345,24.676,2.660625486932283,2.882
2026-05-04 07:30:00,dia,26.986460465768822,27.22,24.296533767477598,25.27,3.035209698810921,3.157
2026-05-04 19:30:00,noche,27.105875694449697,26.74,23.804891682084474,24.72,2.996080559328401,2.969
2026-05-05 07:30:00,dia,27.13420317844648,26.65,23.27538959363157,24.165,3.133225210722448,3.116
2026-05-05 19:30:00,noche,26.985602771577962,28.41,24.053235557659423,27.431,3.100902645715985,2.78
2026-05-06 07:30:00,dia,27.024189259394117,27.43,24.163298840404646,24.967,2.7757910788742652,2.757
2026-05-06 19:30:00,noche,28.15484577489472,27.2,25.267102081920587,26.772,1.51033718359445,1.149
2026-05-08 07:30:00,dia,27.5595582810296,27.4,25.580250064512935,27.646,1.8797171600830636,1.854
2026-05-08 19:30:00,noche,27.671550309865598,28.09,25.979100650068823,26.913,1.6671033927376315,1.659
2026-05-09 07:30:00,dia,27.62123244000738,28.09,25.668771905366274,27.757,1.63879529519114,1.502
2026-05-09 19:30:00,noche,28.61095986045923,27.1,23.509381842981625,22.515,1.264831105794344,1.243
2026-05-10 07:30:00,dia,28.766667631135228,27.06,23.653243428375422,23.05,0.9573599568114086,0.94
2026-05-10 19:30:00,noche,27.95206105381756,26.96,25.05185834711632,25.423,1.0804395804203184,1.278
2026-05-11 19:30:00,noche,27.602040167315543,27.6,25.315809937370698,23.762,1.0223930700014965,1.094
2026-05-12 07:30:00,dia,27.752968168681967,26.99,25.06820669313764,25.023,1.0516434669143548,1.108
2026-05-12 19:30:00,noche,27.33835710257712,28.71,25.92585941698664,25.761,1.2597352921046074,1.279
2026-05-13 07:30:00,dia,27.40891198218185,27.8,26.1873600979238,25.128,0.8840385934687573,0.932
2026-05-13 19:30:00,noche,27.741782015036417,28.92,26.15933381093179,27.021,1.0682558522091832,1.265
2026-05-14 07:30:00,dia,27.59685409177663,26.62,24.620659496017982,25.023,1.29292486634844,1.19
2026-05-14 19:30:00,noche,27.99055471620671,27.69,25.5993073252751,26.022,1.2706215250948159,1.261
2026-05-15 07:30:00,dia,27.53677610186451,28.45,24.305567650308248,25.769,0.8491714263995327,0.827
2026-05-15 19:30:00,noche,28.300599672475713,28.86,24.398236188235057,25.654,0.8242881315074915,0.85
2026-05-16 07:30:00,dia,27.301296157151345,28.08,25.683270384397954,28.339,0.9105190941462182,0.898
2026-05-16 19:30:00,noche,28.388728502796745,29.39,24.867647203496432,26.39,0.7456072063147325,0.799
2026-05-17 07:30:00,dia,27.679979753015886,26.03,24.129533389601892,24.392,1.0394473827317283,1.179
2026-05-17 19:30:00,noche,28.471978530654784,26.0,23.801474587986924,26.232,1.1280896821104736,0.997
2026-05-18 07:30:00,dia,27.112280220345557,27.16,24.03087805519987,25.496,1.1088761157462392,1.259
2026-05-18 19:30:00,noche,27.91275439041456,25.52,24.001278813768707,24.609,1.0079006361634695,0.841
2026-05-19 07:30:00,dia,27.405085639768235,24.35,24.08428341029028,19.871,0.9280795592049634,1.043
2026-05-19 19:30:00,noche,27.84310478995937,24.89,23.47032839175053,22.811,0.7232496977791225,0.941
2026-05-20 07:30:00,dia,26.852981159027614,27.13,24.290111550482617,25.527,0.5850802640572254,0.619
2026-05-20 19:30:00,noche,26.97013456751353,27.91,23.855097034621597,24.582,0.6022813204169037,0.629
2026-05-21 07:30:00,dia,27.26026133620415,27.89,23.122126278539398,23.491,0.7260136144101103,0.941
2026-05-22 07:30:00,dia,27.056529650074825,28.9,23.927641579656054,24.984,0.7751361502150164,1.031
2026-05-22 19:30:00,noche,26.821918630881775,25.07,24.37707551729795,24.384,0.7662437348366025,1.228
2026-05-23 07:30:00,dia,27.369850446280505,28.13,23.631595486571783,25.373,0.9160480383795283,1.073
2026-05-23 19:30:00,noche,26.300417668106363,28.39,22.925123059163848,24.577,1.0606656638934309,1.062
2026-05-24 07:30:00,dia,27.3782613862909,27.25,24.477034744629677,27.064,1.104969728191483,0.957
2026-05-24 19:30:00,noche,26.64738363040277,27.52,25.353713256716087,25.97,1.1383839783671525,1.203
2026-05-25 07:30:00,dia,27.427157595198473,27.75,23.942693182947007,24.728,1.0403501643062822,0.968
2026-05-25 19:30:00,noche,26.725447725799608,28.25,24.271366810585576,26.467,0.9194612341332575,1.031
2026-05-26 07:30:00,dia,27.451256523216635,27.71,23.598314010720806,25.375,1.0184377926971508,0.865
2026-05-26 19:30:00,noche,27.838217409372692,29.66,22.856579547506673,21.707,0.9520007047267895,0.887
2026-05-27 07:30:00,dia,27.42157959618837,26.42,22.528785711195916,22.189,1.1833645173313332,1.168
2026-05-27 19:30:00,noche,27.928588709643158,27.48,23.24469463755672,24.975,1.1193394495123334,1.233
2026-05-28 07:30:00,dia,27.408911598706954,25.38,23.111762457199237,22.401,0.9082709648286248,0.862
2026-05-28 19:30:00,noche,27.65387050015746,27.87,24.095672277396154,23.392,1.1272795348615983,1.214
2026-05-29 07:30:00,dia,26.724533666084902,27.48,22.99991913570658,21.89,1.0346894827568562,1.171
2026-05-29 19:30:00,noche,27.430097646513616,27.54,23.141785641710186,24.179,1.4698565351676776,1.636
2026-05-30 07:30:00,dia,26.842158691697804,28.82,22.598375749890543,23.283,1.2842503772182383,1.588
2026-05-30 19:30:00,noche,27.887099415975086,28.1,22.79171981113224,24.97,1.1840353181089116,1.28
2026-05-31 07:30:00,dia,27.669427075824586,28.55,22.5078188629304,23.118,0.9642746990171214,1.074
2026-05-31 19:30:00,noche,28.59536568810657,29.19,22.222560404773166,23.572,0.8034386475808802,1.011
2026-06-01 07:30:00,dia,28.320686904071305,29.79,23.093485228566045,23.69,0.6519657337670224,0.792
2026-06-01 19:30:00,noche,28.07124606719579,28.81,24.56433725955357,26.169,0.7378001593098519,0.918
2026-06-02 07:30:00,dia,27.517262953518536,27.0,24.95371603446309,27.415,0.8637578358822844,0.99
2026-06-02 19:30:00,noche,27.744258853128812,26.92,24.72327253142428,27.462,1.1611927821496826,1.525
2026-06-03 07:30:00,dia,27.17543399026351,27.76,25.45907959883215,27.258,1.4095538362890094,1.192
2026-06-03 19:30:00,noche,27.297803984913354,28.44,25.336247388291383,29.042,1.3395255280867442,1.387
2026-06-04 07:30:00,dia,27.471686944085857,28.39,24.48545824396548,25.573,1.2336917751602576,1.443
2026-06-04 19:30:00,noche,27.491667509154624,27.93,25.10416600146465,26.368,1.6651359869594833,1.678
2026-06-05 07:30:00,dia,27.569373698643645,26.13,24.688797718807606,24.557,1.4753801759046303,1.621
2026-06-05 19:30:00,noche,27.68412213904824,27.04,24.031847202180987,24.83,1.1893005145549989,1.378
2026-06-06 07:30:00,dia,27.466857906588338,28.6,23.511674524271577,26.762,1.1007126890984813,1.011
2026-06-08 19:30:00,noche,27.66498435879347,29.77,24.15231498185276,26.614,1.337935937241701,1.251
2026-06-09 07:30:00,dia,27.651174068519797,27.68,25.407401715975716,26.762,1.022908319573279,1.265
2026-06-09 19:30:00,noche,29.626761433204734,29.95,24.70653839757431,25.176,0.8645482568926541,1.211
2026-06-10 07:30:00,dia,28.066199883447773,28.75,24.204091741306566,26.069,1.1152429119247704,1.128
2026-06-10 19:30:00,noche,29.240011449728218,30.09,23.103321878220857,25.223,1.0605329399522674,1.187
2026-06-11 07:30:00,dia,29.535452434877467,30.93,22.64545851155705,25.671,0.7493658259942153,0.665
2026-06-11 19:30:00,noche,30.76792407449906,31.18,23.585345651150483,23.855,0.7638022784921945,0.833
2026-06-12 07:30:00,dia,29.98384784008266,30.34,22.63403301662006,28.358,0.8291644487985607,0.568
2026-06-12 19:30:00,noche,30.19442931932817,30.21,23.606266392475593,25.077,0.8504538748584615,0.916
2026-06-13 07:30:00,dia,29.251002872707417,29.65,22.507997584843608,23.084,1.1873215317918842,1.353
2026-06-13 19:30:00,noche,29.55187996330141,30.03,23.845715164710434,25.074,0.9938033858049561,0.846
2026-06-14 07:30:00,dia,28.460812731375835,28.25,23.226943003004664,23.383,2.789516235654902,3.265
2026-06-14 19:30:00,noche,28.48305994746431,29.55,23.861993246229254,23.184,3.580746019972383,3.826
2026-06-15 07:30:00,dia,28.915092769732,29.57,22.14166868919306,21.707,2.2608524115214004,2.201
2026-06-15 19:30:00,noche,29.74762212303605,30.08,23.63030340005874,24.589,1.4724063182526954,1.589
2026-06-16 07:30:00,dia,29.151901640682215,28.15,23.764338892176355,24.786,1.8462865811388498,1.863
2026-06-16 19:30:00,noche,30.247462383045466,29.49,24.05879276575648,23.987,1.5010397199277419,1.581
2026-06-17 07:30:00,dia,29.331881905507345,28.43,23.996128880733032,23.051,1.407101675675487,1.48
2026-06-17 19:30:00,noche,29.609991019865834,28.0,23.380651098126627,23.184,1.6628690584750112,1.841
2026-06-18 07:30:00,dia,28.135222124666637,28.27,24.865765140055473,23.139,1.7134528248755188,1.853
2026-06-18 19:30:00,noche,29.331706365839544,29.2,24.463682532625832,24.688,1.5555629880849582,1.726
2026-06-19 07:30:00,dia,27.975320158716382,26.98,23.897895935773704,20.973,1.7866884787326307,1.847
2026-06-19 19:30:00,noche,28.658829759592077,26.05,24.0302344964279,22.259,1.6986589781643167,1.639
2026-06-20 07:30:00,dia,28.36856705341622,28.03,23.370044686758764,23.273,1.5902657217565939,1.564
2026-06-20 19:30:00,noche,28.617137037192045,28.02,24.304584965467154,25.28,1.4471514705790594,1.709
2026-06-25 07:30:00,dia,26.81069041267879,27.71,25.99056303208368,28.258,2.0130937412677365,1.993
2026-06-25 19:30:00,noche,26.636458612020217,26.43,26.86660220271009,26.663,2.5732755044000846,3.067
2026-06-26 07:30:00,dia,27.11120837640816,27.13,25.27574019768393,24.975,2.822651011313102,2.862
2026-06-26 19:30:00,noche,27.183941442698146,27.16,24.243251628566973,24.436,2.544369954765459,2.966
2026-06-27 07:30:00,dia,27.525357187734876,28.28,24.82743434996038,25.428,2.473065206010728,2.583
2026-06-27 19:30:00,noche,27.113292710754234,26.94,24.712236451857276,25.375,2.7425619013903013,3.107
2026-06-28 07:30:00,dia,27.902139819766813,27.53,24.699725196355548,26.614,3.0380524615411604,3.079
2026-06-28 19:30:00,noche,27.1863493696011,24.53,24.328427969281822,20.825,3.4882147860772426,3.821
2026-06-29 07:30:00,dia,28.229253953544326,28.9,24.753076101875706,23.898,3.298527982035595,3.761
2026-06-29 19:30:00,noche,26.62865703735988,27.7,24.38388880621148,25.128,2.8853233089579344,2.844
2026-06-30 07:30:00,dia,28.579663465094878,28.78,23.31423652372678,23.019,2.9971669506547167,2.751
2026-06-30 19:30:00,noche,27.88235882044661,31.04,23.053250177866634,16.86,2.3149004503584276,1.775
2026-07-01 07:30:00,dia,29.483969208252184,27.8,22.768686034858902,23.987,1.3077735593666018,1.163
2026-07-01 19:30:00,noche,29.51571005131453,31.09,22.70378639790512,22.5,0.9633550387989542,0.922
2026-07-02 07:30:00,dia,30.316815722799937,29.47,22.88988007508474,23.983,0.9452873048853039,0.873
2026-07-02 19:30:00,noche,29.459160838498992,30.9,24.008342235159105,23.888,0.9083634009248576,0.876
2026-07-03 07:30:00,dia,28.815136234900553,28.94,24.476011881861364,24.384,1.0609285597362312,1.046
2026-07-03 19:30:00,noche,29.817404343078568,30.65,23.686103361115574,23.888,0.7464294266859763,0.788
2026-07-04 07:30:00,dia,28.765229474711905,29.45,23.799335836862596,24.927,0.6047070920816872,0.594
2026-07-04 19:30:00,noche,30.21039965395055,29.12,22.86269166837664,25.774,0.8943045762498812,0.856
2026-07-05 07:30:00,dia,28.486469055093753,27.37,22.617223416391294,23.83,2.168668519006505,2.177
2026-07-05 19:30:00,noche,29.023304813811663,28.86,23.08626974421254,26.069,2.3536103071306633,2.215
2026-07-06 07:30:00,dia,29.191267562136424,30.0,22.251911589279153,25.084,1.4778234488008226,1.416
2026-07-06 19:30:00,noche,29.429215515362106,30.29,22.33580002392018,24.593,2.1577761409172593,2.251
2026-07-07 07:30:00,dia,29.550253274253425,29.98,22.046879521084197,24.967,1.3661283773713917,1.273
2026-07-07 19:30:00,noche,29.701288390476595,30.39,22.2977316269055,24.278,1.8279508133044275,1.832
2026-07-08 07:30:00,dia,28.741300266283396,27.46,21.9367485130918,22.089,2.0725103806669467,2.261
2026-07-08 19:30:00,noche,30.291197311266153,28.07,21.2382273019857,21.716,1.5198093648725925,1.335
2026-07-09 07:30:00,dia,28.213908958679372,26.13,23.131561665977692,20.099,3.0399454732195643,4.383
2026-07-09 19:30:00,noche,28.525469155093532,26.38,24.330370056181906,24.888,3.082087754208825,4.223
2026-07-10 07:30:00,dia,26.69919185244215,26.25,23.86051735885843,22.219,3.560644637832206,3.697
2026-07-10 19:30:00,noche,29.430968562504415,29.1,23.048340944631562,20.676,1.7035985278620647,1.532
2026-07-11 07:30:00,dia,27.97954425209941,29.2,24.517893249388123,23.383,1.6531349936627229,1.861
2026-07-12 07:30:00,dia,28.843220558787657,28.58,20.9250116164599,22.996,1.7256471247453256,1.251
2026-07-12 19:30:00,noche,29.526120019875233,30.22,22.38879201675891,24.984,1.1401396115873152,1.107
2026-07-13 07:30:00,dia,28.597826051689243,29.91,22.929329274615917,25.375,0.8707582621383541,0.959
2026-07-13 19:30:00,noche,29.739447150649106,29.5,22.582071942318965,24.589,1.0584372957012491,1.126
2026-07-14 07:30:00,dia,28.68437368007531,30.2,23.32577522299733,26.217,1.1598943903618417,1.131
2026-07-14 19:30:00,noche,28.539809587207245,28.08,25.730682140809463,26.86,0.9425620136204259,1.069
2026-07-15 07:30:00,dia,28.61224313816572,27.82,25.67491728565744,25.576,0.7281603574886384,0.742
2026-07-15 19:30:00,noche,29.21028207380851,28.71,22.702022001344286,25.422,0.9524898490485191,1.071
2026-07-16 07:30:00,dia,28.85787436236934,28.16,22.972767642876963,22.55,1.0721331385320862,1.19
2026-07-16 19:30:00,noche,29.1849135798221,30.49,23.02826449256722,21.608,0.8939779201942821,0.832
2026-07-17 07:30:00,dia,29.491530044950274,29.2,23.433895524052758,22.071,0.8698400641276091,0.729
2026-07-17 19:30:00,noche,30.057212804801814,29.56,24.77304594570007,21.923,1.07001819319601,0.997
2026-07-18 07:30:00,dia,29.30663335525148,29.47,23.54861343149878,22.798,1.1218302197303767,0.972
2026-07-18 19:30:00,noche,29.275321437201505,29.28,22.255812355670024,22.089,1.2358417556127,1.555
2026-07-19 07:30:00,dia,28.900880004177786,29.19,22.11904531827662,21.36,1.3365076050150024,1.564
2026-07-19 19:30:00,noche,28.783259659715796,29.62,23.163244751482395,23.095,1.4835239032743361,1.928
2026-07-20 07:30:00,dia,27.44669988972324,28.43,23.692964336886043,24.631,2.648843856217124,3.145
2026-07-20 19:30:00,noche,27.814872661833242,27.53,24.327424295950642,24.278,2.610019247159566,2.239
2026-07-21 07:30:00,dia,28.162511316649283,28.98,23.210884988153122,25.672,1.683033191700081,1.211
2026-07-21 19:30:00,noche,28.856521922897606,27.6,23.981526560042294,27.258,1.164486201489458,1.142
2026-07-22 07:30:00,dia,28.57893144091732,29.43,24.433204877153493,27.012,1.4528729962140228,1.389
2026-07-22 19:30:00,noche,28.243487120114793,28.19,24.37829368305444,26.615,1.454684127431194,1.501
2026-07-23 07:30:00,dia,28.805901498232522,29.51,24.21003609740539,27.605,1.316832273223436,1.275
2026-07-23 19:30:00,noche,28.380177935372924,30.21,23.79316176035918,27.164,1.3282954613672224,1.243
2026-07-24 07:30:00,dia,29.24514699799191,28.73,23.96589817655114,25.028,1.3614572079512426,1.432
2026-07-24 19:30:00,noche,28.908696104772243,29.34,24.780824234789637,27.308,1.0956738723826787,1.006
2026-07-25 07:30:00,dia,29.115909729355305,28.73,24.051003116844438,24.706,1.1312932579605546,1.408
2026-07-25 19:30:00,noche,29.01482456281997,28.2,23.14932588207438,23.383,1.4438261136259183,1.617
2026-07-26 07:30:00,dia,29.208700059054483,27.7,23.042601693777552,24.171,1.080913612941062,1.367
2026-07-26 19:30:00,noche,29.100371017532538,30.25,22.95342898089884,24.521,1.2143038100992982,1.012
2026-07-27 07:30:00,dia,28.398695419060616,27.27,22.82491328812741,22.388,2.157249428185396,2.512
2026-07-27 19:30:00,noche,28.894706461060295,29.66,23.125538482057475,24.527,1.804602722301072,1.862
2026-07-28 07:30:00,dia,28.065859278338234,27.0,23.594317008674278,24.676,1.3794491935344821,1.623
2026-07-28 19:30:00,noche,29.21944835273475,28.56,23.716154497068,24.875,1.2748007167401987,1.245
2026-07-29 07:30:00,dia,27.713753319905496,28.65,23.897094739013088,26.169,1.2450962911139547,1.209
2026-07-29 19:30:00,noche,28.997092172758684,29.89,24.760919133049608,29.042,1.0939623830660141,0.871
2026-07-30 07:30:00,dia,28.173092305071496,27.85,24.078126509924218,25.771,1.049492553171456,1.133
2026-07-30 19:30:00,noche,29.649395163521252,28.51,23.693770409134636,27.456,0.9902723603147352,1.049
2026-07-31 07:30:00,dia,28.2941240122247,28.26,23.490260663355098,22.885,0.9651266003009044,1.006
2026-07-31 19:30:00,noche,29.559271592339933,28.78,23.326960862408775,22.792,0.8370404740969283,0.917
2026-08-01 07:30:00,dia,28.420084969596992,28.18,23.539981771204232,27.258,1.0362553917625739,0.868
2026-08-01 19:30:00,noche,29.44272573305711,28.26,23.117248416556986,21.41,0.9582051654338203,0.781
2026-08-02 07:30:00,dia,28.65408430877071,28.67,22.129037495306733,24.776,1.2426380022228076,1.462
2026-08-02 19:30:00,noche,28.34883998233464,27.76,24.67099391519998,25.204,1.2771735795938404,1.289
2026-08-03 07:30:00,dia,28.610165918937795,29.81,22.777348735934584,23.838,0.9655356275631608,1.007
2026-08-03 19:30:00,noche,28.882917195567146,28.64,22.93761333990706,22.885,1.1806150708884589,1.408
2026-08-04 07:30:00,dia,28.98558734013684,27.67,22.01059537900144,25.771,1.3372559678227134,1.032
2026-08-04 19:30:00,noche,28.15441171952066,28.05,24.112054567299534,24.378,1.6701614339668367,1.71
2026-08-05 07:30:00,dia,28.169103855124884,29.13,23.09374915005113,25.198,1.3018035927679805,1.122
2026-08-05 19:30:00,noche,28.425908948421984,30.35,22.7480685577561,22.288,1.5836030590550743,1.314
2026-08-06 07:30:00,dia,28.7180202685603,29.11,23.843300330084983,23.681,0.9320585348082518,0.931
2026-08-06 19:30:00,noche,29.053212651621532,28.67,25.320762111333316,27.512,0.9265409608161999,0.665
2026-08-07 07:30:00,dia,28.868049097554966,30.0,23.705463940592182,28.441,1.0331006417484208,1.115
2026-08-07 19:30:00,noche,28.850355920354254,29.34,24.878321918646236,26.959,1.1403326249751844,1.065
2026-08-08 07:30:00,dia,28.876327788970666,28.4,23.602224358815235,25.181,1.1753995367556525,1.199
2026-08-08 19:30:00,noche,29.491605618642378,28.58,23.465108525714538,23.354,0.7687617358132623,0.857
2026-08-09 07:30:00,dia,29.397700972068193,29.58,22.962411921954736,22.811,0.7261913465320543,0.834
2026-08-09 19:30:00,noche,29.33767091088767,29.54,22.537984591132957,25.028,1.0650493689386333,1.165
2026-08-10 07:30:00,dia,28.434413014900045,29.76,25.308708311559883,26.961,1.1730724099405736,1.1
2026-08-10 19:30:00,noche,28.96976394104958,27.09,23.192459993005087,23.392,1.3082982187212906,1.416
2026-08-11 07:30:00,dia,29.33500011714507,30.07,23.183051759175672,23.789,1.1983543609229104,1.281
2026-08-11 19:30:00,noche,28.44043340833941,28.69,23.707053348869824,23.392,1.2525278757842415,1.386
2026-08-12 07:30:00,dia,29.721784022960616,29.49,22.369557309560147,22.401,1.2243339349205655,1.32
2026-08-12 19:30:00,noche,28.994873403727038,30.18,23.23782937131801,23.98,1.1084374612187957,1.093
2026-08-13 19:30:00,noche,29.793850234014865,32.39,21.559776769658633,21.741,1.0635397617166538,1.13
2026-08-14 07:30:00,dia,30.063306770469968,28.31,21.813928926796727,26.169,1.2022752551295888,1.706
2026-08-14 19:30:00,noche,29.09003325194261,27.82,23.176641560693096,21.932,1.7344581888902653,1.631
2026-08-15 07:30:00,dia,27.336197125837465,26.09,24.636090936018988,25.474,3.321631919305654,2.851
2026-08-15 19:30:00,noche,28.193790027944285,27.86,23.967617501728693,24.879,2.796657044920202,2.198
2026-08-16 07:30:00,dia,27.329707032588225,27.11,24.20621095039158,21.806,3.08573768809732,3.442
2026-08-16 19:30:00,noche,27.501444717491978,27.72,24.901502794034844,22.686,3.7681396068155686,3.913
2026-08-17 07:30:00,dia,27.903945773866308,27.15,22.935155943791887,23.88,2.4158150204795805,2.123
2026-08-17 19:30:00,noche,29.021102791069488,28.61,23.33652367783335,25.176,2.111491809263944,2.168
2026-08-18 07:30:00,dia,27.694372249680413,27.12,22.94840168319504,24.532,2.752227739113743,2.146
2026-08-18 19:30:00,noche,28.3103846038544,27.91,25.08982762278147,22.897,2.381913458169686,1.854
2026-08-19 07:30:00,dia,28.749619088370586,30.76,25.149185985602394,24.384,1.0959190659427092,0.754
2026-08-19 19:30:00,noche,30.67683164411389,29.55,25.035959006229838,23.293,0.7488882477578787,0.686
2026-08-20 07:30:00,dia,29.66232847927624,29.37,24.09138808226615,24.228,0.8195030079207826,0.678
2026-08-20 19:30:00,noche,29.36824676932025,28.72,23.960298295786675,22.599,1.0001566519847966,0.975
2026-08-21 07:30:00,dia,29.90397112403813,28.42,23.044784676144566,22.985,0.7592912047481708,0.695
2026-08-22 19:30:00,noche,28.51729665887593,27.31,23.320512938732698,24.975,1.6025521424758804,1.473
2026-08-23 07:30:00,dia,28.075615442405955,28.91,23.063453835205458,22.885,2.0027624129932957,2.68
2026-08-23 19:30:00,noche,28.269761294227852,29.53,23.196378925167608,24.776,1.7168727405343238,1.624
2026-08-24 07:30:00,dia,28.27381608207086,26.86,22.486485515860682,21.144,2.5922045329206465,2.946
2026-08-24 19:30:00,noche,28.509179276924957,28.49,23.58838589911932,24.331,2.156179273328164,1.764
2026-08-25 07:30:00,dia,28.52701360441502,28.47,23.195009014170726,23.065,1.7255592180741923,1.617
2026-08-25 19:30:00,noche,28.820035905405422,27.39,23.136315518920743,24.726,1.7627571261030508,1.437
2026-08-26 07:30:00,dia,28.188384372242567,24.83,23.435923575116902,18.288,1.651128356759183,1.561
2026-08-30 19:30:00,noche,28.21535078640521,29.28,24.64369192115973,23.681,1.8420767946191323,1.906
