date,time,instance,n5ech5,n6sc,n7ech7,n1fe_ortho,n2cu_ortho,n3zn_ortho,n4mo_ortho
2021-07-05,12:02:23,1625503813,,1266,,5445.466427275787,6717.331026507447,-15.830886865169788,-375.1246603522295
2021-07-07,11:35:33,1625675596,,1233,,8122.78546186172,6820.7721048275125,33.40249102495105,-367.57189528546496
2021-07-12,11:25:17,1626106980,,1279,,1767.2801409237582,66.76332898742112,-14.528884215823439,292.53637159116624
2021-07-14,11:17:51,1626279335,,1273,,4274.51996539392,5092.025343227433,-34.66827005398329,-3.9994893057855734
2021-07-16,11:02:24,1626450270,,1289,,1411.2137668068026,3806.3266385874012,39.703425514442955,1546.4294730860865
2021-07-19,11:12:21,1626709514,,1253,,3886.6527136278237,6220.898724027473,90.86711048548386,2161.2143077043747
2021-07-24,06:18:01,1627124837,,1240,,6552.83899997986,7383.466421547499,10.565107836137543,-162.44672423902102
2021-07-26,11:09:46,1627315402,,1299,,2275.1473926898543,4248.889948187381,1.9357352447093774,-84.67742541899406
2021-07-28,11:15:41,1627488787,,1293,,1547.3872171600233,2718.1519624273933,-3.203650593450476,625.7867136840541
2021-08-02,11:26:38,1627921269,,1315,,-724.1588058972629,-1793.8087564526504,47.30743081313565,-776.2484630271219
2021-08-06,10:46:03,1628264025,,1295,,1640.9739423366336,1091.0646243473893,-25.15718864739719,-177.03466601696164
2021-08-09,10:27:04,1628521803,,1274,,4939.813327982229,5564.981674187431,-6.64503908095665,-383.41017915629345
2021-08-11,11:56:45,1628700139,,1304,,1184.6142056313838,3108.6716029873714,16.05189010984259,851.2691253284661
2021-08-13,10:49:46,1628869648,,1307,,3297.4942933962957,5845.5405958673655,-30.878416971077485,1022.037055776942
2021-08-18,11:15:53,1629302508,,1325,,664.7748199857888,3420.7545531473297,-19.460259456597925,2347.644638467798
2021-08-23,12:07:18,1629737995,,1432,,-2415.835383065576,3701.0819658671244,20.02545465725271,1784.7008244634408
2021-08-25,12:20:09,1629911212,,1369,,-2493.317226128791,2128.8331153872423,-11.438096643425695,1376.5742850454453
2021-08-27,11:22:32,1630080760,,1366,,-1149.19731389371,2447.9641225072555,-35.50778956250562,973.8063545969694
2021-08-30,12:31:54,1630344035,,1325,,1932.7748199857888,2934.7545531473297,-20.460259456597925,46.644638467797904
2021-09-01,12:16:44,1630516318,,1330,,339.241632927311,3080.53620794732,-53.34410459146471,2598.591189215258
2021-09-03,15:11:22,1630699205,,1355,,-3668.4243023650633,-614.5555180527299,-43.763330265798686,5299.323942952557
2021-09-06,10:28:57,1630941599,,1338,,1385.5885336337524,4507.186855627304,12.841743192748396,1287.3056704111937
2021-09-10,10:25:12,1631286990,,1294,,967.6805797483321,1847.1082933873913,10.819580379576166,2770.3760238335462
2021-09-13,10:35:05,1631546788,,1314,,4642.547831514428,6887.234912587352,-13.715800159890989,1152.162226823386
2021-09-15,09:55:49,1631717532,,1290,,3291.5071293951114,4842.282969547399,38.7266564874696,2729.018783235578
2021-09-17,11:25:11,1631895326,,1347,,468.2287969284953,2435.793834267286,98.05082194998818,2418.6094617566214
2021-09-20,11:16:20,1632154016,,1316,,489.1345566910386,2404.1475745073476,-49.669338213837705,1757.3408471223702
2021-09-22,11:36:34,1632327159,,1344,,3206.3487091635834,6801.924841387292,-51.01887096909175,121.84153130814548
2021-09-27,11:15:13,1632757871,,1445,,-2104.0216694176124,2250.5142683470986,-28.672542693400942,-619.6381435931635
2021-09-29,10:56:08,1632929867,,1344,,443.3487091635834,-1367.075158612708,66.98112903090825,-115.15846869185452
2021-10-01,10:04:02,1633100306,,1339,,1882.881896222054,1475.143186587302,-4.135025834224962,36.89498056068578
2021-10-04,10:40:10,1633360951,,1383,,217.78985010748147,2976.2217488272217,117.88713697894727,414.8246271383332
2021-10-06,10:47:40,1633534116,,1333,,2167.12172069223,4202.405200827314,33.725588327615185,1776.3591196637335
2021-10-08,11:41:34,1633711148,,1310,,3650.3743811612076,2382.4095887473595,-5.808724051997558,-142.1950137745821
2021-10-11,11:23:15,1633969202,,1292,,4000.0938545717217,3406.1956314673953,-9.226881566477118,55.197403534562
2021-10-13,11:20:31,1634141504,,1402,,655.3637392852761,3569.392037067184,-17.67147453354653,-471.9784800213192
2021-10-19,17:37:05,1634682043,,1322,,2902.8947322208696,2203.8855602673357,-33.52995237567785,-748.123291980678
2021-10-21,11:02:52,1634831070,,1386,,-3295.3300621276067,-3610.909258292784,-25.043170101972805,-289.4074424131909
2021-10-23,11:57:39,1635007363,,1320,,2192.3080070442593,933.9728983473397,-32.576414321731136,-756.3019122796622
2021-10-25,11:10:41,1635176880,,1319,,186.01464445595775,-623.9834326126584,-19.599645294757778,772.1087775708456
2021-10-27,10:22:56,1635346634,,1324,,-756.51854260252,82.7982221873317,-31.483490429624567,3033.055328318306
2021-10-29,10:42:03,1635521643,,1314,,-752.4521684855717,-1860.7650874126484,-10.715800159890989,3977.162226823386
2021-11-01,12:21:57,1635787172,,1346,,-2308.0645656598062,-921.162496692712,-8.972409023038466,2178.0201516071297
2021-11-03,12:07:18,1635959100,,1295,,1678.9739423366336,1331.0646243473893,-35.15718864739719,2980.9653339830384
2021-11-05,12:30:33,1636133281,,1375,,848.4429494010401,1075.5711011472304,-23.29871080526584,-384.88985405760286
2021-11-08,10:10:25,1636383795,,1436,,-4311.661932712355,-5882.092710292884,-19.881621450640722,-470.94193493859166
2021-12-03,12:32:37,1638552490,,1312,,1468.961106337818,6280.322250667356,-55.762262105944274,2716.983606524402
2021-12-09,11:25:17,1639066931,,1451,,-4726.261493887781,-1840.7477458929134,-64.53315685524109,870.8977173037883
2021-12-13,10:55:21,1639410710,,1274,,3347.8133279822287,767.981674187431,39.35496091904335,1891.5898208437065
2021-12-17,11:10:25,1639757144,,1303,,1313.320843043075,175.71527202737343,-6.971340863184054,2462.679815178974
2021-12-20,12:09:14,1640019991,,1292,,3881.0938545717217,4143.195631467395,67.77311843352288,1035.197403534562
2021-12-24,11:57:44,1640364307,,1311,,2225.6677437495164,2172.3659197073575,82.21450692102908,176.39429637491003
2021-12-27,10:41:08,1640619333,,1334,,791.4150832805317,2587.361531787312,-52.25118069935817,1587.9484298132256
2021-12-31,10:57:56,1640965276,,1355,,-307.42430236506334,-71.5555180527299,29.236669734201314,345.32394295255745
2022-01-03,10:57:40,1641225125,,1315,,-472.15880589726294,-1196.8087564526504,103.30743081313565,2665.751536972878
2022-01-10,10:45:55,1641829198,,1327,,1419.3615451623918,-194.33278493267426,85.58620248945533,-500.1767412332183
2022-01-12,11:09:09,1642002753,,1371,,-1368.7305009521806,-2574.2542226927617,31.60836530262759,885.7529053444291
2022-01-17,11:39:55,1642437307,,1343,,848.0553465752746,3548.968510427294,36.95789805788161,2855.252221158654
2022-01-19,10:05:07,1642603823,,1318,,387.72128186764894,1714.0602364273436,-14.62287626778442,1236.519467421354
2022-01-28,15:28:51,1643400857,,1421,,-5654.062371536929,306.56232530714624,-50.230086046040356,3890.218412819029
2022-01-31,10:38:14,1643643357,,1338,,-1288.4114663662476,1606.1868556273039,-76.1582568072516,898.3056704111937
2022-02-09,17:56:47,1644446636,,1415,,-3531.8225470667603,3668.824339547158,-47.36947188420021,3529.6825519220765
2022-02-11,10:45:10,1644593593,,1372,,-60.43713836387906,1604.7021082672436,-33.3684037243458,-98.65778450607877
2022-02-14,12:13:47,1644858443,,1356,,212.8690602232382,2238.4008129072754,-26.740099292772044,-609.0867468979504
2022-02-21,12:36:42,1645464814,,1399,,-1625.516348479643,2633.52304418719,3.2588325473735438,511.25358953020486
2022-02-25,11:42:15,1645807183,,1373,,-2691.1437757755702,809.6584392272343,-9.345172751319126,934.9315256434134
2022-02-28,17:22:52,1646086667,,1413,,-4420.409272243371,567.9116776271621,-35.41593383025349,1346.5039316230927
2022-03-02,11:07:08,1646236935,,1460,,-9195.621230593038,-4066.1407672529313,-15.324078098001337,3741.201508649216
2022-03-07,10:28:36,1646666486,,1405,,-3412.756172949812,326.26102994717803,-42.6017816144666,285.7894504271567
2022-03-09,11:40:58,1646842998,,1468,,-6685.274329886597,-3148.490119572947,-20.1382303137882,-789.0840101548479
2022-03-14,16:39:29,1647293675,,1325,,-686.2251800142112,1959.7545531473297,31.539740543402075,914.6446384677979
2022-03-18,10:46:01,1647618224,,1582,,-12469.830994819822,-9033.468390133166,7.510100611248959,730.0973468872385
2022-03-21,11:11:42,1647878813,,1381,,-7260.796875069136,-5241.690913092774,-22.159324967106016,4641.646006839349
2022-03-23,11:51:50,1648054070,,1309,,-2595.918981427094,350.4532577873615,-44.8319550250242,2908.2156760759262
2022-03-25,10:44:06,1648222541,,1366,,-4812.19731389371,-2429.0358774927445,-58.50778956250562,1424.8063545969694
2022-03-28,11:23:01,1648484325,,1497,,-11014.76681482575,-3742.756521733005,-17.464532096015574,3305.0059841804195
2022-03-30,10:50:01,1648654433,,1360,,-2855.957489423541,2706.2261367472674,-20.647175400665475,1450.2704937000171
2022-04-01,15:01:37,1648843003,,1230,,-625.0946259031916,-3085.0968880524815,-33.66720189412888,1554.6601742660591
2022-04-04,10:25:56,1649085819,,1340,,-3578.8247411896373,684.0995175472999,50.88820513880168,2509.4842907101774
2022-04-18,17:22:56,1650319943,,1324,,-2618.51854260252,2663.7982221873317,19.516509570375433,3563.055328318306
2022-04-20,11:43:31,1650472495,,1304,,-147.3857943686162,627.6716029873714,26.05189010984259,343.2691253284661
2022-04-22,12:33:35,1650648662,,1331,,-2773.4650044843875,-3457.507461092682,75.6791263815619,-326.8195006352503
2022-04-25,10:58:29,1650901546,,1303,,-2186.679156956925,-1640.2847279726266,41.028659136815946,1004.679815178974
2022-04-27,11:20:27,1651076190,,1313,,-1728.7455310738733,-1428.7214183726464,-37.73903113291763,837.5729166738938
2022-04-29,11:19:13,1651248981,,1301,,-3530.2658821335353,-3492.1973898926226,-27.017802809237338,523.5011948799902
2022-05-02,11:39:13,1651508888,,1333,,-1579.8782793077698,2287.405200827314,-11.274411672384815,-102.64088033626649
2022-05-05,02:04:50,1651734052,,1312,,-1611.038893662182,-1339.6777493326445,27.237737894055726,1718.9836065244021
2022-05-06,09:51:18,1651847787,,1320,,-461.6919929557407,1306.9728983473397,22.423585678268864,746.6980877203378
2022-05-11,12:20:58,1652288874,,1360,,-5229.957489423541,-6513.773863252733,2.352824599334525,-11.729506299982859
2022-05-16,09:35:33,1652711039,,1391,,-4218.863249186084,-3638.127603492794,-42.927015236839594,-485.46089166573074
2022-05-27,11:02:14,1653666410,,1361,,-1600.6641268352323,-1978.8175322927418,67.37605557236117,-106.14019615049074
2022-05-30,11:15:09,1653926874,,1298,,-244.1459698984545,243.93361722738337,-2.087495728317265,2315.7332644315143
2022-06-06,11:47:39,1654532853,,1277,,550.6934157471405,-1630.149332932575,40.42465383812328,-1028.6422487078175
2022-06-08,12:24:28,1654707925,,1258,,2343.119526569346,26.680378827462846,-27.016734649382926,159.16085845183443
2022-06-13,18:14:32,1655161760,,1432,,-3161.835383065576,-2305.9180341328756,35.02545465725271,-946.2991755365592
2022-06-15,10:38:45,1655306843,,1296,,2413.2673049249424,1292.0209553073873,-42.13395767437055,-1023.44535586747
2022-06-17,16:17:10,1655499800,,1353,,-1448.0110275416737,-1660.468179972726,-46.80979221185197,-533.8546773464268
2022-06-20,11:17:54,1655741066,,1349,,-1408.1844778948944,-3245.293503812718,59.09728389604146,-773.2119179443944
2022-06-22,10:35:30,1655911706,,1370,,-207.0238635404894,2671.7894463472476,-43.41486567039908,-614.8364048050626
2022-06-24,10:46:31,1656085151,,1358,,-2098.544214600144,-3414.6865251727286,17.30636265328124,-1445.9081265989666
2022-06-27,11:34:11,1656346722,,1345,,-76.35792824811506,277.88117234729,-19.99563999606511,-1237.5691585423624
2022-06-29,09:46:02,1656513825,,1348,,489.5221595168041,675.750165227284,20.07405292301482,-1287.8012280938865
2022-07-04,15:10:46,1656964746,,1383,,-3876.2101498925185,-2724.7782511727783,-31.112863021052732,434.8246271383332
2022-07-08,10:29:35,1657293807,,1310,,199.37438116120757,515.4095887473595,-19.808724051997558,-399.1950137745821
2022-07-13,13:37:25,1657737153,,1276,,3202.400053158839,3500.894336107427,14.401422865096634,-1454.2315588573097
2022-07-18,11:59:27,1658162883,,1267,,2250.759789864096,-1896.712642532555,-7.807655892143146,-647.5353502027374
2022-07-20,11:35:57,1658334194,,1295,,900.9739423366336,-2514.9353756526107,-4.1571886473971915,-903.0346660169616
2022-08-01,12:56:50,1659376361,,1337,,0.295171045443567,416.2305246673059,72.81851221972175,211.71636026170154
2022-08-05,17:04:48,1659736335,,1295,,1201.9739423366336,-802.9353756526107,98.84281135260281,-282.03466601696164
2022-08-10,16:00:26,1660165088,,1308,,575.7876559846045,-602.5030731726365,180.14481400194916,-1407.3736340735659
2022-08-12,10:38:08,1660318498,,1243,,4230.719087744772,-751.6645855725073,99.63480075521744,-1025.6787937905451
2022-08-15,12:24:33,1660584135,,1350,,37.10888469341444,2774.66282714728,141.1205148690681,-1250.6226077949023
2022-08-17,18:01:49,1660776877,,1265,,3085.1730646874857,-545.6253044525511,67.14588216180357,-1282.7139705017216
2022-08-29,10:34:01,1661786930,,1230,,3938.9053740968084,-77.09688805248152,-2.6672018941288798,-507.33982573394087
2022-09-02,11:50:48,1662137085,,1237,,6090.958912214941,4228.597428667505,27.495414917057616,-1439.214654687497
2022-09-06,16:42:19,1662500172,,1242,,4790.42572515647,4040.3790834674946,18.611569782190827,-586.2681039400372
2022-09-07,16:00:58,1662584254,,1405,,-4498.756172949812,-7057.738970052822,-24.601781614466603,-310.2105495728433
2022-09-12,11:15:33,1662998294,,1250,,3811.772625862912,253.02973114747874,-54.20258243359606,360.4463772558988
2022-09-16,11:51:34,1663346873,,1286,,3656.3336790418907,2451.457645707407,40.63373259536303,-1533.3384573623898
2022-09-21,15:25:23,1663791458,,1265,,5249.173064687486,1781.374695547449,-5.85411783819643,-1219.7139705017216
2022-09-26,11:25:33,1664209250,,1362,,1994.6292357530765,2211.1387986672635,-32.60071345461219,-1071.5508860009986
2022-09-30,09:44:47,1667084346,,1267,,3334.759789864096,-2631.712642532555,261.19234410785685,-1394.5353502027374
2022-10-10,13:25:59,1667093908,,1261,,5981.999614334265,3420.549371707457,-39.947041730303,21.928788900310792
2022-10-12,11:51:55,1667096116,,1267,,4903.759789864096,1370.287357467445,-26.807655892143146,-661.5353502027374
2022-10-14,11:06:34,1667098360,,1272,,4933.226602805618,3665.069012267435,-11.691501027009934,-1049.5887994552777
2022-10-17,12:22:49,1667101857,,1310,,3455.3743811612076,3580.4095887473595,129.19127594800244,-1629.195013774582
2022-10-21,15:54:07,1667106214,,1360,,1526.0425105764589,669.2261367472674,23.352824599334525,-101.72950629998286
2022-10-24,12:46:24,1667109331,,1243,,6863.719087744772,3174.3354144274927,-10.36519924478256,-751.6787937905451
2022-10-28,11:50:32,1667115717,,1310,,3804.3743811612076,2876.4095887473595,8.191275948002442,-669.1950137745821
2022-10-31,15:30:57,1667247666,,1307,,4304.494293396296,3466.5405958673655,-29.878416971077485,-521.962944223058
2022-11-02,15:32:16,1667421057,,1294,,5450.680579748332,4896.108293387391,-11.180419620423834,-92.62397616645376
2022-11-04,11:01:05,1667577572,,1310,,4434.374381161208,5472.4095887473595,-26.808724051997558,895.8049862254179
2022-11-07,10:46:44,1667835913,,1268,,6530.053152452398,5484.243688427443,-24.784424919116503,318.05395994675473
2022-11-16,12:44:17,1668620309,,1331,,3569.5349955156125,2819.492538907318,-28.3208736184381,-810.8195006352503
2022-11-18,12:56:17,1668793958,,1258,,7234.119526569346,5270.680378827463,-43.016734649382926,-2.8391415481655713
2022-11-23,10:46:47,1669218035,,1406,,-2704.4628103615105,-4131.782639092824,-60.57855064143996,543.3787605766488
2022-11-28,09:49:23,1669646629,,1323,,-1173.8119051908216,1667.8418912273337,-73.50672140265121,98.46601816881412
2022-12-05,15:38:30,1670272632,,1271,,1168.9332402173168,-582.887318692563,-36.71473200003658,-925.1781096047694
2022-12-07,12:08:22,1670432595,,1376,,-2192.2636880106584,2192.5274321072357,-54.27547983223923,-605.3005439081107
2022-12-09,10:52:37,1670600915,,1288,,536.9204042185011,900.3703076274032,-74.31980545858369,-1280.1598370634056
2022-12-12,11:46:38,1670863062,,1239,,1358.5456373915513,-278.4899094124994,-66.4581231368891,-1242.0360343885131
2022-12-14,10:21:47,1671031058,,1240,,3549.83899997986,3192.4664215474986,-67.43489216386246,-805.446724239021
2022-12-19,12:31:16,1671470491,,1284,,1333.7469538652804,1698.5449837874112,-61.412729350690256,-974.5170776613736
2022-12-21,11:33:45,1671639742,,1297,,1429.560667513244,4671.977286267385,-31.110726701343907,-805.8560457179778
2022-12-26,11:53:59,1672073294,,1279,,888.2801409237582,2285.763328987421,-64.52888421582344,-209.46362840883376
2022-12-28,09:56:38,1672239020,,1304,,810.6142056313838,4549.671602987371,-41.94810989015741,8.269125328466089
2023-01-02,11:57:24,1672678559,,1327,,-987.6384548376082,373.66721506732574,8.586202489455331,-582.1767412332183
2023-01-04,10:54:30,1672847071,,1356,,-4923.130939776762,-4553.599187092725,-63.740099292772044,1046.9132531020496
2023-01-09,11:03:26,1673280003,,1247,,885.8925380979927,1351.1607382674847,-53.27227535267599,-100.32155319257708
2023-01-11,15:24:08,1673468357,,1225,,2796.438561155286,2515.1214571475284,-3.783356759262091,-697.286376481401
2023-01-16,22:12:56,1673924935,,1344,,-4645.651290836417,-6706.075158612708,-27.01887096909175,-1025.1584686918545
2023-01-18,09:47:24,1674052652,,1309,,-2980.918981427094,-4385.5467422126385,25.1680449749758,-190.78432392407376
2023-01-23,10:48:07,1674488206,,1378,,-3398.676962834048,-563.5599059727683,-30.229017886185943,-602.121923609127
2023-01-25,10:45:07,1674661422,,1414,,-3208.115909655069,3335.86800858716,4.607297142773177,-1189.9067582274151
2023-01-27,10:49:40,1674834497,,1265,,-670.8269353125143,-2895.625304452551,-21.85411783819643,-975.7139705017216
2023-01-30,11:51:20,1675097397,,1208,,2048.4513971540946,-3328.136169172438,-52.17828330071501,-600.3046490227648
2023-02-01,11:53:31,1675270207,,1217,,-656.9083395511552,-4915.529190532456,-52.96920454347523,-769.0008576773371
2023-02-06,11:52:28,1675702266,,1234,,71.07882445002906,-649.2715642124895,9.42572199797769,-506.98258513597284
2023-02-08,11:32:52,1675873347,,1249,,1213.479263274603,3728.0734001874807,-34.225813406622706,-527.1429328935933
2023-02-10,11:19:00,1676045325,,1276,,467.400053158839,3523.894336107427,-25.598577134903366,-871.2315588573097
2023-02-15,15:41:06,1676493022,,1177,,4251.357156916638,3073.217571067624,74.10155653545911,-1739.5732636570165
2023-02-17,10:40:29,1676648172,,1216,,1193.798297860536,-679.4855214924537,-3.992435516501871,-1569.5901678268287
2023-02-17,10:53:25,1676648736,,1216,,993.798297860536,-1675.4855214924537,-6.992435516501871,-1521.5901678268287
2023-02-20,11:38:27,1676910595,,1246,,1004.5991755096911,1261.2044073074867,127.70449367429737,-1952.9108633420692
2023-02-22,10:49:40,1677080884,,1289,,-983.7862331931974,417.32663858740125,59.703425514442955,-1648.5705269139135
2023-02-24,11:27:07,1677255840,,1299,,-3277.8526073101457,-1972.1100518126186,345.93573524470935,-720.6774254189941
2023-02-27,18:25:51,1677540235,,1174,,2581.477069151726,-947.6514218123775,66.03186361637918,-1012.3411941054924
2023-03-01,11:58:33,1677689746,,1341,,-5491.531378601336,-2154.944151492702,7.911436111828323,-903.9263991403304
2023-03-03,10:29:01,1677857254,,1209,,3358.7447597424034,2792.82016178756,85.84494767231163,-1491.7153388732727
2023-03-06,12:25:08,1678122934,,1416,,-7516.5291844784515,-4725.219329492844,72.65375908882646,-1626.7281379284314
2023-03-08,11:32:00,1678292507,,1321,,-3802.398630367432,-2668.0707706926623,42.44681665129551,-1111.7126021301701
2023-03-13,12:22:41,1678727875,,1198,,3495.517771271043,1886.300521227582,117.58940696901857,-1347.1977505176847
2023-03-15,12:22:19,1678900838,,1259,,1016.4128891576547,3156.636709787461,-31.993503676356283,-335.24983139867345
2023-03-17,17:20:42,1679091251,,1269,,603.3465150407064,3115.200019387441,-24.76119394608986,-746.3567299037536
2023-03-22,16:43:27,1679521320,,1228,,1180.318648920198,507.99045002752246,-24.713663840182164,-774.5184460329251
2023-03-24,12:33:26,1679678642,,1218,,1270.3850230371463,-1636.5728595724577,-12.945973570448587,-1721.411547527845
2023-03-27,11:07:26,1679933044,,1232,,2516.4920992734187,649.8157738675145,22.379260051924405,-1246.161205434957
2023-03-29,11:35:25,1680107165,,1247,,2531.8925380979927,2978.1607382674847,20.72772464732401,-1274.321553192577
2023-04-10,12:23:53,1681146993,,1359,,-4285.250852011843,-3667.730194212738,8.329593626307883,-724.3188164494745
2023-04-14,10:57:10,1681487704,,1317,,-81.5720807206526,1812.1039054673456,0.3538927591889376,-315.06984272813816
2023-04-17,16:13:07,1681765571,,1362,,-1669.3707642469235,3221.1387986672635,-22.60071345461219,-199.55088600099862
2023-04-19,10:36:08,1681918391,,1466,,-1281.8610550632002,-1178.4027814929432,2.8153077401585165,-668.2626304538317
2023-04-21,10:46:13,1682091576,,1423,,5057.524353639681,6241.474987227142,63.81637590001293,-221.6029668819874
2023-04-24,12:29:32,1682356952,,1353,,5963.988972458326,2829.531820027274,-48.80979221185197,-507.8546773464268
2023-04-26,12:12:53,1682529008,,1363,,4332.922598341378,2282.095129627254,-28.577482481585548,-471.9615758515065
2023-04-28,10:55:03,1682696956,,1374,,6043.149586812731,3820.6147701872396,15.678058221707488,-37.47916420709498
2023-05-03,11:20:10,1683130402,,1371,,5094.269499047819,5816.745777307238,-18.39163469737241,-1316.247094655571
2023-05-08,11:26:34,1683562984,,1329,,4061.9482703390095,-1500.4201230126782,-24.367335564491384,-1207.998120934234
2023-05-10,11:59:38,1683737394,,1407,,4401.830552226798,4767.173691867174,64.44468033158668,-486.0319292738591
2023-05-12,12:33:38,1683912257,,1467,,-201.56769247489865,387.55354946705484,-25.16146128681484,481.32667969566
2023-05-15,11:03:44,1684166542,,1416,,-3649.5291844784515,-8817.219329492844,-33.34624091117354,876.2718620715686
2023-05-17,10:39:48,1684337914,,1483,,-3491.873891062016,-6398.145155172977,56.210234281611434,-686.2443579124683
2023-05-22,11:30:39,1684772861,,1485,,-3344.287165885413,-6110.232493252981,-14.743303772335281,-498.0657376134841
2023-05-24,17:26:55,1684967016,,1445,,1620.9783305823876,1042.5142683470986,-3.672542693400942,-410.6381435931635
2023-05-26,11:15:53,1685117384,,1433,,769.4579795227328,-26.961703172877606,43.04868563027935,-559.7098653870676
2023-05-31,12:01:24,1685552317,,1528,,-843.6725745882941,1002.8897380269336,-6.7443719321896936,-947.7254011853288
2023-06-02,10:21:42,1685719017,,1540,,-4152.152223528632,-5733.63429045309,132.53439974413,-427.6536793914247
2023-06-05,10:42:31,1685979592,,1445,,1716.9783305823876,-1665.4857316529014,51.32745730659906,-637.6381435931635
2023-06-07,12:16:13,1686158088,,1475,,69.77920823154273,-2407.795802852961,16.024386497398297,-262.95883910840394
2023-06-12,11:05:09,1686585692,,1612,,-7449.030117170667,-14848.778461333226,-11.792970197951803,313.776651371998
2023-06-14,16:45:51,1686778721,,1642,,-6511.229239521519,-9381.088532533286,-26.096041007152564,-1197.544044143242
2023-06-19,11:19:51,1687191510,,1503,,-1515.0066392959197,-7417.018535973017,63.67485374214425,-1747.4581549226286
2023-06-21,11:12:45,1687363793,,1488,,2078.5929218795063,-80.36350037298689,322.32638914674465,-1596.2978071650082
2023-06-26,11:28:20,1687796281,,1431,,6032.871254346115,2047.1256349071264,76.00222368422607,-1656.8884856860514
2023-07-14,12:10:08,1689353713,,1494,,5850.353097409337,2470.374485387001,-0.534225015095501,-1470.7619462680564
2023-07-19,11:28:31,1689783721,,1512,,2637.6336239988304,-2797.4115573330346,32.88393249938403,-1154.1543635772005
2023-07-20,11:34:32,1689870282,,1536,,3252.6743261181473,-551.4596142930823,-29.558524147976556,-922.0109199893927
2023-07-31,10:52:11,1690817713,,1493,,4534.0597348210285,1663.4181544270032,-44.55745598812214,-749.351256417548
2023-08-02,11:54:20,1690994373,,1449,,5343.151780935608,-1570.6604078129094,-50.57961880129437,-75.2809029951959
2023-08-07,17:02:48,1691445475,,1518,,-290.6062004713458,-3672.6735715730465,-45.976681662456116,334.38149731975136
2023-08-11,11:52:10,1691771915,,1576,,657.4088296503469,-1126.2063758931545,-25.629285226910895,68.56148599028666
2023-08-14,09:48:02,1692024092,,1511,,4650.340261410522,214.6321117069674,-18.13929847364261,-22.743673726692577
2023-08-18,10:57:03,1692374144,,1526,,6649.740700235096,2713.9770761069376,24.209166121757022,-1074.9040214843126
2023-08-21,10:10:46,1692630442,,1507,,6143.166811057301,2071.8067878669754,-28.23222236574918,-552.1009143246602
2023-08-23,09:53:53,1692801603,,1509,,4441.753536233911,-630.2805502130286,88.8142395803041,-1138.9222940256764
2023-08-25,11:11:33,1692979800,,1508,,7815.46017364561,3159.7631188269734,14.79100860727749,-1260.5116041751685
2023-08-28,16:56:07,1693259011,,1525,,7341.447337646794,5451.02074514694,15.18593514873038,-1303.4933316338047
2023-09-11,16:27:21,1694467555,,1629,,390.95704683051736,-2023.5208350132598,-47.398043656498885,-322.20507608663775
2023-09-13,10:33:07,1694618650,,1536,,4637.674326118147,-1044.4596142930823,-51.558524147976556,-314.01091998939273
2023-09-15,10:23:33,1694790978,,1503,,6033.99336070408,213.9814640269833,-2.3251462578557494,-934.4581549226286
2023-09-18,11:05:34,1695052696,,1574,,4626.822104473744,1146.8809621868495,-40.67574717296418,4.382865691302868
2023-09-18,11:11:21,1695053252,,1578,,4687.995554826957,682.7062860268416,-39.58282328085761,150.74010628927044
2023-09-18,11:16:30,1695053707,,1511,,2185.3402614105216,-4407.367888293033,-56.13929847364261,833.2563262733074
2023-09-20,10:49:58,1695224799,,1620,,5735.316783535774,5652.872186346758,-25.607122413738665,-362.5088674320659
2023-09-22,10:47:24,1695396990,,1695,,-406.6810223413486,-1322.402991653391,3.1352005632594455,134.68939377983315
2023-09-26,11:17:31,1695744973,,1661,,-486.65535034371715,-4363.918244293323,-33.65465251964636,298.6528486971056
2023-09-29,12:07:26,1696007065,,1618,,3732.730058359157,1858.959524426762,-38.65358435979195,647.3125122689503
2023-10-04,10:25:50,1696432927,,1594,,3042.68935623984,-509.99241861319024,-12.211127712431335,-41.83093131885744
2023-10-09,11:32:20,1696869063,,1635,,850.7172223603484,-1334.7828492532717,-18.25865781833903,-1188.669215189686
2023-10-13,11:00:10,1697212642,,1462,,7465.965494583579,-2744.2281053329352,-38.27761615194805,-1602.6198710518001
2023-10-16,11:36:58,1697474064,,1598,,3888.8628065930607,192.8329052268018,-36.118203820324794,-914.4736907208894
2023-10-18,10:45:56,1697643298,,1584,,3826.7557303567883,-91.55572821317037,21.556562557302243,-820.7240328137773
2023-10-23,12:49:36,1698082713,,1594,,3476.68935623984,53.00758138680976,12.788872287568665,-1294.8309313188574
2023-10-27,11:12:06,1698422746,,1650,,3199.1176611849223,2788.5621151466985,-20.910193222939427,-1055.829562947306
2023-10-30,10:54:23,1698680797,,1657,,7919.171199303062,5936.256431866685,-31.74757641175293,-1268.7043919008624
2023-11-03,11:56:07,1699030382,,1671,,6368.278275539327,4323.645065306657,-0.42234278937993963,-600.4540498079746
2023-11-08,12:53:30,1699465392,,1614,,3574.556608005936,731.13420058677,-36.74650825189852,196.95527167098226
2023-11-13,10:35:27,1699889101,,1623,,5873.196871300686,1900.7411792267521,64.46257050534126,-907.74093698359
2023-11-20,09:42:59,1700491279,,1605,,8324.916344711193,3660.527221946788,-54.9555870091383,-676.3485196744459
2023-11-22,10:39:13,1700666858,,1508,,6701.46017364561,-3663.2368811730266,-52.20899139272251,-599.5116041751685
2023-11-24,11:09:02,1700841287,,1585,,6754.049092945097,-728.5993972531724,15.579793530328885,-1030.1347226642856
2023-11-27,11:46:45,1701102760,,1598,,5622.862806593061,-287.1670947731982,-25.118203820324794,346.5263092791106
2023-11-29,12:39:31,1701278847,,1669,,4863.691550362717,1065.7324033866607,-35.468804735433224,-460.63267010695836
2023-12-04,16:42:44,1701725782,,1743,,-3046.599618102715,-2778.499105573479,12.250287268538244,1275.9762809554486
2023-12-08,12:19:08,1702055270,,1602,,7922.036256946281,2777.658229066794,-26.025279928218225,-774.1164501229214
2023-12-11,16:31:51,1702330198,,1573,,6885.528741885435,198.9246312268515,2.3010218540091785,314.79355554181075
2023-12-18,11:06:25,1702915114,,1659,,7173.757924479665,6009.169093786681,-17.701114465699646,85.4742283981218
2023-12-24,10:44:32,1703432410,,1696,,268.61234024695295,244.55333930660709,-24.841568463713912,4712.278703929325
2023-12-27,11:16:02,1703692571,,1664,,1618.2247374211875,-2485.0492514133293,-70.58495960056644,-147.5792208544185
2024-01-01,12:06:33,1704128197,,1582,,3802.169005180178,-4152.468390133166,-69.48989938875104,-361.9026531127615
2024-01-03,13:05:49,1704304514,,1556,,7296.541577884251,1202.667004906878,-44.09390468744374,158.77528300044696
2024-01-05,11:40:32,1704472390,,1629,,6021.957046830517,182.47916498674022,-31.398043656498885,-1271.2050760866377
2024-01-08,12:00:43,1704732242,,1596,,4221.27608141645,-2160.079756693194,-42.16466576637808,-768.6523110198737
2024-01-15,17:24:32,1705356307,,1703,,-1569.3341216349072,-4861.752343973407,-51.67895165252742,392.4038749757692
2024-01-17,10:37:12,1705505760,,1693,,4907.732252482034,4159.684346426613,-53.91126138279384,673.5107734808494
2024-02-01,16:42:18,1706822665,,1735,,-1552.946518809149,-1511.1497532534704,-39.935560515674894,830.2617997595125
2024-02-02,11:11:35,1706889165,,1648,,752.530936008312,723.6494532267025,-48.95665516899271,1633.9918167537098
2024-02-05,11:28:38,1707150307,,1689,,3727.558802128813,4051.859022586621,-2.004185274900408,-1136.8464671171187
2024-02-06,10:02:47,1707231313,,1710,,2974.7194164832254,3072.9419727465793,-32.51633484134092,-828.4709539777868
2024-02-07,15:46:51,1707338260,,1600,,3851.449531769671,-131.25443285320216,-60.07174187427151,-458.2950704219056
2024-02-09,10:25:39,1707491920,,1582,,4213.169005180178,-195.4683901331664,-57.48989938875104,-598.9026531127615
2024-02-12,16:02:03,1707771319,,1709,,-2666.5739461050835,-4496.014358213419,0.46043418563243677,-878.060264127279
2024-02-19,15:45:58,1708375110,,1754,,-2659.3726296313544,-1798.9794650135009,-35.49417202816869,-448.54130740013943
2024-02-21,10:36:27,1708529437,,1639,,3249.890672713562,1918.0424745867203,4.834266073767537,-997.3119745917184
2024-02-28,16:14:36,1709154378,,1617,,1804.4366957708553,-3671.996806533236,-23.67681533281859,-487.27679788054184
2024-03-13,01:32:53,1710311402,,1650,,-5199.882338815078,-3466.4378848533015,19.089806777060573,-142.82956294730593
2024-03-13,11:07:51,1710345763,,1581,,-1614.1243574081236,2122.5752789068356,-4.513130361777684,-404.4919632622532
2024-03-15,12:17:57,1710522394,,1567,,3023.768566355604,5481.186645466863,-25.838363984150675,-803.7423053551411
2024-03-15,15:30:54,1710534530,,1564,,4097.888478590685,4903.317652586869,-32.9080569032306,-707.510235803617
2024-03-18,11:19:52,1710777703,,1648,,-6759.469063991688,-3914.3505467732975,-46.95665516899271,780.9918167537098
2024-03-20,12:29:03,1710954757,,1657,,4607.171199303062,2359.2564318666846,51.25242358824707,-609.7043919008624
2024-03-25,12:42:39,1711388480,,1573,,5776.528741885435,-914.0753687731485,-34.69897814599082,-612.2064444581893
2024-03-27,12:39:15,1711560218,,1632,,2636.8371345954365,-2658.6518421332657,-22.328350737418987,-917.4371456381618
2024-04-01,18:04:29,1712012063,,1645,,5147.6508482434,2075.7804603467084,-67.02634808807264,-309.7761136947661
2024-04-03,11:32:20,1712161265,,1742,,3460.1070193089836,3446.544563466523,-42.7729437044884,-15.61302919404352
2024-04-08,11:23:59,1712592754,,1678,,6202.331813657467,3577.339382026643,-47.259725978193444,-343.32887876153063
2024-04-15,11:20:26,1713197869,,1634,,3390.4238597720396,-1198.7391802132697,-15.281888791365702,686.741474660822
2024-04-17,11:59:53,1713372278,,1642,,4610.770760478481,-822.0885325332856,-61.096041007152564,-132.544044143242
2024-04-19,11:53:11,1713544999,,1642,,5009.770760478481,-862.0885325332856,-16.096041007152564,-545.544044143242
2024-04-19,12:10:33,1713546548,,1652,,4836.704386361533,-589.5252229333055,-14.863731276886142,-517.6509426483221
2024-04-22,10:57:06,1713800573,,1835,,-931.6102599786464,-2416.516657253662,28.387536786989273,-614.8071852912885
2024-04-24,11:00:23,1713974282,,1702,,5554.372515776784,3087.291325066595,-43.70218262555406,-712.1854351737229
2024-04-26,11:30:50,1714147794,,1662,,5517.638012244584,1350.0380866666746,105.36857845338028,261.2421588465977
2024-04-29,11:43:58,1714407947,,1648,,6736.530936008312,1246.6494532267025,-45.95665516899271,-242.00818324629017
2024-05-03,11:29:07,1714753109,,1648,,5615.530936008312,607.6494532267025,-13.956655168992711,-182.00818324629017
2024-05-06,11:31:00,1715012380,,1651,,4552.411023773224,2011.5184461066965,-60.886962249912784,2930.7597472021857
2024-05-08,10:59:59,1715183923,,1791,,1211.4817861359334,514.4047805064256,-56.63462602618296,2150.263168131064
2024-05-15,10:57:26,1715788027,,1633,,-4612.869502816262,-3865.6955111732677,-68.30511976439232,368.15216451132983
2024-05-17,11:01:01,1715960390,,1597,,-3306.430555995248,-3522.123425733196,-60.141434793351436,-4.063000870381529
2024-05-20,11:23:27,1716221061,,1527,,-733.9659371765956,-2044.0665929330644,-51.767602905216336,110.68528866517954
2024-05-22,15:30:05,1716408812,,1543,,508.72786423627986,-78.7652975730889,-59.39590733679006,-474.8857489429488
2024-05-24,11:47:10,1716568098,,1642,,662.770760478481,4061.9114674667144,228.90395899284744,-1473.544044143242
2024-05-27,10:47:18,1716824693,,1570,,-2495.351345879477,-4452.944361653143,64.23132893492925,-1313.9743749066652
2024-05-29,10:47:32,1716997486,,1580,,-167.41771999643242,1649.6189479468376,-57.536361334804326,-1234.0812734117453
2024-05-31,10:32:29,1717168598,,1558,,-1283.871696939139,-773.420333173126,-29.047442741390455,-711.0460967005693
2024-06-03,10:50:33,1717428648,,1571,,1513.9420167088247,3450.0119693068555,-57.745440092044106,-226.3850647571735
2024-06-05,10:24:16,1717600601,,1568,,275.0619289439055,1461.1429764268614,-49.81513301112403,-649.152995205649
2024-06-07,10:58:05,1717775810,,1541,,2152.141139059677,1433.322040506915,328.55763071715666,-856.0643692419326
2024-06-10,12:17:51,1718038554,,1532,,2176.5008757649266,1365.7150618669257,13.348551959916875,-465.36816058736076
2024-06-12,10:47:34,1718205799,,1556,,988.5415778842507,1421.667004906878,-66.09390468744374,-395.22471699955304
2024-06-17,12:15:04,1718643296,,1565,,420.18184117899364,206.27398354686738,-34.88482593020396,-1160.9209256541253
2024-06-21,11:03:34,1718984913,,1652,,-4049.2956136384673,-4130.5252229333055,24.136268723113858,-751.6509426483221
2024-06-24,11:28:27,1719245289,,1661,,-1556.6553503437171,2906.0817557066766,-20.654652519646362,1217.6528486971056
2024-06-26,15:40:51,1719433254,,1670,,-1809.0150870489742,3744.6887343466587,-6.445573762406582,435.95664004253376
2024-06-28,12:01:59,1719593420,,1594,,-1864.31064376016,-245.99241861319024,51.788872287568665,-11.830931318857438
2024-07-01,11:15:02,1719849319,,1756,,-3733.785904454744,166.93319690649514,23.552289917884593,138.63731289884436
2024-07-05,11:37:03,1720196255,,1649,,-1421.1757014033792,-240.39421581329952,0.06657580403393126,-25.418873096798052
2024-07-08,11:27:44,1720455742,,1594,,-1806.31064376016,-1664.9924186131902,-46.211127712431335,-82.83093131885744
2024-07-10,11:46:03,1720629407,,1606,,-3028.790292700498,-2655.516447093214,-47.932356036111656,253.2407904750462
2024-07-12,10:48:27,1720799235,,1623,,-3406.8031286993137,-3614.258820773248,-34.53742949465874,78.25906301640998
2024-07-15,10:38:57,1721057235,,1686,,-5268.3212856360915,-5230.009970293373,84.92612180601967,-672.6143975655946
2024-07-19,17:30:48,1721427198,,1662,,-1840.3619877554156,337.03808666667464,1.3685784533802803,-1172.7578411534023
2024-07-22,10:06:55,1721659657,,1697,,-3380.0942971647455,-2521.490329733395,-25.81833749068727,-817.1319859211826
2024-07-29,11:23:54,1722268876,,1662,,1154.6380122445844,85.03808666667464,-47.63142154661972,-1064.7578411534023
2024-07-31,10:58:45,1722441443,,1669,,-618.308449637283,-1702.2675966133393,84.53119526456678,-1076.6326701069584
2024-08-03,01:09:44,1722664332,,1659,,-3219.2420755203348,-4190.830906213319,47.298885534300354,-638.5257716018782
2024-08-05,11:37:38,1722875749,,1688,,1040.2654395405116,1325.902691626623,-22.02741624792705,-1037.4357772666108
2024-08-07,10:43:40,1723044780,,1617,,1822.4366957708553,1370.003193466764,145.3231846671814,-1013.2767978805418
2024-08-12,12:46:03,1723483601,,1636,,1510.01058494865,1610.1734817067263,-5.235426845312418,-360.0799050401938
2024-08-14,16:47:13,1723671957,,1560,,2552.7150282374714,-1542.5076712531227,-27.00098079533717,-1133.867476401585
2024-08-16,15:21:22,1723839603,,1657,,3256.171199303062,3459.2564318666846,21.25242358824707,-11.704391900862447
2024-08-19,09:57:11,1724078544,,1731,,174.88003083763033,2137.0249229065375,37.97151559221854,-782.095440838455
2024-08-23,11:41:02,1724431172,,1674,,1336.1583633042464,2880.514058186651,-4.352649870300013,-1128.6861193594987
2024-08-26,11:49:14,1724689926,,1575,,3018.1154670620454,-183.16270685315249,29.347483800062463,-679.027824159205
2024-08-28,12:23:48,1724865100,,1699,,-2930.507571988128,-4258.577667813399,160.22812445536601,98.04663437780118
2024-09-02,15:55:43,1725310467,,1719,,-291.64032022203173,139.54895138656138,-49.30725608410114,-501.1671626323591
2024-09-04,15:40:48,1725481338,,1700,,-341.21420939982636,636.3786631465991,-43.74864457160734,-479.3640554727067
2024-09-06,12:31:52,1725642879,,1716,,-89.52040798694361,967.6799585065673,-30.376949003181096,-930.935093080835
2024-09-09,11:59:51,1725900037,,1879,,-5536.702306093226,-2732.4380950137493,-32.5903003998385,532.1224612863589
2024-09-11,10:32:14,1726067683,,1708,,656.132691306615,2108.0293108265832,-25.562796787394205,120.35042572322891
2024-09-13,12:01:32,1726246717,,1744,,-2207.306255514406,-655.542774613481,-37.72648175843511,-487.4344088950593
2024-09-16,16:35:30,1726522451,,1695,,-241.68102234134858,477.5970083466091,3.1352005632594455,300.68939377983315
2024-09-20,11:39:53,1726849735,,1714,,1270.892866836446,3699.7672965865713,14.576589050765648,336.8862866201807
2024-09-23,10:26:51,1727104227,,1745,,-2428.0128929260973,-2025.586443653483,-53.70325078540847,207.15490125443284
2024-09-25,12:44:54,1727285412,,1709,,-1771.5739461050835,-2372.0143582134187,55.46043418563244,-507.06026412727897
2024-09-30,11:20:26,1727712561,,1727,,-4244.29341951559,-9934.800400933455,-14.121408299888031,-318.45268143642306
2024-10-02,10:43:11,1727882806,,1723,,-471.46686986881105,-2039.6257247734466,146.78566780800543,-899.8099220343911
2024-10-04,10:53:52,1728056608,,1761,,1045.6809084867855,3155.714851706485,203.66844478301778,-795.4161363536955
2024-10-09,16:41:38,1728508665,,1737,,227.64020636746136,2495.7629086665256,71.11090143037839,-707.5595799415032
2024-10-14,17:42:43,1728945336,,1629,,-352.04295316948264,-1447.5208350132598,-39.398043656498885,-555.2050760866377
2024-10-23,10:21:25,1729696413,,1631,,1779.5437720071277,-105.60817309326376,77.6484182895544,-615.026455787654
2024-10-25,17:04:10,1729893561,,1670,,1521.9849129510258,2703.6887343466587,-10.445573762406582,-371.04335995746624
2024-10-30,17:41:30,1730327875,,1723,,-31.466869868811045,1490.3742752265534,79.78566780800543,-56.80992203439109
2024-11-01,12:17:20,1730480665,,1762,,-861.025728924913,-72.32881733351678,6.691675756044447,-511.8268262042038
2024-11-04,11:10:02,1730736525,,1773,,-1269.7987404535597,1725.1908232264614,76.94721645933748,-246.3444145597914
2024-11-06,11:25:58,1730910174,,1670,,1580.9849129510258,-348.31126565334125,-51.44557376240658,-639.0433599574662
2024-11-25,11:12:44,1732550211,,1690,,-1374.147835282878,-989.184646453381,6.019045698126234,-392.25715696762654
2024-12-02,11:37:31,1733156824,,1726,,209.41321789610083,1150.2432681065548,40.855360727085326,-1183.0419915859152
2024-12-04,11:53:49,1733330546,,1663,,-758.0686251671141,-594.0055823733273,56.39180942640692,-783.1685310039102
2024-12-10,01:10:22,1733810631,,1683,,-195.20137340101064,1721.121036826633,61.85642888693974,506.6176719859295
2024-12-13,09:48:35,1734100383,,1733,,2623.4667560142407,3620.9375848265336,9.017977538271822,-1011.9168205394712
2024-12-16,15:22:04,1734380443,,1745,,-1257.0128929260973,-572.586443653483,-3.7032507854084713,-150.84509874556716
2024-12-23,11:23:33,1734970875,,1703,,5230.665878365093,7386.247656026593,17.321048347472583,843.4038749757692
2024-12-27,10:54:54,1735314796,,1797,,-1940.7580383342429,1315.1427662664137,58.504759811976896,5.799029028015866
2025-01-01,12:44:33,1735753242,,1715,,-916.8137705752451,-1737.2763724534307,22.59982002379229,-340.52440323032715
2025-01-10,11:08:54,1736524475,,1787,,-3065.6916642172873,-1091.4205433335665,-33.727549918289526,229.90592753309602
2025-01-13,16:02:49,1736801456,,1697,,3367.9057028352545,6179.509670266605,-21.81833749068727,886.8680140788174
2025-01-20,12:58:31,1737395402,,1697,,693.9057028352545,3891.509670266605,16.18166250931273,92.8680140788174
2025-01-22,12:09:20,1737564895,,1727,,300.70658048440964,3677.1995990665455,-2.1214082998880315,205.54731856357694
2025-02-03,12:18:24,1738602968,,1764,,380.56099625169736,6371.583844586479,59.73813770209773,-573.6482059052196
2025-02-05,11:35:11,1738772835,,1657,,-254.82880069693783,21.25643186668458,-2.747576411752931,-224.70439190086245
2025-02-07,10:33:21,1738941725,,1663,,1132.931374832886,2994.9944176266727,59.39180942640692,905.8314689960898
2025-02-14,16:30:05,1739568284,,1715,,-1142.8137705752451,404.72362754656933,-5.40017997620771,-553.5244032303272
2025-02-17,10:55:59,1739807166,,1762,,-686.025728924913,2379.671182666483,12.691675756044447,-712.8268262042038
2025-02-24,17:42:58,1740435901,,1742,,-1246.8929806910164,2108.544563466523,-0.772943704488398,-45.61302919404352
2025-02-26,12:20:04,1740589442,,1796,,-1887.0514009225444,1079.1864353064157,25.481528838950254,-935.7902811214763
2025-03-03,11:27:35,1741018740,,1685,,-98.6146482244003,2030.033698746629,8.902890832993023,259.7962922849133
2025-03-05,12:26:45,1741195487,,1741,,-3306.186343279318,-2135.411767493475,-13.79617467751504,54.79766065646436
2025-03-07,11:38:40,1741364432,,1679,,-817.3748237542313,63.295712986640865,-34.23649500516683,-170.7395686120385
2025-03-12,11:38:44,1741796902,,1787,,-2321.6916642172873,-21.420543333566457,165.27245008171047,-579.094072466904
2025-03-14,12:48:58,1741974082,,1808,,-3683.5310498628824,-482.3375931736082,-1.2396994847300675,503.28144067242783
2025-03-17,16:02:12,1742245258,,1785,,565.7216106061023,2035.6667947464375,3.2259881356571896,-1153.2726927658878
2025-03-22,05:19:19,1742637893,,1716,,1705.4795920130564,3601.6799585065673,25.623050996818904,1.0649069191649687
2025-03-31,11:17:19,1743437665,,1747,,-274.4261677494942,2428.326218266513,-48.65678883935519,-533.6664784465834
2025-04-02,13:02:34,1743616513,,1796,,-1448.0514009225444,2665.1864353064157,-20.518471161049746,-8.790281121476255
2025-04-07,16:52:36,1744061818,,1695,,1681.3189776586514,4229.597008346609,-3.8647994367405545,-567.3106062201668
2025-04-09,17:16:34,1744236287,,1777,,-1459.625290100339,1002.0161470664534,-3.9598596485559483,-440.9871739618238
2025-04-11,10:53:42,1744386320,,1777,,-4752.625290100339,-3233.9838529335466,-16.95985964855595,-45.98717396182383
2025-04-16,11:11:51,1744819050,,1693,,-987.2677475179662,17.684346426613047,159.08873861720616,37.510773480849366
2025-04-18,12:15:04,1744995346,,1653,,1779.9977489498415,2911.4311080266925,-26.8405003038595,221.93836750116952
2025-04-21,12:00:58,1745254573,,1754,,-1438.3726296313544,780.0205349864991,-3.494172028168691,570.4586925998606
2025-04-23,12:12:17,1745427603,,1660,,-66.94871293202596,300.1254247466786,27.322116507326996,903.0635385476135
2025-04-25,11:36:09,1745598849,,1656,,1371.8778367147534,1775.3001009066866,23.229192615220427,-294.2937020503541
2025-04-28,10:16:50,1745852336,,1722,,1834.2397675428801,6117.417944266563,93.76243683497876,918.6007678161168
2025-04-30,10:10:20,1746024542,,1749,,1504.1605574271234,5801.238880186509,51.3896731066981,1837.5121418524004
2025-05-02,12:15:40,1746204702,,1706,,-149.45403386999533,496.1166489065872,20.39074126655251,553.1718054242451
2025-05-05,12:11:34,1746464944,,1740,,-1074.4797058676195,1014.6319015465269,-8.819405650541682,308.2083505069727
2025-05-07,11:58:35,1746636973,,1731,,-760.1199691623697,2095.0249229065375,10.971515592218537,66.90455916154497
2025-05-12,12:52:30,1747071718,,1664,,4304.2247374211875,6884.950748586671,-0.5849596005664353,416.4207791455815
2025-05-14,10:56:46,1747237811,,1665,,2927.5181000094963,5394.907079546669,-17.561728627539793,717.0100892950736
2025-05-16,12:00:25,1747413605,,1696,,1529.612340246953,5330.553339306607,-1.8415684637139123,38.278703929325275
2025-05-19,12:03:45,1747673167,,1706,,1346.5459661300047,4990.116648906587,11.39074126655251,766.1718054242451
2025-05-26,12:29:20,1748279904,,1692,,2458.4388898937323,5547.728015466615,-29.93449235582048,2439.9214633313572
2025-05-28,16:01:34,1748465742,,1681,,873.211901422379,2339.208374906637,1.8099669408864543,1064.4390516869453
2025-05-30,10:30:44,1748618833,,1641,,470.4773978901794,-432.04486349328363,12.880728019820793,206.8666457072659
2025-06-02,11:36:22,1748881340,,1705,,-395.74739645830414,682.1603179465892,30.367510293525868,722.582495274753
2025-06-06,10:49:34,1749224869,,1684,,-423.9080108127091,517.0773677866309,-33.12034014003362,414.20698213542164
2025-06-09,10:57:14,1749483509,,1731,,-2765.1199691623697,-391.97507709346246,-56.02848440778146,1144.904559161545
2025-06-11,12:12:11,1749661738,,1720,,-2149.346957633723,-174.49471765343333,-28.284025111074527,124.422147517133
2025-06-13,11:06:48,1749830497,,1703,,-2939.334121634907,-3755.752343973407,5.321048347472583,346.4038749757692
2025-06-16,10:59:59,1750089336,,1727,,-3150.2934195155904,-2254.8004009334545,95.87859170011197,2364.547318563577
2025-06-23,12:40:33,1750700350,,1723,,-862.466869868811,-1667.6257247734466,-0.21433219199457199,167.1900779656089
2025-06-25,12:52:40,1750873235,,1707,,-228.16067128168652,-337.92702013341477,-31.586027760420848,-600.2388844262628
2025-06-27,11:53:17,1751042170,,1648,,1371.530936008312,-1128.3505467732975,-47.95665516899271,-954.0081832462902
2025-06-30,12:41:52,1751304590,,1731,,-1133.1199691623697,-525.9750770934625,-72.02848440778146,-628.095440838455
2025-07-02,11:08:08,1751471604,,1774,,-4355.505377865251,-5967.852845813541,-50.029552567635875,908.2448955897003
2025-07-07,10:33:35,1751901384,,1766,,-389.8522785716923,131.49650650647527,-29.215400351848984,885.5304143937647
2025-07-09,10:10:05,1752072689,,1754,,1199.6273703686456,2169.020534986499,-15.494172028168691,613.4586925998606
2025-07-11,09:56:10,1752244589,,1747,,1658.5738322505058,2919.326218266513,-16.656788839355187,-656.6664784465834
2025-07-16,12:59:57,1752688338,,1757,,625.5074581335648,2891.889527866493,-37.424479109088765,-167.77337695166352
2025-07-18,11:23:31,1752855231,,1719,,-707.6403202220317,-568.4510486134386,-23.30725608410114,98.83283736764088
2025-07-21,10:31:25,1753111140,,1768,,940.734446604918,3986.4091684264713,-31.1689384057957,1612.709034692748
2025-07-28,10:09:37,1753714839,,1798,,-3816.464675745934,-219.9009027735883,13.527990785003539,909.388339177508
2025-07-30,12:05:08,1753895029,,1660,,4249.051287067974,6137.125424746679,34.322116507326996,-65.93646145238654
2025-08-04,10:28:24,1754320755,,1667,,-2128.8951748138934,-1202.1802585333353,-42.51526668148651,2415.1887095940574
2025-08-06,17:52:20,1754519758,,1726,,-2304.586782103899,-5852.756731893445,26.855360727085326,-789.0419915859152
2025-08-11,12:13:45,1754932089,,1716,,2648.4795920130564,1946.6799585065673,25.623050996818904,-1373.935093080835
2025-08-13,12:11:22,1755104126,,1732,,-103.82660657406086,-972.0187461334572,-24.00525343475482,-1007.5061306889634
2025-08-15,12:48:28,1755279041,,1706,,355.5459661300047,-2490.883351093413,73.39074126655251,-897.8281945757549
2025-08-18,17:07:54,1755554195,,1594,,5579.68935623984,140.00758138680976,-22.211127712431335,-1310.8309313188574
2025-08-20,17:24:58,1755727916,,1755,,-2717.079267043053,-6282.023134053503,-45.47094105514205,185.04800274935224
2025-08-25,15:12:24,1756151936,,1695,,2261.3189776586514,5477.597008346609,15.135200563259446,1893.6893937798332
2025-08-27,16:29:02,1756329621,,1898,,-5988.128416915424,-3531.267806773787,-15.148911912332323,732.3193541267065
2025-08-29,16:03:59,1756501360,,1707,,-1000.1606712816865,-740.9270201334148,23.413972239579152,1389.7611155737372
2025-09-01,12:01:29,1756745157,,1720,,913.6530423662771,2214.5052823465667,-30.284025111074527,371.422147517133
2025-09-03,11:18:08,1756916198,,1603,,2555.32961953459,183.61456002679188,64.99795104480842,265.4728600265703
2025-09-05,11:45:29,1757090653,,1644,,809.3574856550913,-1984.1758706132896,103.95042093890072,733.6345761557418
2025-09-08,11:35:15,1757348411,,1682,,1627.5052640106878,1498.164705866635,-12.166802086086875,372.0283618364374
2025-09-10,17:02:12,1757540637,,1700,,1795.7857906001736,860.3786631465991,0.2513554283926567,-757.3640554727067
2025-09-12,11:28:50,1757693901,,1698,,133.1990654235633,-1364.533998773397,36.20489348233937,-970.5426757716909
2025-09-15,18:25:03,1757977988,,1637,,2565.3039475369587,541.1298126667243,-7.212195872285747,-115.49059489070214
2025-09-17,17:32:12,1758147384,,1645,,-240.3491517565999,-4292.219539653292,12.973651911927362,-363.7761136947661
2025-09-17,17:42:26,1758148711,,1655,,-830.4155258735555,-3505.6562300533114,27.205961642193785,-323.88301219984623
2025-09-24,11:41:53,1758731708,,1722,,-590.7602324571199,164.4179442665627,-24.237563165021243,1610.6007678161168
2025-09-26,11:19:03,1758903369,,1698,,-1271.8009345764367,-867.5339987733969,7.204893482339372,2228.457324228309
2025-09-29,11:42:12,1759162988,,1708,,-633.867308693385,-1658.9706891734168,-3.5627967873942055,915.3504257232289
2025-10-03,12:27:09,1759511635,,1705,,302.25260354169586,2903.160317946589,25.367510293525868,2157.582495274753
2025-10-13,10:20:54,1760367840,,1673,,4769.865000715938,4554.557727226653,25.624119156673316,832.7245704910097
2025-10-15,11:08:47,1760543805,,1717,,1726.772954601358,1662.6362894665654,-23.353718030154425,-382.3457829313429
2025-10-22,18:08:54,1761174332,,1710,,1506.7194164832254,2463.9419727465793,-8.516334841340921,235.52904602221315
2025-10-24,12:07:41,1761325588,,1706,,-1382.4540338699953,-2047.8833510934128,-29.60925873344749,547.1718054242451
2025-10-29,12:00:13,1761756516,,1786,,-1691.9850268055889,-725.3768742935645,-45.75078089131617,221.31661738360435
2025-11-03,10:34:59,1762183242,,1709,,1368.4260538949165,1722.9856417865813,-19.539565814367563,-11.06026412727897
2025-11-10,11:24:35,1762791776,,1859,,-4873.5695578593295,-6846.5647142137095,43.94508013962866,-380.6637417034808
2025-11-12,09:36:07,1762957261,,1708,,-380.867308693385,-1804.9706891734168,0.43720321260579453,78.35042572322891
2025-11-14,11:18:33,1763136312,,1739,,-220.7730684559283,866.6755705865216,-6.842636623568325,891.619040357481
2025-11-17,11:02:03,1763395145,,1684,,2114.091989187291,4377.077367786631,37.87965985996638,2786.2069821354216
2025-12-12,15:55:48,1765554816,,1398,,-5644.809711067945,-2313.433286772808,-55.7643984256531,193.6642793807132
2025-12-15,10:49:01,1765794791,,1370,,-10121.02386354049,-9939.210553652752,-61.41486567039908,1139.1635951949374
2025-12-17,10:17:51,1765965945,,1469,,-7805.980967298288,-1902.5337886129491,-46.11499934076156,767.5052999946438
2025-12-19,12:43:36,1766147231,,1359,,-7279.250852011843,-4242.730194212738,-52.67040637369212,1384.6811835505255
2025-12-24,12:00:02,1766577170,,1295,,-7444.026057663366,-4547.935375652611,-38.15718864739719,2205.9653339830384
2026-01-09,11:55:37,1767958986,,1365,,-7862.490676482012,-5134.99220845275,-22.531020535532264,-441.7829555525227
2026-01-14,16:29:29,1768407926,,1342,,-5995.238016013027,-4517.987820532704,-40.065332915145035,-313.3370889908383
2026-01-21,11:21:17,1768994173,,1293,,-5782.612782839977,-6401.848037572607,0.796349406549524,-1213.2132863159459
2026-01-23,10:41:39,1769164305,,1344,,-8011.651290836417,-8041.075158612708,16.98112903090825,-1092.1584686918545
2026-01-26,11:12:09,1769425438,,1422,,-10843.769008948628,-7947.481343732856,-65.20685507301371,-582.1922770314795
2026-01-28,11:31:32,1769598738,,1351,,-7849.597752718284,-4456.380841892722,-52.856254157905255,-900.0332976454106
2026-01-30,18:08:08,1769796038,,1354,,-5046.717664953365,-2317.5118490127206,-56.78656123882533,-33.265367196934676
2026-02-02,10:07:05,1770025371,,1315,,-673.1588058972629,2126.1912435473496,41.30743081313565,-615.2484630271219
2026-02-04,10:06:31,1770198503,,1417,,-8225.23582189015,-5174.262998532846,2.6769900618530755,-362.13882777893923
2026-02-06,10:25:59,1770372612,,1437,,-6739.3685701240465,-2607.1363793328856,-17.85839047761408,-302.35262478909954
2026-02-09,11:44:17,1770636273,,1378,,-7563.676962834048,-6083.559905972768,-49.22901788618594,-333.12192360912695
2026-02-11,10:58:44,1770806317,,1359,,-5468.250852011843,-2759.730194212738,-48.67040637369212,530.6811835505255
2026-02-13,10:22:34,1770977094,,1427,,-7211.302196007098,-4022.6996889328657,-32.0907002078805,507.7542737159806
2026-02-16,10:26:09,1771236148,,1399,,-7515.516348479643,-5262.47695581281,-30.741167452626456,1435.2535895302049
2026-02-18,10:40:50,1771410393,,1333,,-5436.87827930777,-2846.594799172686,-31.274411672384815,752.3591196637335
2026-02-20,10:26:03,1771582995,,1369,,-5253.317226128791,-889.1668846127577,-10.438096643425695,1516.5742850454453
2026-02-23,09:54:05,1771839859,,1384,,-8885.916787304217,-5954.82192021278,-26.08963204802609,2163.4139372878253
2026-02-25,11:42:13,1772018391,,1365,,-7572.490676482012,-4950.99220845275,-57.531020535532264,667.2170444474773
2026-02-27,11:53:30,1772191801,,1403,,-7218.342898126422,-3699.651631972818,-46.64824356051989,-82.38916987182711
2026-03-02,15:44:16,1772465774,,1319,,-4467.985355544042,-3198.9834326126584,-44.59964529475778,374.10877757084563
2026-03-04,12:11:31,1772625052,,1341,,-5759.531378601336,-3506.944151492702,-19.088563888171677,775.0736008596696
2026-03-06,10:23:18,1772791284,,1367,,-7161.903951305401,-3483.0795465327537,-66.48455858947898,1459.395664746461
2026-03-09,15:04:25,1773067430,,1492,,-10492.233627767273,-5978.538176532995,-49.580686961148785,-448.94056656704015
2026-03-11,11:59:09,1773229998,,1362,,-6348.3707642469235,-4568.8612013327365,76.39928654538781,-600.5508860009986
2026-03-13,11:35:55,1773400626,,1441,,-6199.195119770826,-2870.3110554928935,10.234533414492489,-718.9953841911315
2026-03-16,10:41:40,1773656335,,1387,,-5597.036699539298,-1999.9529273327862,107.98006087105384,-466.81813226369877
2026-03-23,10:58:59,1774262141,,1334,,-2831.5849167194683,-3843.638468212688,-56.25118069935817,1027.9484298132256
2026-03-25,11:25:17,1774436703,,1306,,-2573.799069192013,-7774.4157350926325,-78.90164794410413,-562.5522543725501
2026-03-27,10:45:02,1774606948,,1407,,-6511.169447773202,-3130.826308132826,-49.55531966841332,129.96807072614092
2026-04-01,12:11:11,1775045298,,1379,,-7903.383600245739,-10675.60357501277,169.7942130868407,-902.5326134596348
2026-04-03,16:44:24,1775233692,,1368,,-5390.6105887171,-4551.123215572748,35.53867238354766,-819.0150251040468
2026-04-06,12:09:42,1775476175,,1391,,-7697.863249186084,-6681.127603492794,-2.927015236839594,-839.4608916657307
2026-04-08,10:46:05,1775644675,,1390,,-7178.156611774386,-6011.083934452792,-5.950246209866236,465.94979818477714
2026-04-13,10:47:16,1776076888,,1390,,-5485.156611774386,-3628.083934452792,-34.950246209866236,-773.0502018152229
2026-04-15,10:22:19,1776247234,,1360,,-5285.957489423541,-6267.773863252733,-42.647175400665475,-1070.7295062999829
2026-04-17,11:22:42,1776424116,,1351,,-3115.597752718284,-1923.380841892722,-58.856254157905255,-443.0332976454106
2026-04-20,12:27:29,1776687743,,1342,,-4091.238016013027,-6120.987820532704,-33.065332915145035,-1249.3370889908383
2026-04-22,12:39:31,1776860679,,1416,,-6553.5291844784515,-4974.219329492844,37.65375908882646,-1151.7281379284314
2026-04-24,11:23:53,1777028705,,1356,,-3988.130939776762,-4302.599187092725,-32.740099292772044,-519.0867468979504
2026-04-27,10:40:57,1777285163,,1445,,-7970.021669417612,-4805.485731652901,-61.67254269340094,-716.6381435931635
2026-04-29,11:27:21,1777460778,,1528,,-10347.672574588294,-6874.110261973066,-24.744371932189694,-517.7254011853288
2026-05-01,11:32:28,1777633952,,1427,,-8696.302196007098,-6381.699688932866,-5.090700207880502,51.75427371598062
2026-05-06,12:37:37,1778069613,,1408,,-6286.876085184893,-3658.869977172828,25.467911304613324,1034.5573808756326
