date,time,n1fe,n2cu,n3zn,n4mo,n5ech5,n6sc,n7ech7,pFe,pCu,pZn,pMo,pIns,pSol,instance,n1fe_ortho,n2cu_ortho,n3zn_ortho,n4mo_ortho,cluster_kmeans,cluster_gmm
2021-07-12,11:25:17,42725,40545,191,3068,,1279,,,,,,,,1626106980.0,3.588884177331643,2.0074752022154883,0.6598416050384811,0.6702985918437513,0,1
2021-07-14,11:17:51,45294,45594,171,2775,,1273,,,,,,,,1626279335.0,4.5673600196964586,3.8785619150967294,0.277344271324977,0.4470541018532303,0,1
2021-07-26,11:09:46,43027,44648,207,2679,,1299,,,,,,,,1627315402.0,3.627919986347564,3.4227000500304934,0.8802995368253871,0.3558827316359562,0,1
2021-07-28,11:15:41,42361,43141,202,3393,,1293,,,,,,,,1627488787.0,3.402740024534303,2.8959704767571868,0.8132109810317254,0.9064473238986508,0,0
2021-08-02,11:26:38,39863,38542,252,1978,,1315,,,,,,,,1627921269.0,2.40037179096426,1.1335737691388783,1.4697364013314016,-0.5783690589913495,1,1
2021-08-06,10:46:03,42434,41506,180,2589,,1295,,,,,,,,1628264025.0,3.422506133292216,2.2908782201672144,0.4536866031879502,0.2821728710509994,0,1
2021-08-11,11:56:45,41885,43488,221,3612,,1304,,,,,,,,1628700139.0,3.1863115477496304,2.977037309118708,1.0722235164704623,1.0620193023615825,0,0
2021-08-13,10:49:46,43967,46213,174,3781,,1307,,,,,,,,1628869648.0,3.948027733713714,3.96364650251132,0.2971365716465158,1.1835851013369847,0,0
2021-08-18,11:15:53,41149,43717,185,5096,,1325,,,,,,,,1629302508.0,2.837865619522648,2.973277686951709,0.5073239990408943,2.1085097958588124,0,0
2021-08-23,12:07:18,36967,43574,222,4470,,1432,,,,,,,,1629737995.0,0.9261250827246116,2.4756947294872287,0.963967214556174,1.6177144399321626,0,0
2021-08-25,12:20:09,37538,42251,192,4099,,1369,,,,,,,,1629911212.0,1.3565346265768898,2.255118211953927,0.5756224176298667,1.3830314897599405,0,0
2021-08-27,11:22:32,38913,42582,168,3698,,1366,,,,,,,,1630080760.0,1.86807554327884,2.388185272606872,-0.0406073553230486,1.0945477634864025,0,0
2021-08-30,12:31:54,42417,43231,184,2795,,1325,,,,,,,,1630344035.0,3.3067718921826903,2.795587957148524,0.489448517212714,0.4353529020476641,0,1
2021-09-03,15:11:22,36507,39563,160,8030,,1355,,,,,,,,1630699205.0,1.033415811392579,1.3375601165154682,-0.3143540969439797,4.096755367645739,0,0
2021-09-06,10:28:57,41736,44752,217,4028,,1338,,,,,,,,1630941599.0,3.007421787050648,3.2979560780105976,0.984453475518451,1.346928143950578,0,0
2021-09-20,11:16:20,41066,42736,155,4511,,1316,,,,,,,,1632154016.0,2.839926253936227,2.652228776105559,-0.4055384203885616,1.701732989280167,0,0
2021-09-22,11:36:34,43495,47023,153,2859,,1344,,,,,,,,1632327159.0,3.637234609239725,4.1064071233028026,-0.5628864788689903,0.475857700279308,0,0
2021-09-27,11:15:13,37145,42072,173,2058,,1445,,,,,,,,1632757871.0,0.944133375233758,1.8750467449619417,-0.0562193794418177,-0.5885267085036805,0,0
2021-09-29,10:56:08,40732,38854,271,2622,,1344,,,,,,,,1632929867.0,2.61513615247194,1.1269307865251514,1.682074761616991,0.2823897673686892,0,1
2021-10-01,10:04:02,42223,41716,200,2777,,1339,,,,,,,,1633100306.0,3.1839100434718475,2.1847770528673216,0.7356768254195862,0.4135491422643922,0,1
2021-10-04,10:40:10,40105,43043,321,3129,,1383,,,,,,,,1633360951.0,2.2434057000575867,2.485658249979902,2.245077473376043,0.6638358943323205,0,1
2021-10-08,11:41:34,44289,42738,199,2615,,1310,,,,,,,,1633711148.0,4.056877700516297,2.677923811908418,0.7507795471517045,0.2960986128798191,0,1
2021-10-11,11:23:15,44824,43833,196,2823,,1292,,,,,,,,1633969202.0,4.322218256555543,3.153333292148232,0.7238693641921253,0.4748834975521024,0,1
2021-10-13,11:20:31,40347,43561,185,2231,,1402,,,,,,,,1634141504.0,2.2635929498305023,2.5956779964108274,0.4075776046798214,-0.2943337019015586,0,0
2021-10-19,17:37:05,43418,42512,171,2002,,1322,,,,,,,,1634682043.0,3.689054712791301,2.5455085173353527,0.1700990670813475,-0.5499553185130266,0,1
2021-10-21,11:02:52,36561,36444,178,2423,,1386,,,,,,,,1634831070.0,0.9429489054621156,0.0969010616532069,0.2539647567326258,-0.0067844479201046,0,1
2021-10-23,11:57:39,42728,41250,172,1995,,1320,,,,,,,,1635007363.0,3.440280725770514,2.0939739924289897,0.2074307396682652,-0.5582785359918071,0,1
2021-10-25,11:10:41,40732,39696,185,3524,,1319,,,,,,,,1635176880.0,2.705820094704699,1.5340367386140228,0.5145975540118277,0.9901926389445972,0,0
2021-10-27,10:22:56,39738,40383,173,5782,,1324,,,,,,,,1635346634.0,2.32188059893669,1.762401574655367,0.2306949975323413,2.5846410002712625,0,0
2021-11-01,12:21:57,37960,39292,195,4914,,1346,,,,,,,,1635787172.0,1.592212179321998,1.2767151594653845,0.6502630410765113,1.9713939394620044,0,0
2021-11-05,12:30:33,40818,41174,180,2334,,1375,,,,,,,,1636133281.0,2.5344452467348497,1.838585758654419,0.334724491101889,-0.1213416420289331,0,1
2021-11-08,10:10:25,35030,33975,182,2212,,1436,,,,,,,,1636383795.0,0.2229442454051065,-0.7944491773711404,0.2713430792831076,-0.3546524075639422,1,1
2021-12-09,11:25:17,34461,37957,137,3545,,1451,,,,,,,,1639066931.0,-0.0252205592359855,0.3692673442755405,-1.56220754499651,0.9407034975430548,0,0
2021-12-17,11:10:25,42024,40559,198,5224,,1303,,,,,,,,1639757144.0,3.2414142203157232,1.9131781666851413,0.7428907705005996,2.2079688735026566,0,0
2021-12-24,11:57:44,42854,42524,287,2933,,1311,,,,,,,,1640364307.0,3.519873072229545,2.595630974551582,1.9036358566001128,0.5506548836511884,0,1
2021-12-27,10:41:08,41183,42848,152,4331,,1334,,,,,,,,1640619333.0,2.817720467568688,2.618239352329395,-0.5755991833533601,1.5654821835639705,0,0
2021-12-31,10:57:56,39868,40106,233,3076,,1355,,,,,,,,1640965276.0,2.257571643652614,1.5339676560322282,1.1870970574930797,0.6377701486422556,0,0
2022-01-10,10:45:55,41883,40094,290,2247,,1327,,,,,,,,1641829198.0,3.1018087727429235,1.6451981560024989,1.9263575370920631,-0.1994187667836094,1,1
2022-01-12,11:09:09,38642,37540,235,3607,,1371,,,,,,,,1642002753.0,1.751129618903429,0.5452120857449896,1.1991089411323832,1.025585914404702,0,0
2022-01-19,10:05:07,40944,42038,190,3989,,1318,,,,,,,,1642603823.0,2.7876399545212025,2.3892501357398848,0.6005246919573175,1.3284978668042078,0,0
2022-01-28,15:28:51,33842,40223,152,6582,,1421,,,,,,,,1643400857.0,-0.1335165085219556,1.3043184950624562,-0.8224159205996501,3.088473993045881,0,0
2022-01-31,10:38:14,39062,41851,128,3639,,1338,,,,,,,,1643643357.0,2.023403416292414,2.238080860006605,-1.6175524199621036,1.0651416371656657,0,0
2022-02-11,10:45:10,39940,41715,170,2622,,1372,,,,,,,,1644593593.0,2.2225841233829726,2.0475976410972008,0.016731891105328,0.2654921118592641,0,0
2022-02-14,12:13:47,40378,42412,177,2121,,1356,,,,,,,,1644858443.0,2.4413560791559736,2.3677509064764064,0.2862941714690932,-0.4091496908361328,0,0
2022-02-21,12:36:42,38097,42637,206,3216,,1399,,,,,,,,1645464814.0,1.452290937922245,2.2712083548054203,0.7641804859209612,0.7215298262571759,0,0
2022-02-25,11:42:15,37299,40916,194,3655,,1373,,,,,,,,1645807183.0,1.2556266163495824,1.7532164923504203,0.6041589504104489,1.0597363932862691,0,0
2022-02-28,17:22:52,35158,40516,167,4043,,1413,,,,,,,,1646086667.0,0.3475457618291191,1.4431779921845405,-0.1982344444431833,1.3216600666084253,0,0
2022-03-02,11:07:08,29899,35696,186,6410,,1460,,,,,,,,1646236935.0,-1.184260686449878,-0.3902474419616895,0.3390412988178508,2.9532572301463094,0,0
2022-03-07,10:28:36,36248,40306,160,2987,,1405,,,,,,,,1646666486.0,0.7633943398645318,1.4001961908294351,-0.4498300064593294,0.5438239524160489,0,0
2022-03-09,11:40:58,32327,36582,181,1875,,1468,,,,,,,,1646842998.0,-0.6251534111790782,-0.1644554732878379,0.1691017818526982,-0.8829759889888764,1,2
2022-03-14,16:39:29,39798,42256,236,3663,,1325,,,,,,,,1647293675.0,2.34030781098096,2.439653671301853,1.2542038052690772,1.0890091424323112,0,0
2022-03-18,10:46:01,25369,30246,206,3327,,1582,,,,,,,,1647618224.0,-2.519331150950913,-2.2744152451391386,0.565008222384576,0.7129916478354847,2,2
2022-03-21,11:11:42,32647,34833,181,7357,,1381,,,,,,,,1647878813.0,-0.339036489363065,-0.3797886978979465,0.3502095595888926,3.6323343219470616,0,0
2022-03-23,11:51:50,38053,40710,160,5666,,1309,,,,,,,,1648054070.0,1.7588799676912854,1.943202976389424,-0.1927367599360219,2.511541376794917,0,0
2022-03-25,10:44:06,35250,37705,145,4149,,1366,,,,,,,,1648222541.0,0.5440912533211566,0.6244553547957765,-0.9583995385267756,1.4203080600551328,0,0
2022-03-30,10:50:01,37268,42864,183,4178,,1360,,,,,,,,1648654433.0,1.2907515758472037,2.515961359751666,0.4253975725988713,1.4439352337820646,0,0
2022-04-01,15:01:37,40837,37587,173,4359,,1230,,,,,,,,1648843003.0,3.068051109737284,1.1384419210889951,0.4037897975669535,1.6347672970675238,0,1
2022-04-04,10:25:56,36751,40921,255,5249,,1340,,,,,,,,1649085819.0,1.1748495817849922,1.8915328579116195,1.4859835164780768,2.2081548330677108,0,0
2022-04-20,11:43:31,40553,41007,231,3104,,1304,,,,,,,,1650472495.0,2.694257831215661,2.071895390666334,1.2071302947849054,0.6849105726006194,0,0
2022-04-22,12:33:35,37649,36815,280,2418,,1331,,,,,,,,1650648662.0,1.5327518294991913,0.4493115371278154,1.8028156968081923,0.0371695665982123,1,1
2022-04-25,10:58:29,38524,38743,246,3766,,1303,,,,,,,,1650901546.0,1.9525752292387493,1.255396555412528,1.403738913446612,1.1746436828841489,0,0
2022-04-27,11:20:27,38879,38915,167,3593,,1313,,,,,,,,1651076190.0,2.0464980824915333,1.2763570592169629,0.0541230070800663,1.0437243421299305,0,0
2022-04-29,11:19:13,37201,36899,178,3286,,1301,,,,,,,,1651248981.0,1.4772111392781728,0.6011002025967845,0.4063153800083865,0.8230477717543597,0,0
2022-05-02,11:39:13,38822,42552,193,2641,,1333,,,,,,,,1651508888.0,1.953571956144955,2.514371793433084,0.632538083583049,0.3052095336763988,0,0
2022-05-05,02:04:50,39007,39008,232,4475,,1312,,,,,,,,1651734052.0,2.0969993033214265,1.3140590624689157,1.2131151846557702,1.6781402458849746,0,0
2022-05-06,09:51:18,40074,41623,227,3498,,1320,,,,,,,,1651847787.0,2.4598688536212454,2.229739723718573,1.1388445644950171,0.9705860669929915,0,0
2022-05-11,12:20:58,34894,33644,206,2716,,1360,,,,,,,,1652288874.0,0.4386512469479216,-0.6456982012570391,0.8042751737099497,0.352783029266969,1,1
2022-05-16,09:35:33,35586,36397,160,2224,,1391,,,,,,,,1652711039.0,0.5761091919114639,0.0605981226507605,-0.4115774018871475,-0.2938247858199569,0,0
2022-05-27,11:02:14,38513,38175,271,2621,,1361,,,,,,,,1653666410.0,1.7399725866286495,0.8131256698507433,1.6676957333134252,0.2713335155177651,1,1
2022-05-30,11:15:09,40518,40647,203,5080,,1298,,,,,,,,1653926874.0,2.703126116661292,1.9658570867206264,0.8229092358353185,2.1099393866197462,0,0
2022-06-06,11:47:39,41529,38856,246,1748,,1277,,,,,,,,1654532853.0,3.1529107011860207,1.4032537794434037,1.426595708407573,-0.8819674125763437,1,1
2022-06-08,12:24:28,43517,40588,179,2947,,1258,,,,,,,,1654707925.0,3.960039255731772,2.110142335068608,0.4822501662257447,0.5887170773040716,0,1
2022-06-13,18:14:32,36221,37567,237,1739,,1432,,,,,,,,1655161760.0,0.6586690856708189,0.307774216643795,1.1698455680046882,-1.0508904080535546,1,1
2022-06-15,10:38:45,43196,41703,163,1742,,1296,,,,,,,,1655306843.0,3.701649093114413,2.358511675694816,-0.0475819219661805,-0.9099379263308902,0,1
2022-06-17,16:17:10,38748,38525,157,2198,,1353,,,,,,,,1655499800.0,1.8545364991064792,0.9715680552755273,-0.4270381668192722,-0.2946880233602466,0,1
2022-06-20,11:17:54,38829,36956,263,1961,,1349,,,,,,,,1655741066.0,1.8985345409083347,0.4265193683706626,1.578721293329992,-0.6369432708542333,1,1
2022-06-22,10:35:30,39814,42790,160,2107,,1370,,,,,,,,1655911706.0,2.1835773518387933,2.447407209419145,-0.3546580573918827,-0.4431877595332464,0,0
2022-06-24,10:46:31,38046,36751,221,1283,,1358,,,,,,,,1656085151.0,1.5805206364633722,0.317393919901507,1.021074028466846,-1.6690780788347144,1,1
2022-06-27,11:34:11,40202,40495,184,1499,,1345,,,,,,,,1656346722.0,2.416447933140381,1.7162290522597865,0.464278839202185,-1.3259341326405611,1,1
2022-06-29,09:46:02,40737,40881,224,1447,,1348,,,,,,,,1656513825.0,2.60247531011947,1.843902460297223,1.0719119770382004,-1.4080999662695552,1,1
2022-07-04,15:10:46,36011,37342,172,3149,,1383,,,,,,,,1656964746.0,0.7560632804773816,0.4260208494569336,0.0608484821609107,0.6789991494399297,0,0
2022-07-08,10:29:35,40838,40871,185,2358,,1310,,,,,,,,1657293807.0,2.777582882349907,1.9975792986095515,0.525413346882997,-0.0265523491286506,0,1
2022-07-18,11:59:27,43332,38629,198,2135,,1267,,,,,,,,1658162883.0,3.8582776108775625,1.3623825142924328,0.7802426846052885,-0.3026394036098869,0,1
2022-07-20,11:35:57,41694,37900,201,1863,,1295,,,,,,,,1658334194.0,3.148409113728822,0.9844659498128168,0.7963251895550796,-0.7285923696375965,1,1
2022-08-01,12:56:50,40361,40665,277,2953,,1337,,,,,,,,1659376361.0,2.503901914411049,1.810987474109916,1.7613798738823323,0.5526791165206094,0,1
2022-08-05,17:04:48,41995,39612,304,2484,,1295,,,,,,,,1659736335.0,3.259833461570188,1.6026587493667406,2.117737573730274,0.1590669673381542,0,1
2022-08-15,12:24:33,40264,42972,345,1483,,1350,,,,,,,,1660584135.0,2.421149957358018,2.596954764906928,2.544511551359818,-1.3553383454323722,1,1
2022-08-17,18:01:49,44187,39988,273,1501,,1265,,,,,,,,1660776877.0,4.183845324228836,1.86304544351547,1.7728925870625127,-1.2417511956410536,1,1
2022-08-29,10:34:01,45401,40595,204,2297,,1230,,,,,,,,1661786930.0,4.765432505428116,2.228820952338433,0.9053573106676616,-0.0370561225371657,0,1
2022-09-07,16:00:58,35162,32922,178,2391,,1405,,,,,,,,1662584254.0,0.3767599397589001,-0.9882523353442668,0.2126216921570544,-0.0692509442971131,1,1
2022-09-12,11:15:33,45068,40846,152,3153,,1250,,,,,,,,1662998294.0,4.56750116310598,2.237239103555676,-0.3450942663233452,0.7490597925329602,0,1
2022-09-21,15:25:23,46351,42315,200,1564,,1265,,,,,,,,1663791458.0,4.991872919155706,2.710698928668882,0.8120795149327477,-1.1464370704473097,0,1
2022-09-26,11:25:33,42098,42361,171,1655,,1362,,,,,,,,1664209250.0,3.05392086196191,2.3242489278572984,0.0763550242680369,-1.1069524360525034,0,1
2022-10-10,13:25:59,47125,43970,166,2808,,1261,,,,,,,,1667093908.0,5.2964381214503256,3.3328946420449688,0.142972674813253,0.4793756281836229,0,1
2022-10-12,11:51:55,45985,41896,179,2121,,1267,,,,,,,,1667096116.0,4.84761038817743,2.549405905630319,0.4709215896256121,-0.322856843397785,0,1
2022-10-21,15:54:07,41650,40827,227,2626,,1360,,,,,,,,1667106214.0,2.895649138414825,1.774669643370966,1.1016164412852576,0.2764426925012502,0,1
2022-10-28,11:50:32,44443,43232,213,2088,,1310,,,,,,,,1667115717.0,4.114220711278184,2.858422581276461,0.955235026074299,-0.4124263442428089,0,1
2022-10-31,15:30:57,44974,43834,175,2237,,1307,,,,,,,,1667247666.0,4.323099026518455,3.091133245369235,0.3257232950885307,-0.1946081394142105,0,1
2022-11-02,15:32:16,46254,45315,194,2674,,1294,,,,,,,,1667421057.0,4.848826295542822,3.688263627383437,0.6908010658895759,0.3545224602138668,0,1
2022-11-04,11:01:05,45073,45828,178,3653,,1310,,,,,,,,1667577572.0,4.349004958127019,3.809668212796079,0.3933926538921088,1.0890287011226705,0,1
2022-11-07,10:46:44,47601,46006,181,3100,,1268,,,,,,,,1667835913.0,5.449039332495604,4.050882838482835,0.5058320377899514,0.7000810247692456,0,1
2022-11-16,12:44:17,43992,43092,176,1934,,1331,,,,,,,,1668620309.0,3.86946245482324,2.7198247481174063,0.3073589406747465,-0.6590622436413941,0,1
2022-11-23,10:46:47,36946,35844,142,3244,,1406,,,,,,,,1669218035.0,1.0107140593616777,-0.1735419762103424,-1.205552868214778,0.7390816476809156,0,0
2022-11-28,09:49:23,39331,41972,131,2848,,1323,,,,,,,,1669646629.0,2.1760939720753587,2.344427896474217,-1.4380053088630935,0.4782423708915261,0,0
2022-12-05,15:38:30,42209,39927,169,1855,,1271,,31.31,22.19,0.111,0.93,10.56,25.57,1670272632.0,3.426666417112922,1.8160754694588668,0.2192353737073633,-0.7166598287497996,0,1
2022-12-07,12:08:22,37767,42287,149,2113,,1376,,29.19,26.77,0.081,1.18,10.0,19.11,1670432595.0,1.4146489233098098,2.239180985953454,-0.818584936405709,-0.4402856934312045,0,0
2022-12-09,10:52:37,41402,41343,131,1490,,1288,,31.11,23.491,0.057,0.736,11.16,24.94,1670600915.0,3.0658817811277634,2.260555886794408,-1.3319881466601915,-1.2817446919395117,0,1
2022-12-12,11:46:38,42728,40358,140,1557,,1239,,,,,,,,1670863062.0,3.73620849218511,2.1052266856982604,-0.8013554891631492,-1.1307635645491856,0,1
2022-12-19,12:31:16,42240,42157,144,1798,,1284,,30.57,24.726,0.079,0.9,9.06,24.33,1671470491.0,3.3907229123102987,2.573966093539425,-0.763451227128669,-0.8143244013127423,0,1
2022-12-21,11:33:45,42202,45079,174,1959,,1297,,28.18,25.92,0.112,1.09,11.78,25.93,1671639742.0,3.32922021881291,3.589120228081587,0.3169529276818726,-0.5886280498520005,0,1
2022-12-26,11:53:59,41846,42764,141,2566,,1279,,27.8,23.97,0.072,1.35,13.16,27.93,1672073294.0,3.2629740685975444,2.816467694764042,-0.874729807597819,0.2711637445517891,0,0
2022-12-28,09:56:38,41511,44929,163,2769,,1304,,26.84,27.01,0.261,1.56,10.52,25.44,1672239020.0,3.047955495994228,3.504843899187962,-0.0677240710806904,0.4258383146096148,0,0
2023-01-02,11:57:24,39476,40662,213,2165,,1327,,30.11,24.48,0.204,1.156,8.68,18.12,1672678559.0,2.2148462462054552,1.8512654907686128,0.9386936367083828,-0.3172317200722047,0,1
2023-01-04,10:54:30,35242,35620,140,3777,,1356,,28.97,22.39,0.084,2.248,11.32,15.67,1672847071.0,0.5762831292414546,-0.0698023601497312,-1.143339016906642,1.15690927041439,0,0
2023-01-09,11:03:26,42173,41956,153,2694,,1247,,30.28,23.57,0.094,1.49,9.28,26.69,1673280003.0,3.500923215538479,2.654492301713001,-0.2980361871324732,0.3962956884494138,0,1
2023-01-11,15:24:08,44310,43207,203,2110,,1225,,28.88,23.57,0.166,1.08,7.86,30.97,1673468357.0,4.376459519616028,3.203649315200614,0.8959275185281003,-0.2982035112219542,0,1
2023-01-16,22:12:56,35643,33515,177,1712,,1344,,31.25,22.6,0.159,0.924,6.62,12.9,1673924935.0,0.7617441538687083,-0.6308417383868122,0.310433823792841,-1.0030355454085065,1,1
2023-01-18,09:47:24,37668,35974,230,2567,,1309,,30.09,22.698,0.244,1.46,8.24,17.38,1674052652.0,1.6184981085221877,0.2400782558824298,1.1892345529333856,0.2524687816393586,1,1
2023-01-23,10:48:07,36540,39523,173,2115,,1378,,30.89,25.873,0.129,1.2,5.36,17.2,1674488206.0,0.9637340359721528,1.2284846460959595,0.1075831350762099,-0.4393184715787636,0,0
2023-01-25,10:45:07,36360,43280,207,1506,,1414,,31.57,29.625,0.193,0.829,4.08,14.87,1674661422.0,0.7717850065897732,2.4432701776049246,0.763720641588838,-1.38543725791462,1,1
2023-01-27,10:49:40,40431,37638,184,1808,,1265,,32.88,21.923,0.162,0.969,8.68,23.34,1674834497.0,2.790832786582236,1.0131836640593557,0.5612550318502658,-0.7805218753731428,1,1
2023-01-30,11:51:20,43737,37431,155,2217,,1208,,32.41,20.384,0.106,1.148,8.36,28.54,1675097397.0,4.225214625922487,1.172574420926093,-0.1197553910086172,-0.12894128191893,0,1
2023-02-01,11:53:31,40939,35808,154,2043,,1217,,31.55,19.969,0.105,0.99,10.8,24.86,1675270207.0,3.153114732939408,0.5533107924043261,-0.1805895157809533,-0.3874601797848028,0,1
2023-02-06,11:52:28,41492,40007,216,2295,,1234,,30.0,23.01,0.203,1.32,10.26,26.31,1675702266.0,3.295906535967337,1.9982912397321084,1.06960445373736,-0.0435906659344857,0,1
2023-02-08,11:32:52,42480,44325,172,2266,,1249,,29.44,26.52,0.139,1.065,8.84,22.6,1675873347.0,3.607547298499941,3.5131617214866484,0.3519453461536274,-0.0984186237748062,0,1
2023-02-10,11:19:00,41456,44014,180,1906,,1276,,28.71,25.07,0.125,1.263,11.56,27.68,1676045325.0,3.129542121600738,3.2863931982565564,0.477933888668811,-0.6461063859044637,0,1
2023-02-17,10:40:29,42800,40048,203,1243,,1216,,,,,,,,1676648172.0,3.847111101002902,2.0877878615628607,0.9048091020580064,-1.5848993895196648,1,1
2023-02-17,10:53:25,42600,39052,200,1291,,1216,,29.99,22.77,0.186,0.628,10.34,22.95,1676648736.0,3.772765444734632,1.7259679687971088,0.86147507171603,-1.5114843549401185,1,1
2023-02-22,10:49:40,39871,40856,265,1121,,1289,,29.71,25.17,0.306,0.504,6.86,20.59,1677080884.0,2.4974402747108893,2.07913878731228,1.6546985361771418,-1.8472811278193344,1,1
2023-02-27,18:25:51,44620,39946,274,1825,,1174,,30.92,20.4,0.286,0.974,10.18,33.07,1677540235.0,4.679556180312238,2.224842449924466,1.860580552555166,-0.665055834113364,0,1
2023-03-01,11:58:33,34828,38078,212,1835,,1341,,30.37,24.38,0.248,1.022,6.3,9.86,1677689746.0,0.4815660239765519,0.8600898521968854,0.9107234197035284,-0.8159665260374669,1,1
2023-03-06,12:25:08,32031,35211,275,1068,,1416,,32.77,25.17,0.377,0.395,6.26,12.22,1678122934.0,-0.573117022499495,-0.3856457092163904,1.6704259549346698,-2.060323925451089,1,1
2023-03-08,11:32:00,36723,37644,247,1639,,1321,,28.72,23.32,0.251,0.8,9.72,19.36,1678292507.0,1.232383807394413,0.7861481172426621,1.4007050342446754,-1.0897535397568427,1,1
2023-03-15,12:22:19,42180,43714,174,2452,,1259,,28.17,25.02,0.122,1.33,11.48,28.34,1678900838.0,3.459710455503179,3.2474527580257595,0.3826740899936733,0.1485400371762705,0,1
2023-03-17,17:20:42,41664,43633,181,2035,,1269,,28.92,26.37,0.153,1.07,7.82,25.0,1679091251.0,3.232026289662461,3.1760587458868947,0.5046127939406607,-0.4497345948528088,0,1
2023-03-22,16:43:27,42663,41188,182,2031,,1228,,31.56,23.44,0.144,1.336,6.9,26.95,1679521320.0,3.7522855876649066,2.4532330721418947,0.5703744450202366,-0.4156101060493238,0,1
2023-03-24,12:33:26,42856,39083,194,1090,,1218,,33.42,22.123,0.186,0.536,5.48,26.84,1679678642.0,3.860614142887792,1.7289465820075358,0.7707256579972422,-1.821920044347178,1,1
2023-03-27,11:07:26,43958,41314,229,1557,,1232,,32.31,22.373,,0.811,7.22,28.51,1679933044.0,4.219542614040072,2.482565929726261,1.2461493561136263,-1.1237008817347938,1,1
2023-04-10,12:23:53,35849,36494,212,2004,,1359,,,,,,,,1681146993.0,0.7826585681941037,0.2225417510907687,0.8929684268399481,-0.5833918573560368,1,1
2023-04-14,10:57:10,40485,42140,205,2438,,1317,,29.86,25.18,0.177,1.44,9.44,22.05,1681487704.0,2.6220429750165355,2.430593263592905,0.8331349320484046,0.0774085387661305,0,0
2023-04-17,16:13:07,38434,43371,181,2527,,1362,,25.24,27.56,0.149,1.51,8.02,20.27,1681765571.0,1.7075625099632044,2.692715622221892,0.3810014882045175,0.1567019011823515,0,0
2023-04-19,10:36:08,37751,38560,204,1997,,1466,,30.24,24.78,0.2,1.11,6.5,17.89,1681918391.0,1.0880725789068555,0.5229460450952307,0.6622705722932529,-0.6993864917469376,1,1
2023-04-21,10:46:13,44533,46150,266,2469,,1423,,30.7,27.96,0.292,1.47,4.88,26.08,1682091576.0,3.733970186961311,3.4553738821716897,1.552672817679586,0.0226879461296696,0,1
2023-04-24,12:29:32,46160,43015,155,2224,,1353,,31.61,23.98,0.094,1.23,6.48,28.63,1682356952.0,4.596708219376518,2.6001733364438,-0.5070439962453456,-0.2572661454839566,0,1
2023-04-26,12:12:53,44426,42428,175,2254,,1363,,30.71,23.82,0.137,1.21,9.18,29.99,1682529008.0,3.913735423731035,2.344512610331569,0.2089182650676833,-0.2238228248079903,0,1
2023-04-28,10:55:03,46023,43923,219,2682,,1374,,30.92,25.37,0.203,1.61,6.0,24.85,1682696956.0,4.468408780114984,2.844448230106208,0.977816568970868,0.3167331167909475,0,1
2023-05-03,11:20:10,45105,45931,185,1405,,1371,,30.37,23.17,0.129,0.811,7.12,4.06,1683130402.0,4.137165626248877,3.5923597312509434,0.4494986264965803,-1.4956133817585844,0,1
2023-05-08,11:26:34,44505,38780,180,1538,,1329,,,,,,,,1683562984.0,4.067671612079445,1.1618660929770328,0.4078851300210331,-1.2505129327998086,1,1
2023-05-10,11:59:38,44042,44739,267,2214,,1407,,30.91,25.62,0.292,1.26,5.4,30.21,1683737394.0,3.610101950240064,3.005351645922752,1.578914468442321,-0.3237003328869444,0,1
2023-05-12,12:33:38,38821,40122,176,3146,,1467,,29.99,24.87,0.141,1.85,6.54,21.05,1683912257.0,1.4721734876713064,1.0788382828695011,-0.0021520065142894,0.6340620233389374,0,0
2023-05-15,11:03:44,35898,31119,169,3571,,1416,,,,,,,,1684166542.0,0.5996057365906736,-1.5190479968975354,-0.1305622141901914,0.9770799508860588,2,1
2023-05-17,10:39:48,35366,33273,257,1969,,1483,,29.68,20.97,0.156,2.411,10.16,21.52,1684337914.0,0.1786700802312236,-1.1366972788070209,1.3862029087281134,-0.7578042424510236,1,1
2023-05-22,11:30:39,35493,33553,186,2156,,1485,,31.49,21.17,0.133,1.324,7.76,16.86,1684772861.0,0.216191357487576,-1.0657411363799707,0.290397145609714,-0.4839112896814969,1,1
2023-05-24,17:26:55,40870,40864,198,2267,,1445,,30.63,24.88,0.142,1.326,6.6,25.89,1684967016.0,2.3002292734265137,1.4371682111258144,0.5885759452661606,-0.2838766676373994,0,1
2023-05-26,11:15:53,40142,39842,245,2125,,1433,,30.1,23.98,0.204,1.197,7.76,25.11,1685117384.0,2.0764992120313908,1.1175311466073072,1.2749801223902928,-0.4784115548514578,1,1
2023-05-31,12:01:24,37551,40496,193,1681,,1528,,30.12,25.47,0.131,0.943,7.42,21.8,1685552317.0,0.7965024875958512,0.963303666072532,0.3938962723684646,-1.2353924467626405,1,1
2023-06-02,10:21:42,34119,33712,332,2194,,1540,,29.5,22.39,0.373,1.281,10.4,17.1,1685719017.0,-0.3619293536188189,-1.194698763350526,2.247553371322024,-0.482104402474649,1,1
2023-06-05,10:42:31,40966,38156,253,2040,,1445,,29.91,22.4,0.0,1.104,9.28,25.8,1685979592.0,2.3354936935792754,0.4642772961401293,1.3683085917772522,-0.6150571616494076,1,1
2023-06-07,12:16:13,39010,37295,217,2397,,1475,,28.53,22.7,0.17,1.342,11.0,22.82,1686158088.0,1.5122634893084164,0.040018441682509,0.8499166461293125,-0.126784740083998,1,1
2023-06-12,11:05:09,30081,24312,186,2893,,1612,,,,,,,,1686585692.0,-1.493111577090662,-3.974676560939803,-0.0007591120803179,0.3597943699104656,2,1
2023-06-14,16:45:51,30710,29661,171,1364,,1642,,28.78,20.7,0.121,0.711,10.52,33.98,1686778721.0,-1.4148713167112716,-2.61949957370618,-0.6638915136377797,-1.8364389430924208,2,1
2023-06-19,11:19:51,37137,32175,264,896,,1503,,30.7,20.3,0.263,0.379,7.6,20.32,1687191510.0,0.7363311015565491,-1.5012986533016277,1.4581154910939365,-2.41805824406001,1,1
2023-06-26,11:28:20,45426,41924,278,1029,,1431,,30.72,23.07,0.247,0.485,,37.78,1687796281.0,4.036795414426754,1.879230240545156,1.6946502289656604,-2.136310043740042,1,1
2023-07-14,12:10:08,44595,42098,200,1178,,1494,,30.05,24.87,0.133,0.578,8.12,34.87,1689353713.0,3.49754624348305,1.6818747243419525,0.565773823762008,-1.9708062073313424,1,1
2023-07-19,11:28:31,41197,36759,233,1484,,1512,,30.09,20.19,0.178,0.73,12.8,32.95,1689783721.0,2.1782078744576747,-0.2572079326379818,1.040736494978722,-1.5189144634405536,1,1
2023-07-20,11:34:32,41565,38910,170,1702,,1536,,30.8,22.18,0.112,0.88,9.52,32.45,1689870282.0,2.226557156197748,0.3637662564637148,-0.4100430325307718,-1.2116877027481434,1,1
2023-07-31,10:52:11,43289,41295,156,1900,,1493,,30.53,23.23,0.073,1.04,10.08,34.7,1690817713.0,3.0175530669019848,1.3952468618308498,-0.8621581186246786,-0.870588997712169,0,1
2023-08-02,11:54:20,44551,38235,151,2600,,1449,,30.15,21.07,0.075,1.4,11.32,46.39,1690994373.0,3.645602393558474,0.4761738626354721,-0.9457399889533036,0.1762647470986451,0,1
2023-08-07,17:02:48,38207,35860,154,2969,,1518,,28.3,20.58,0.079,1.68,14.7,27.2,1691445475.0,1.0679276577726262,-0.5296474866256784,-1.0198849361720723,0.4708985489483155,0,1
2023-08-11,11:52:10,38558,38177,173,2669,,1576,,27.35,22.47,0.112,1.47,16.08,26.47,1691771915.0,0.9886502402337214,-0.0527270310513384,-0.4000605760916952,0.155311617534696,0,0
2023-08-14,09:48:02,43220,39775,182,2616,,1511,,30.36,22.67,0.116,1.48,9.44,33.28,1692024092.0,2.926591391103588,0.7739977558739781,0.102866217343017,0.1426138468701333,0,1
2023-08-18,10:57:03,45065,42215,224,1555,,1526,,29.54,25.67,0.173,0.874,6.98,3.07,1692374144.0,3.555071223778431,1.592131223081128,0.9005521526497433,-1.4248377637020828,1,1
2023-08-21,10:10:46,44754,41648,172,2089,,1507,,28.27,23.67,0.098,1.098,9.94,2.45,1692630442.0,3.509064025526769,1.4652272552659624,-0.2540142264082593,-0.6039155165517781,0,1
2023-08-23,09:53:53,43032,38938,289,1501,,1509,,29.73,22.79,0.254,0.774,8.7,29.02,1692801603.0,2.864435342600827,0.4830626081921594,1.7636178225344203,-1.4898816043850789,1,1
2023-08-25,11:11:33,46416,42732,215,1380,,1508,,,,,,,,1692979800.0,4.123226241028459,1.8540440256416344,0.7868831762146155,-1.674093081906165,1,1
2023-08-28,16:56:07,45767,44956,215,1327,,1525,,28.68,24.28,0.146,0.665,8.3,41.29,1693259011.0,3.819472874705923,2.5933107956137085,0.7693641831955085,-1.772991672047758,1,1
2023-09-11,16:27:21,37746,37070,150,2247,,1629,,28.32,21.99,0.0,1.211,0.0,23.06,1694467555.0,0.5111699601616074,-0.544959416176357,-1.5277897221216856,-0.4916054376490928,2,1
2023-09-13,10:33:07,42950,38417,148,2310,,1536,,28.34,21.094,0.0,1.211,0.0,34.22,1694618650.0,2.736120142873766,0.1895045997616714,-1.3336240520487717,-0.3095874563280953,0,1
2023-09-15,10:23:33,44686,39806,198,1709,,1503,,29.19,21.17,0.13,0.94,11.78,39.25,1694790978.0,3.4984429696113777,0.8177976909712948,0.5208990090055582,-1.167730015853434,1,1
2023-09-18,11:05:34,42548,40458,158,2606,,1574,,,,,,,,1695052696.0,2.450304763915604,0.7615140083568984,-1.013349893932337,0.0722334674022394,0,1
2023-09-18,11:11:21,42568,39978,159,2750,,1578,,,,,,,,1695053252.0,2.4431802886181546,0.5735415385289537,-0.9824054743889749,0.2560244769282947,0,1
2023-09-18,11:16:30,40755,35153,144,3472,,1511,,24.82,17.38,0.062,1.75,22.92,37.92,1695053707.0,2.0198309929197524,-0.7045851134530232,-1.43425797259234,0.8569931893832298,0,1
2023-09-20,10:49:58,43183,44782,172,2212,,1620,,28.49,27.76,0.109,1.45,7.04,33.86,1695224799.0,2.517359395933973,2.1353606547722968,-0.5612963919898863,-0.5340930673561316,0,0
2023-09-22,10:47:24,36269,37510,199,2665,,1695,,28.49,24.47,0.151,1.533,8.94,21.6,1695396990.0,-0.206310984630979,-0.6320571800335716,0.2468625956007859,0.0422388415215968,2,2
2023-09-26,11:17:31,36539,34603,163,2849,,1661,,28.34,22.26,0.09,1.689,9.16,20.69,1695744973.0,-0.0214479598367822,-1.328908864488483,-1.055172911491751,0.2955573564479585,2,1
2023-09-29,12:07:26,41201,40996,159,3223,,1618,,27.57,24.76,0.084,1.86,9.08,30.98,1696007065.0,1.7978181593432645,0.7746507316029413,-1.1001378851469783,0.6157946827895188,0,0
2023-10-04,10:25:50,40758,38722,186,2548,,1594,,29.65,24.17,0.125,1.523,7.7,28.09,1696432927.0,1.7223479544637614,0.0647744815276167,0.0433754345318799,-0.0263304826425855,0,1
2023-10-09,11:32:20,38144,37735,179,1377,,1635,,30.83,24.065,0.119,0.706,7.04,25.23,1696869063.0,0.6318809526293586,-0.3775700273448444,-0.3235423119200138,-1.8092074364736304,1,1
2023-10-13,11:00:10,46540,37010,163,1065,,1462,,33.89,19.077,0.094,0.504,6.86,44.96,1697212642.0,4.338166864457184,-0.0074200691175872,-0.48647343493879,-2.1126178737939925,1,1
2023-10-16,11:36:58,41563,39409,162,1673,,1598,,29.63,22.972,0.095,0.901,10.26,30.74,1697474064.0,2.00214787502336,0.2902809329939431,-0.9133629864968832,-1.3185180772868303,1,1
2023-10-18,10:45:56,41645,39180,220,1775,,1584,,30.6,22.67,0.179,0.97,7.92,31.27,1697643298.0,2.082647072943783,0.2657160348988172,0.7835760096621357,-1.1498158187512344,1,1
2023-10-23,12:49:36,41192,39285,211,1295,,1594,,29.4,24.17,0.169,0.63,9.28,29.19,1698082713.0,1.8808337118848293,0.2625565940333785,0.6336590844823669,-1.8933551612956736,1,1
2023-10-27,11:12:06,40338,41799,176,1501,,1650,,27.72,25.87,0.108,0.78,10.98,29.69,1698422746.0,1.368962475871216,0.9319964315962128,-0.4830770397671773,-1.6340913937546857,1,1
2023-10-30,10:54:23,44986,44919,165,1284,,1657,,25.81,26.61,0.088,0.634,10.86,35.32,1698680797.0,3.048173412124932,2.031835334490688,-0.9580292415130098,-1.9753783266698048,0,1
2023-11-03,11:56:07,43291,43251,196,1944,,1671,,28.83,26.36,0.0,1.203,10.34,2.74,1699030382.0,2.372457613322962,1.3691586799811284,0.2037596342986503,-0.9828889929276502,1,1
2023-11-08,12:53:30,41084,39884,161,2775,,1614,,23.84,22.32,0.088,1.45,14.32,33.86,1699465392.0,1.7694760793741056,0.3940244943503493,-1.0025842429271472,0.257014884629502,0,1
2023-11-13,10:35:27,43290,41018,262,1665,,1623,,28.34,23.78,0.248,0.75,10.84,33.31,1699889101.0,2.545877414785729,0.7621177205387171,1.3265146911856398,-1.3560804604161452,1,1
2023-11-20,09:42:59,45927,42849,143,1907,,1605,,29.76,24.88,0.0,1.0,8.36,36.29,1700491279.0,3.5864111289523164,1.49575891284479,-1.7681019847075454,-0.9722063217859604,0,1
2023-11-22,10:39:13,45302,35909,148,2041,,1508,,30.4,20.4,0.0,1.106,9.76,35.78,1700666858.0,3.708850245648114,-0.4840276176116593,-1.2494189939858824,-0.6758029009840224,0,1
2023-11-24,11:09:02,44562,38539,214,1565,,1585,,30.36,23.98,0.0,0.869,6.12,29.87,1700841287.0,3.153466837845696,0.0367640450529055,0.6909369254716905,-1.469735032818318,1,1
2023-11-27,11:46:45,43297,38929,173,2934,,1598,,,,,,,,1701102760.0,2.6390837402910625,0.1212085495353559,-0.4601647644429797,0.4006171756573694,0,1
2023-11-29,12:39:31,41807,40001,161,2085,,1669,,29.11,25.373,0.091,1.178,9.94,29.0,1701278847.0,1.8358154295949487,0.2136581660694275,-1.1650949864441276,-0.7701918546653007,0,1
2023-12-04,16:42:44,33135,35864,207,3778,,1743,,24.89,24.079,0.141,2.248,14.0,21.78,1701725782.0,-1.0778309873077798,-1.2390387393994078,0.377129095590504,0.968558151878448,2,2
2023-12-08,12:19:08,45555,41978,172,1811,,1602,,30.14,24.98,0.106,0.981,8.2,34.63,1702055270.0,3.459345009550235,1.193380774404623,-0.5113098133980437,-1.1136333403149743,0,1
2023-12-11,16:31:51,44817,39514,201,2917,,1573,,30.27,23.49,0.153,1.615,8.0,32.67,1702330198.0,3.2916039232880285,0.4285462405186573,0.4887759530450652,0.4003851830108856,0,1
2023-12-18,11:06:25,44220,44984,179,2637,,1659,,29.57,29.34,0.116,1.48,5.2,27.37,1702915114.0,2.758016919842811,2.0471858912403897,-0.3882797137456481,0.0368212252095687,0,0
2023-12-24,10:44:32,36934,39073,171,7242,,1696,,28.68,26.76,0.114,5.29,6.02,21.32,1703432410.0,-0.0041992502311234,-0.1951612580708339,-0.8178957694788991,3.412121033973577,0,0
2023-12-27,11:16:02,38613,36470,126,2401,,1664,,28.57,23.69,0.047,1.44,8.5,21.24,1703692571.0,0.6974577437492431,-0.8229909065844438,-2.7462683973716424,-0.301739456960823,2,1
2024-01-01,12:06:33,41641,35127,129,2235,,1582,,28.77,21.848,0.059,1.265,8.62,25.58,1704128197.0,2.088394482591738,-0.9361982457442092,-2.3393469315104443,-0.4632081223909444,0,1
2024-01-03,13:05:49,45403,40585,155,2771,,1556,,29.39,23.383,0.096,1.54,10.9,34.14,1704304514.0,3.5709273939075743,0.8806441338635814,-1.0889731679024757,0.2887810062968216,0,1
2024-01-05,11:40:32,43377,39276,166,1298,,1629,,28.04,24.212,0.102,0.64,9.32,29.14,1704472390.0,2.556165933819451,0.1190291379239244,-0.83454784446985,-1.924834943759965,1,1
2024-01-08,12:00:43,41916,37064,156,1820,,1596,,28.05,23.236,0.082,1.07,9.08,27.13,1704732242.0,2.138685567886022,-0.441304136889065,-1.1644453099478522,-1.0940118313110747,1,1
2024-01-15,17:24:32,35024,33939,144,2918,,1703,,26.07,21.344,0.073,1.577,17.7,20.83,1705356307.0,-0.5324456475184177,-1.6424243280738144,-2.029544110107155,0.3302107918580566,2,2
2024-01-17,10:37:12,41604,43000,142,3205,,1693,,26.49,28.662,0.067,1.942,6.78,27.43,1705505760.0,1.6755193257838037,1.1880168087313274,-2.089975646646795,0.5635054429784815,0,0
2024-02-01,16:42:18,34711,37163,155,3337,,1735,,28.0,26.0,0.087,2.032,10.0,19.83,1706822665.0,-0.683796247655097,-0.8551483602253691,-1.6298089582932935,0.6430905448972756,2,2
2024-02-02,11:11:35,37912,39742,148,4192,,1648,,27.0,25.0,0.082,2.61,11.2,27.3,1706889165.0,0.5037055336037477,0.206708175050383,-1.6757781104502327,1.3158395285279678,0,0
2024-02-05,11:28:38,40465,42908,194,1397,,1689,,30.96,27.93,0.163,0.689,7.0,25.41,1707150307.0,1.2758261935855284,1.171274493506198,0.094975376692492,-1.834000421109132,1,1
2024-02-06,10:02:47,39496,41846,163,1693,,1710,,29.94,27.244,0.105,0.907,8.04,24.36,1707231313.0,0.8516434655891956,0.7036355743411434,-1.20052734705592,-1.401977217841955,1,1
2024-02-07,15:46:51,41505,39077,138,2128,,1600,,26.52,20.854,0.062,1.16,14.6,27.85,1707338260.0,1.973713972664709,0.1651540920292964,-1.980172279218219,-0.638098144402918,0,1
2024-02-09,10:25:39,42052,39084,141,1998,,1582,,29.75,22.82,0.071,0.96,11.0,33.42,1707491920.0,2.239125171384332,0.2398617195636755,-1.7871173696049365,-0.8131311823099434,0,1
2024-02-12,16:02:03,33865,34281,196,1644,,1709,,,,,,,,1707771319.0,-0.8249800809269178,-1.567444327357282,0.1165371020577761,-1.4756694784723807,2,1
2024-02-19,15:45:58,33409,36800,159,2047,,1754,,26.13,23.58,0.092,1.015,12.1,18.74,1708375110.0,-1.038603582131847,-1.0154918749158737,-1.5094167938707388,-0.9116619636106836,2,2
2024-02-21,10:36:27,40502,40972,202,1566,,1639,,30.26,24.38,0.167,0.82,8.88,29.91,1708529437.0,1.4678431036975268,0.6803709881772896,0.422086542822373,-1.523336938902028,1,1
2024-02-28,16:14:36,39283,35469,174,2089,,1617,,29.307,20.32,0.128,1.1,11.1,28.42,1709154378.0,1.104602575832957,-0.9519106671671738,-0.4723757717525553,-0.7126335791785476,1,1
2024-03-13,01:32:53,31939,35544,216,2414,,1650,,28.865,25.869,0.256,1.61,8.7,19.38,1710311402.0,-1.1441587556242303,-1.035105055085365,0.6521043412544447,-0.2695301283709535,2,2
2024-03-13,11:07:51,36235,41406,194,2193,,1581,,28.97,28.466,0.0,1.48,5.94,27.15,1710345763.0,0.1453469813721978,1.0734584973140169,0.3305895390049111,-0.5237188351140974,1,1
2024-03-15,12:17:57,41017,44820,173,1802,,1567,,,,,,,,1710522394.0,1.914012799463388,2.3691455385847338,-0.3756458561838182,-1.0919236914330732,0,0
2024-03-15,15:30:54,42122,44254,166,1900,,1564,,30.034,25.969,0.118,1.23,5.64,39.02,1710534530.0,2.329887187659152,2.175424186384612,-0.6491611191638936,-0.9416057363548688,0,0
2024-03-18,11:19:52,30400,35104,150,3339,,1648,,27.525,24.676,0.114,2.23,0.0,20.57,1710777703.0,-1.5013875830693422,-1.1502168364829333,-1.5860559701727153,0.6887329652459626,2,2
2024-03-20,12:29:03,41674,41342,248,1943,,1657,,31.396,24.879,0.27,1.131,10.42,28.53,1710954757.0,1.8303758534103776,0.7394029150098836,1.1097248307089564,-0.9703452070590456,1,1
2024-03-25,12:42:39,43708,38401,164,1990,,1573,,31.141,21.608,0.0,1.068,0.0,34.3,1711388480.0,2.881448240293416,0.0363227058165433,-0.7573710950350555,-0.8160877301532788,0,1
2024-03-27,12:39:15,39961,36423,175,1650,,1632,,30.551,21.856,0.13,0.85,11.22,28.19,1711560218.0,1.2964900315734442,-0.7348086409306512,-0.4735962107784121,-1.3880602425248385,1,1
2024-04-01,18:04:29,42338,41106,130,2250,,1645,,27.213,24.014,0.062,1.245,12.06,30.86,1712012063.0,2.116585713460452,0.7038583057398544,-2.495316395538427,-0.5028745220054791,0,1
2024-04-03,11:32:20,39652,42093,152,2487,,1742,,27.296,27.487,0.086,1.488,8.28,24.23,1712161265.0,0.7946020328429836,0.661555938931493,-1.786744647606671,-0.2529978432228654,0,0
2024-04-08,11:23:59,43053,42477,149,2197,,1678,,30.0,27.0,0.0,1.312,7.52,28.78,1712592754.0,2.259724790831956,1.0611297152838397,-1.7235867147523587,-0.613213130088139,0,1
2024-04-15,11:20:26,40694,37875,182,3253,,1634,,27.02,22.0,0.122,1.839,14.62,30.05,1713197869.0,1.5555728015839705,-0.3348639281418561,-0.205176156279742,0.630531102947046,0,1
2024-04-17,11:59:53,41832,38220,136,2429,,1642,,29.0,23.0,0.071,1.384,11.2,28.43,1713372278.0,1.9421066403577856,-0.2629615688853627,-2.205410352068508,-0.240302332913915,0,1
2024-04-19,11:53:11,42231,38180,181,2016,,1642,,,,,,,,1713544999.0,2.088192436209924,-0.2743205009698563,-0.2645860675188704,-0.8460994803394984,1,1
2024-04-19,12:10:33,41955,38413,182,2038,,1652,,29.39,23.392,0.137,1.11,9.62,27.02,1713546548.0,1.9510969672626928,-0.240473388092937,-0.2525244033576909,-0.8232543807471838,1,1
2024-04-22,10:57:06,34303,35862,221,1833,,1835,,28.77,26.862,0.226,1.047,7.34,15.31,1713800573.0,-1.0156813648299592,-1.527595561646942,0.5242508014392793,-1.3161233722916277,2,1
2024-04-24,11:00:23,42158,41892,152,1814,,1702,,28.55,26.658,0.0,1.04,0.0,25.89,1713974282.0,1.845386641113085,0.7527511782569504,-1.6627232247197945,-1.2101184350828476,0,1
2024-04-26,11:30:50,42533,40313,302,2811,,1662,,29.048,24.199,0.0,1.646,9.72,31.44,1714147794.0,2.126731415718182,0.3521802022995995,1.7938568485563486,0.2608991549089799,1,1
2024-04-29,11:43:58,43896,40265,151,2316,,1648,,27.417,22.981,0.0,1.288,12.48,31.12,1714407947.0,2.678470403102214,0.3917510592629196,-1.5413960020963933,-0.4094241290755124,0,1
2024-05-03,11:29:07,42775,39626,183,2376,,1648,,29.644,22.822,0.122,1.308,12.36,31.72,1714753109.0,2.266067213321268,0.1658848210801811,-0.2037205896946068,-0.3223957354081976,0,1
2024-05-08,10:59:59,36899,38967,137,4624,,1791,,29.466,27.199,0.057,3.179,5.6,18.94,1715183923.0,-0.2854046273056643,-0.5306582640696329,-2.638302225279363,1.556598523159843,2,0
2024-05-15,10:57:26,32701,35212,129,2935,,1633,,30.176,24.225,0.0,1.948,0.0,21.03,1715788027.0,-0.9240257395883292,-1.0732872973865404,-2.5035785638313,0.3825531871721104,2,2
2024-05-17,11:01:01,34378,35698,138,2584,,1597,,30.054,23.88,0.092,1.601,9.5,24.16,1715960390.0,-0.4358938572622646,-0.8253730945973987,-1.9707307607259243,0.0208762491075024,2,2
2024-05-20,11:23:27,37671,37453,148,2740,,1527,,29.722,22.885,0.098,1.638,11.1,30.62,1716221061.0,0.8430911895837115,-0.1066159081993999,-1.306496977391061,0.2785557644064443,0,0
2024-05-22,15:30:05,38749,39355,140,2145,,1543,,27.114,24.371,0.092,1.314,0.0,32.09,1716408812.0,1.174837947984812,0.4936028582267378,-1.7112119368247962,-0.5569043975713938,0,0
2024-05-24,11:47:10,37884,43104,426,1088,,1642,,26.673,29.964,0.609,0.582,4.5,25.92,1716568098.0,0.5147406295458111,1.4354843619162017,3.2135556245062644,-2.2637365109506096,1,1
2024-05-27,10:47:18,35467,34874,263,1290,,1570,,29.625,22.599,0.0,0.697,10.7,25.28,1716824693.0,-0.0811309353022982,-0.968358416272518,1.3865015263177944,-1.876320696995079,1,1
2024-05-29,10:47:32,37692,40937,141,1364,,1580,,30.252,25.622,0.0,0.736,9.9,28.82,1716997486.0,0.6637794153171572,0.908853548846271,-1.78089330865469,-1.7726300895053184,1,2
2024-05-31,10:32:29,36802,38601,170,1900,,1558,,27.78,23.184,0.0,1.06,12.54,30.65,1717168598.0,0.4241923211872877,0.1660524837816313,-0.4702454178776234,-0.9355960276957792,1,1
2024-06-03,10:50:33,39466,42773,141,2377,,1571,,29.572,26.663,0.0,1.471,9.24,34.97,1717428648.0,1.3347013149609124,1.608529853611817,-1.7529144840085606,-0.2468161212781588,0,0
2024-06-05,10:24:16,38258,40796,149,1956,,1568,,26.532,25.276,0.11,1.09,10.54,32.08,1717600601.0,0.9090104557890928,0.9073196344368866,-1.3863630814370165,-0.8618267048041963,0,0
2024-06-10,12:17:51,40530,40843,213,2161,,1532,,31.061,24.086,0.0,1.34,0.0,34.38,1718038554.0,1.8619141381880149,1.071771355261386,0.7317208438508895,-0.522612443286598,1,1
2024-06-12,10:47:34,39095,40804,133,2217,,1556,,30.745,24.483,0.0,1.377,0.0,32.83,1718205799.0,1.2537499549352478,0.9593351771853867,-2.0710055390057818,-0.464114292139171,0,0
2024-06-17,12:15:04,38434,39553,164,1446,,1565,,29.767,25.276,0.0,0.838,6.76,28.23,1718643296.0,0.9829828582101128,0.4748474776216712,-0.7345393786511414,-1.6313035407037149,1,1
2024-06-21,11:03:34,33069,34872,221,1804,,1652,,29.673,24.185,0.26,1.094,7.34,18.54,1718984913.0,-0.8809736583358097,-1.2266855289751528,0.727987672490694,-1.174683477330523,2,1
2024-06-24,11:28:27,35469,41873,176,3768,,1661,,27.579,26.961,0.156,2.476,8.8,25.82,1719245289.0,-0.3227165459118883,0.9135494735041984,-0.5134535160675024,1.001493175969917,0,0
2024-06-26,15:40:51,35124,42676,190,2981,,1670,,27.019,28.045,0.172,1.939,9.5,24.7,1719433254.0,-0.4291831195591209,1.1656815330248993,-0.0002021435890161,0.399709915238181,0,0
2024-06-28,12:01:59,35851,38986,250,2578,,1594,,26.924,24.391,0.0,1.458,14.12,29.12,1719593420.0,-0.0311718545604024,0.1572003127643154,1.1948482614533866,0.0153517127312935,1,2
2024-07-01,11:15:02,32314,38758,218,2633,,1756,,28.589,28.646,0.0,1.807,6.92,16.48,1719849319.0,-1.3016515592428113,-0.477513667343129,0.5657901623489674,-0.0589036469090442,2,2
2024-07-05,11:37:03,35728,38774,197,2532,,1649,,27.288,26.663,0.192,1.588,8.22,22.99,1720196255.0,-0.2286619021331599,-0.1268919117009926,0.2824429990323554,-0.1003677487378752,1,2
2024-07-08,11:27:44,35909,37567,152,2507,,1594,,26.412,23.305,0.106,1.464,10.88,26.13,1720455742.0,-0.0113984351929609,-0.2930597788036113,-1.3329440840621547,-0.0837871847332334,2,0
2024-07-10,11:46:03,34563,36529,150,2836,,1606,,28.235,22.91,0.106,1.833,9.84,24.91,1720629407.0,-0.4123430803829573,-0.6228340641741262,-1.457571580912129,0.3158211538060079,2,2
2024-07-12,10:48:27,34010,35503,163,2651,,1623,,28.039,23.068,0.133,1.67,10.88,23.92,1720799235.0,-0.5872147531086153,-0.9614152397487918,-0.9437684270675184,0.0889157885550384,2,2
2024-07-15,10:38:57,31500,33638,281,1863,,1686,,28.975,24.101,0.0,1.109,10.6,17.71,1721057235.0,-1.3310490220581688,-1.671809162018289,1.5141396419005144,-1.1198951251698372,2,1
2024-07-19,17:30:48,35175,39300,198,1377,,1662,,29.29,26.956,0.197,0.755,9.04,23.15,1721427198.0,-0.3974593853318831,-0.0035648871039119,0.2856442164180042,-1.837007631225494,1,1
2024-07-22,10:06:55,33275,36303,170,1712,,1697,,29.035,25.675,0.15,0.969,8.22,18.35,1721659657.0,-0.9373147169648538,-0.9733525733101586,-0.8627688856349283,-1.3598306870113053,2,2
2024-07-29,11:23:54,38170,39048,149,1485,,1662,,28.32,23.22,0.097,0.713,14.8,32.17,1722268876.0,0.5464443316086721,-0.0893876963038413,-1.674058583949821,-1.670934806876143,2,1
2024-07-31,10:58:45,36325,37233,281,1469,,1669,,29.638,24.543,0.277,0.714,10.26,23.22,1722441443.0,-0.1198183517128676,-0.6266911206751117,1.5288353268645114,-1.7026800916046547,1,1
2024-08-03,01:09:44,33827,34784,244,1913,,1659,,27.423,21.794,0.231,1.038,17.46,22.55,1722664332.0,-0.7164063526179728,-1.2728590689871315,1.0531623843972056,-1.0174064352762542,1,1
2024-08-05,11:37:38,37788,40186,174,1497,,1688,,30.14,26.631,0.0,0.821,0.0,26.83,1722875749.0,0.320505011356175,0.202562558029867,-0.6704804178538711,-1.6791910311683305,1,1
2024-08-07,10:43:40,39301,40511,343,1563,,1617,,28.858,25.562,0.416,0.891,11.22,27.86,1723044780.0,1.111103562444273,0.6051847523235951,2.3133103169489058,-1.5054496579364656,1,1
2024-08-12,12:46:03,38793,40676,192,2205,,1636,,28.511,26.427,0.166,1.265,7.3,27.12,1723483601.0,0.8607465569346581,0.5867980503458441,0.1509954643008202,-0.5600890126294791,1,1
2024-08-14,16:47:13,40618,37824,172,1476,,1560,,29.682,22.423,0.129,0.755,5.69,36.78,1723671957.0,1.7933875641905386,-0.1080964273480601,-0.3961373804291291,-1.5802272750570845,1,1
2024-08-16,15:21:22,40323,42442,218,2541,,1657,,28.645,27.317,0.204,1.384,3.91,26.98,1723839603.0,1.3385251316137847,1.134722628550373,0.6761249037591214,-0.0952162239339433,0,0
2024-08-19,09:57:11,36480,40827,233,1727,,1731,,28.259,28.978,0.0,0.952,5.68,20.96,1724078544.0,-0.2425293947310812,0.2558434610764503,0.8266450679386785,-1.3715870968401274,1,1
2024-08-23,11:41:02,38228,41796,192,1414,,1674,,27.174,26.466,0.0,0.768,11.1,25.68,1724431172.0,0.5250635868630492,0.832719565737665,0.0611546373357337,-1.7923802643836948,1,1
2024-08-26,11:49:14,40929,39124,228,1922,,1575,,29.485,21.89,0.201,1.056,12.36,33.93,1724689926.0,1.8530601650124143,0.2821699234434445,0.9096426420785536,-0.9196658384446846,1,1
2024-08-28,12:23:48,33704,34558,356,2626,,1699,,24.142,23.392,0.388,1.286,11.66,20.87,1724865100.0,-0.8399028630699328,-1.4602095029534632,2.3975692849706127,-0.0154446092458104,1,1
2024-09-02,15:55:43,36137,38877,146,2015,,1719,,27.59,25.97,0.0,1.299,8.06,19.93,1725310467.0,-0.2986579153642792,-0.3253996040904157,-1.988199223337329,-0.9245433438959288,2,2
2024-09-04,15:40:48,36283,39449,152,2048,,1700,,29.273,27.064,0.0,1.257,7.42,21.06,1725481338.0,-0.2152526445655144,-0.0992407512931927,-1.6565477746519224,-0.8562058998972418,2,2
2024-09-06,12:31:52,36370,39717,165,1587,,1716,,27.28,26.02,0.0,0.87,10.46,21.95,1725642879.0,-0.2330607767966906,-0.0714598563739372,-1.1317342186286363,-1.5699397560489172,2,2
2024-09-09,11:59:51,29245,35372,159,2954,,1879,,28.28,26.47,0.0,1.89,9.42,13.45,1725900037.0,-2.299172807087892,-1.799072559011733,-1.8963732536743168,0.258893054256562,2,2
2024-09-11,10:32:14,37198,40889,170,2643,,1708,,28.19,28.05,0.12,1.55,7.92,22.56,1726067683.0,0.0458949508864897,0.3705778394074081,-0.8946295619796667,-0.0001760799006856,0,0
2024-09-13,12:01:32,33964,37983,157,2014,,1744,,29.4,25.72,0.11,1.13,8.26,18.39,1726246717.0,-0.8834759364027356,-0.6558301481384905,-1.5679551782959384,-0.951081307321087,2,2
2024-09-16,16:35:30,36434,39310,199,2831,,1695,,28.608,24.83,0.177,1.663,11.7,23.08,1726522451.0,-0.1637734203442524,-0.1234274402817859,0.2468625956007859,0.2588886315855862,1,2
2024-09-20,11:39:53,37751,42457,210,2856,,1714,,27.79,27.544,0.197,1.733,9.0,23.42,1726849735.0,0.2176136412710048,0.9064029965491432,0.4762863330168099,0.2704559203180033,0,0
2024-09-23,10:26:51,33733,36609,141,2708,,1745,,27.274,25.083,0.0,1.639,10.68,18.3,1727104227.0,-0.9407454855464406,-1.0399235668768465,-2.301928606314809,0.055393794451455,2,2
2024-09-25,12:44:54,34760,36405,251,2015,,1709,,27.678,22.817,0.0,0.996,14.28,21.63,1727285412.0,-0.6104725886046891,-0.9829542118387544,1.1019456014218,-0.914535179610904,1,1
2024-09-30,11:20:26,32102,28771,181,2193,,1727,,29.504,18.833,0.167,1.27,14.82,16.67,1727712561.0,-1.2843756036906693,-3.123641250185707,-0.4947093754807399,-0.6675040624417171,2,1
2024-10-02,10:43:11,35916,36682,342,1614,,1723,,29.005,25.127,0.481,0.881,6.3,18.1,1727882806.0,-0.3629575851085092,-0.9504678972384972,2.2178046394340623,-1.5357960104173276,1,1
2024-10-04,10:53:52,37042,41727,398,1696,,1761,,30.062,29.365,0.0,1.049,3.94,18.64,1728056608.0,-0.174640104194866,0.4537579102963046,2.820261461164068,-1.4493643676469132,1,1
2024-10-09,16:41:38,36471,41162,266,1798,,1737,,,,,,,,1728508665.0,-0.2595888401191539,0.3502072826334475,1.276496836743601,-1.2698142108614852,1,1
2024-10-14,17:42:43,37003,37646,158,2014,,1629,,29.251,21.125,0.102,1.059,15.44,26.56,1728945336.0,0.2486734191290085,-0.3833822344806654,-1.176019818746,-0.8361176503398624,2,1
2024-10-23,10:21:25,39114,38980,275,1953,,1631,,28.56,24.786,0.0,1.097,3.97,24.95,1729696413.0,0.9939324400581055,0.0079240673474803,1.4860937364743847,-0.9293000407130436,1,1
2024-10-25,17:04:10,38455,41635,186,2174,,1670,,27.041,25.675,0.0,1.244,9.36,26.39,1729893561.0,0.619932302092176,0.7913208636944647,-0.1474109796152415,-0.639267608601961,1,0
2024-10-30,17:41:30,36356,40212,275,2457,,1723,,26.27,26.169,0.294,1.491,11.66,24.51,1730327875.0,-0.2538828809222625,0.0718030738497095,1.4056180955080233,-0.27787227881716,1,1
2024-11-01,12:17:20,35125,38495,201,1979,,1762,,26.953,26.713,0.197,1.185,9.04,19.19,1730480665.0,-0.6481801534543707,-0.5702281803752635,0.1625231611176343,-1.0216920071692477,2,2
2024-11-04,11:10:02,34603,40249,271,2238,,1773,,27.071,28.943,0.31,1.347,6.78,20.87,1730736525.0,-0.7991850183028412,-0.1086758795162097,1.3095339154757113,-0.6464338766132192,1,1
2024-11-06,11:25:58,38514,38583,145,1906,,1670,,,,,,,,1730910174.0,0.6409866340284798,-0.250462825349184,-1.8800543949664763,-1.0389906539908609,2,1
2024-11-25,11:12:44,35353,37863,202,2141,,1690,,,,,,,,1732550211.0,-0.4213312152878196,-0.517560697052812,0.3443126348554665,-0.7078847824322076,1,2
2024-12-02,11:37:31,36566,39860,236,1329,,1726,,27.807,26.415,0.265,0.645,7.58,20.78,1733156824.0,-0.2083754513990679,-0.0616198962036539,0.8754626278228607,-1.977114749412077,1,1
2024-12-04,11:53:49,36247,38365,253,1766,,1663,,28.181,24.477,0.28,0.918,10.44,23.98,1733330546.0,-0.1260173049447795,-0.2897153566122351,1.1715956371941325,-1.2433343303899156,1,1
2024-12-10,01:10:22,36604,40601,258,3044,,1683,,27.568,26.567,0.0,1.8,9.02,21.73,1733810631.0,-0.0728002257401261,0.3694618498565998,1.2199205407368767,0.4430423300053452,1,2
2024-12-13,09:48:35,38908,42303,204,1496,,1733,,28.491,24.733,0.184,0.733,12.44,22.5,1734100383.0,0.5603895936127522,0.7734565751625635,0.3182927604965849,-1.726923379937057,1,1
2024-12-16,15:22:04,34904,38062,191,2350,,1745,,28.019,25.326,0.0,1.299,11.54,21.55,1734380443.0,-0.6610830527835369,-0.6369932952591046,-0.1531403373391101,-0.4543831276294297,2,2
2024-12-23,11:23:33,41824,46187,213,3369,,1703,,30.027,28.64,0.187,2.122,7.02,28.49,1734970875.0,1.7198546072706515,2.3025989084816545,0.5427103444862015,0.6836139215923523,0,0
2024-12-27,10:54:54,33685,39744,252,2476,,1797,,27.639,26.766,0.0,1.486,10.62,28.49,1735314796.0,-1.073453507159694,-0.3315452454452548,1.0327321679980508,-0.321817110022486,1,2
2025-01-01,12:44:33,35553,37016,218,2178,,1715,,28.922,23.93,0.0,1.165,0.0,20.36,1735753242.0,-0.4325794324920216,-0.8327258073905256,0.6124112636342153,-0.6778305723447737,1,1
2025-01-10,11:08:54,32663,37377,160,2706,,1787,,,,,,,,1736524475.0,-1.291328717232514,-0.9599348312253634,-1.5659021136218756,0.0139516520073868,2,2
2025-01-13,16:02:49,40023,45004,174,3416,,1697,,27.048,29.054,0.134,2.226,5.42,27.57,1736801456.0,1.087486710956527,1.897081269858136,-0.6959716634378919,0.7221330605215872,0,0
2025-01-20,12:58:31,37349,42716,212,2622,,1697,,25.441,25.97,0.201,1.51,10.04,25.64,1737395402.0,0.1356942890685231,1.0692356656384825,0.5325896910186272,-0.0191530332948836,0,0
2025-01-22,12:09:20,36647,42383,193,2717,,1727,,27.468,26.611,0.163,1.67,10.44,23.72,1737564895.0,-0.1902090866443002,0.8266590356004786,-0.0333312207552793,0.0841296548662959,0,0
2025-02-03,12:18:24,36346,44931,254,1916,,1764,,26.91,29.216,0.0,1.115,6.0,23.36,1738602968.0,-0.3564500324761552,1.593646677728911,1.0913423645902314,-1.118596539259632,1,1
2025-02-05,11:35:11,36812,39004,194,2328,,1657,,26.405,23.019,0.118,1.274,14.38,25.04,1738772835.0,0.0859552609171867,-0.0851126140901056,0.1696327811966568,-0.4007178654293992,1,2
2025-02-07,10:33:21,38138,41954,256,3455,,1663,,25.03,25.626,0.255,1.993,11.74,25.68,1738941725.0,0.5315595005201097,0.9344674789469034,1.211611671506738,0.7685113856219822,0,0
2025-02-14,16:30:05,35327,39158,190,1965,,1715,,26.86,24.888,0.153,1.077,15.34,22.16,1739568284.0,-0.487605516670011,-0.232733290317564,-0.113426341958082,-0.9955196344243942,1,2
2025-02-17,10:55:59,35300,40947,207,1778,,1762,,27.075,27.544,0.187,0.986,12.04,21.0,1739807166.0,-0.6060513327015259,0.1736416287758488,0.3457154033018168,-1.325547137345342,1,1
2025-02-24,17:42:58,34945,40755,194,2457,,1742,,,,,,,,1740435901.0,-0.644127840048406,0.1862655248431752,-0.0344400173176021,-0.2961711532380812,2,2
2025-02-26,12:20:04,33749,39512,219,1535,,1796,,27.438,27.467,0.189,1.143,10.54,26.52,1740589442.0,-1.055978924687986,-0.3937512188419826,0.5360231477359844,-1.7317067921753224,1,1
2025-03-03,11:27:35,36680,40902,205,2796,,1685,,25.878,25.87,0.177,1.577,12.62,23.81,1741018740.0,-0.0537957778862093,0.4683326319881984,0.4188898706016897,0.2254114383958439,0,0
2025-03-05,12:26:45,32896,36515,181,2558,,1741,,26.548,24.378,0.0,1.49,12.84,17.16,1741195487.0,-1.1296741513515702,-1.053294253432964,-0.5334617891206269,-0.1506217564423666,2,2
2025-03-07,11:38:40,36023,38959,162,2369,,1679,,27.766,24.676,0.0,1.348,12.74,22.77,1741364432.0,-0.2287314510135847,-0.1722801192271298,-1.1515423246328835,-0.3625304377101941,2,2
2025-03-12,11:38:44,33407,38447,359,1897,,1787,,27.983,27.567,0.518,1.097,8.46,15.83,1741796902.0,-1.1159132619170762,-0.6630577728504734,2.3628121270919475,-1.1705128233698163,1,1
2025-03-14,12:48:58,31829,37903,192,2967,,1808,,27.342,26.268,0.175,1.898,10.38,15.9,1741974082.0,-1.5355270569672133,-0.8805771429453066,-0.2801967290568628,0.3124174527269234,2,2
2025-03-17,16:02:12,36315,40512,197,1324,,1785,,28.353,28.457,0.152,0.667,6.26,17.81,1742245258.0,-0.4147421027456516,-0.0684862107953959,-0.0327681446070575,-2.0458611674966374,1,2
2025-03-22,05:19:19,38165,42351,221,2519,,1716,,27.677,28.159,0.217,1.514,8.5,23.15,1742637893.0,0.3562679830261867,0.8601541819308114,0.659504297566803,-0.1823367190401995,1,2
2025-03-31,11:17:19,35866,41055,146,1966,,1747,,25.889,27.354,0.0,1.13,0.0,20.43,1743437665.0,-0.4330579647403275,0.2719879973743223,-2.0765986181072225,-1.0261623903605377,2,2
2025-04-02,13:02:34,34188,41098,173,2462,,1796,,28.149,30.02,0.142,1.606,6.78,15.86,1743616513.0,-0.9519011172712744,0.0907411320178549,-1.0240850517378068,-0.341100236932858,2,2
2025-04-07,16:52:36,38357,43062,192,1963,,1695,,24.598,27.367,0.0,1.116,11.98,25.14,1744061818.0,0.4974541528263624,1.202161037134608,0.0099429312078121,-0.978450398598148,1,1
2025-04-09,17:16:34,34372,39510,190,2041,,1777,,26.353,27.761,0.0,1.197,8.88,17.51,1744236287.0,-0.8636657759433789,-0.3332732206155792,-0.2751809572170717,-0.9436749382675298,2,2
2025-04-11,10:53:42,31079,35274,177,2436,,1777,,23.361,23.781,0.139,1.407,16.2,16.62,1744386320.0,-1.6395600017691023,-1.5076103109682375,-0.7996765541312952,-0.3603677258398117,2,2
2025-04-16,11:11:51,35709,38858,355,2569,,1693,,27.433,24.396,0.447,1.486,12.28,23.38,1744819050.0,-0.3412231311295566,-0.2467826835733267,2.3908690297646404,-0.0896693261796178,1,1
2025-04-18,12:15:04,38888,41910,170,2777,,1653,,25.994,26.462,0.0,16.77,0.0,26.05,1744995346.0,0.834777812862956,0.9596097557996448,-0.7364262452260124,0.2283959500720106,0,0
2025-04-21,12:00:58,34630,39379,191,3066,,1754,,27.719,25.576,0.172,1.95,11.48,18.85,1745254573.0,-0.7480270142414289,-0.296196259819384,-0.1764685604630535,0.4228063897363374,2,2
2025-04-23,12:12:17,36969,39271,224,3454,,1660,,24.922,22.723,0.0,2.641,17.72,27.2,1745427603.0,0.1301893129504935,-0.0057105795923488,0.7652312849145477,0.7692647774265812,0,0
2025-04-25,11:36:09,38449,40762,220,2259,,1656,,25.887,23.52,0.0,1.283,16.46,28.39,1745598849.0,0.6669832958918042,0.5361741241866109,0.7083655299220152,-0.5004619119352717,1,1
2025-04-28,10:16:50,38232,44843,289,3433,,1722,,26.028,28.045,0.314,2.237,10.32,25.82,1745852336.0,0.3590725689447622,1.7352325587292514,1.5834041203951217,0.7223505112695761,0,0
2025-04-30,10:10:20,37624,44420,246,4336,,1749,,26.279,28.638,0.251,3.063,7.68,22.28,1746024542.0,0.0536373290117512,1.4705123079025273,0.9951570843853406,1.3708224863114105,0,0
2025-05-02,12:15:40,36413,39285,216,3077,,1706,,25.914,24.929,0.196,1.919,12.08,22.52,1746204702.0,-0.1972006240466624,-0.1669957516519811,0.5897288449877616,0.4569798388392414,1,2
2025-05-05,12:11:34,35138,39669,186,2812,,1740,,27.516,26.663,0.149,1.748,11.46,20.38,1746464944.0,-0.5929021707356741,-0.1679756520761084,-0.3318764750479518,0.1989966750356596,2,2
2025-05-07,11:58:35,35545,40785,206,2576,,1731,,25.898,25.077,0.173,1.533,15.48,22.56,1746636973.0,-0.4728950438039053,0.2410143730701704,0.3731671717690933,-0.1156408864949866,1,2
2025-05-12,12:52:30,41299,45840,196,2965,,1664,,27.787,27.263,0.0,1.804,9.4,31.54,1747071718.0,1.668386301918745,2.3380800617434927,0.2192820852604942,0.390052731461395,0,0
2025-05-14,10:56:46,39912,44346,179,3265,,1665,,27.771,25.919,0.13,1.931,9.62,31.36,1747237811.0,1.1611742352035177,1.7905549108687453,-0.4045802426367272,0.6238770877416467,0,0
2025-05-16,12:00:25,38195,44159,194,2568,,1696,,24.149,25.424,0.154,1.474,16.0,27.59,1747413605.0,0.4364943042693534,1.594662834461214,0.078263007704031,-0.0939046760080415,0,0
2025-05-19,12:03:45,37909,43779,207,3290,,1706,,26.189,26.168,0.176,1.958,9.9,26.79,1747673167.0,0.300726910316539,1.4158714941723598,0.4299329444370102,0.6220399303792746,0,0
2025-05-26,12:29:20,39165,44392,166,4972,,1692,,26.119,26.963,0.0,3.116,11.44,29.42,1748279904.0,0.796440174407954,1.6956358403623275,-1.0178990968282018,1.849685883319796,0,0
2025-05-28,16:01:34,37693,41227,198,3603,,1681,,25.494,23.789,0.166,2.063,16.72,27.4,1748465742.0,0.3113106631898721,0.600460309596674,0.2456662894243453,0.8698832363880593,0,0
2025-05-30,10:30:44,37702,38614,210,2769,,1641,,26.295,22.897,0.171,1.561,14.4,27.71,1748618833.0,0.453626659969981,-0.1468932498314405,0.5641117296628291,0.2284226608327774,1,0
2025-06-02,11:36:22,36177,39475,226,3247,,1705,,27.847,24.582,0.228,2.0,11.96,24.2,1748881340.0,-0.2543423935986375,-0.1084382464650283,0.748716271320854,0.5896388547638122,1,2
2025-06-06,10:49:34,36365,39393,163,2951,,1684,,26.5,24.179,0.119,1.632,15.52,25.38,1749224869.0,-0.1533318803531597,-0.0576913187438783,-1.1231690302925603,0.367857363311861,2,0
2025-06-09,10:57:14,33540,38298,139,3654,,1731,,27.026,23.681,0.0,2.198,15.0,22.23,1749483509.0,-0.95385684595813,-0.5265597590691987,-2.350373219775937,0.8829172771561649,2,2
2025-06-11,12:12:11,34269,38559,167,2640,,1720,,26.322,22.288,0.122,1.417,17.7,11.93,1749661738.0,-0.754332944928906,-0.418233770593517,-1.0574561912339604,-0.0154968586347986,2,2
2025-06-13,11:06:48,33654,35045,201,2872,,1703,,25.616,20.746,0.0,1.618,18.62,22.53,1749830497.0,-0.8612010954320728,-1.338958654567885,0.2911001392615527,0.2911632795231506,2,2
2025-06-16,10:59:59,33196,36451,291,4876,,1727,,26.434,22.786,0.316,3.16,14.48,20.37,1750089336.0,-1.0261090696526884,-1.0269165178818276,1.6040289077298366,1.7655291070261716,2,2
2025-06-23,12:40:33,35525,37054,195,2681,,1723,,30.419,23.934,0.175,1.668,10.44,21.54,1750700350.0,-0.4586002964623119,-0.8474622428829098,0.0482510101419712,0.0384998758722884,2,2
2025-06-25,12:52:40,36324,38447,164,1923,,1707,,27.831,22.873,0.0,1.066,15.1,25.11,1750873235.0,-0.2223146206054121,-0.4080767439243216,-1.148235103958024,-1.050626782143125,2,2
2025-06-27,11:53:17,38531,37890,149,1604,,1648,,26.874,20.376,0.089,0.812,18.9,29.74,1751042170.0,0.7244598017212973,-0.3756329630490999,-1.6308507449506005,-1.4744855083165231,2,1
2025-06-30,12:41:52,35172,38164,123,1881,,1731,,24.86,22.786,0.059,0.861,18.44,23.97,1751304590.0,-0.5633080666317264,-0.5640212136011158,-3.1105660736022416,-1.1381303109199108,2,2
2025-07-02,11:08:08,31507,32552,144,3392,,1774,,25.207,21.075,0.112,2.116,14.88,18.09,1751471604.0,-1.5325669733211342,-2.2421880488178845,-2.255016747670575,0.665076259053046,2,2
2025-07-07,10:33:35,35555,38683,165,3374,,1766,,24.35,25.27,0.132,2.102,8.66,19.59,1751901384.0,-0.5539992023546337,-0.5304191857042819,-1.281056754417918,0.6554692840103425,2,2
2025-07-09,10:10:05,37268,40768,179,3109,,1754,,24.961,26.069,0.152,2.007,9.82,21.92,1752072689.0,-0.0844916668051977,0.1427789661612067,-0.651326106408566,0.4569121309816616,0,0
2025-07-11,09:56:10,37799,41546,178,1843,,1747,,27.603,25.769,0.0,1.039,0.0,23.93,1752244589.0,0.1210476498762316,0.4461164238634348,-0.6726712769354659,-1.2117539967224626,1,2
2025-07-16,12:59:57,36663,41479,157,2326,,1757,,26.582,26.668,0.124,1.412,13.08,22.3,1752688338.0,-0.2608019728728679,0.3818224329749068,-1.6079056467995556,-0.5012145862206425,2,2
2025-07-18,11:23:31,35721,38169,172,2615,,1719,,27.072,23.771,0.142,1.535,16.0,22.25,1752855231.0,-0.4011381698081936,-0.5243970662324874,-0.8422248426082142,-0.0494690554086489,2,2
2025-07-21,10:31:25,36865,42530,163,4100,,1768,,25.605,27.717,0.116,2.783,9.64,23.85,1753111140.0,-0.2372932318235598,0.7119177670059145,-1.3748901802943976,1.1914464653573955,0,0
2025-07-28,10:09:37,31799,38205,207,3379,,1798,,22.847,25.12,0.209,2.178,12.82,18.47,1753714839.0,-1.5195083010438373,-0.7652136523037406,0.2753247061309482,0.64300484042317,2,2
2025-07-30,12:05:08,41285,45108,231,2485,,1660,,25.212,25.921,0.0,1.484,6.96,34.52,1753895029.0,1.6776350194575074,2.088144440481356,0.8687087491256346,-0.1774435883884426,0,0
2025-08-04,10:28:24,34835,37741,154,4962,,1667,,27.044,22.148,0.11,3.157,10.92,25.75,1754320755.0,-0.4923560619849708,-0.4783313884152452,-1.466023878599696,1.8544089932640464,2,0
2025-08-06,17:52:20,34052,32857,222,1723,,1726,,26.187,17.836,0.189,0.781,18.72,17.8,1754519758.0,-0.8202857133216045,-2.009893914773602,0.6644592951941787,-1.372587953640961,2,1
2025-08-11,12:13:45,39108,40696,221,1144,,1716,,30.827,26.567,0.226,0.593,7.96,22.8,1754932089.0,0.6914466952835805,0.2699450707293738,0.659504297566803,-2.253575595497637,1,1
2025-08-13,12:11:22,36191,37714,171,1501,,1732,,27.743,24.676,0.0,0.804,11.76,20.51,1755104126.0,-0.3169833609267755,-0.6926542355989498,-0.922066968102598,-1.71821363768988,2,1
2025-08-15,12:48:28,36918,36298,269,1626,,1706,,30.313,22.985,0.0,0.914,9.64,22.3,1755279041.0,-0.0431872209976725,-1.0030799857669463,1.3433558852940286,-1.5000916500928654,1,1
2025-08-18,17:07:54,43295,39372,176,1279,,1594,,30.874,22.686,0.0,0.679,7.66,32.91,1755554195.0,2.652854316115592,0.2933150124908799,-0.3307040555700443,-1.918048237790402,1,1
2025-08-20,17:24:58,33341,32313,149,2680,,1755,,30.147,21.094,0.0,1.59,12.54,18.11,1755727916.0,-1.0570338038814362,-2.2483201173312466,-1.9640625776402711,0.0075671934511211,2,1
2025-08-25,15:12:24,38937,44310,211,4424,,1695,,,,,,,,1756151936.0,0.7042104370922933,1.653512804055466,0.5175707092714912,1.459715650651977,0,0
2025-08-27,16:29:02,28598,34498,176,3143,,1898,,25.721,24.433,0.155,2.029,13.78,14.72,1756329621.0,-2.491918965371793,-2.096873504256523,-1.196848932251764,0.4074106832379427,2,2
2025-08-29,16:03:59,35552,38044,219,3913,,1707,,25.583,22.897,0.196,2.371,15.88,25.89,1756501360.0,-0.4135888784333931,-0.5211149514619691,0.6374679207061025,1.085106046197008,2,0
2025-09-01,12:01:29,37332,40948,165,2887,,1720,,27.082,26.217,0.0,1.813,12.24,24.91,1756745157.0,0.0513724859651021,0.3430110151405779,-1.1436107858647435,0.2943144789422533,0,0
2025-09-03,11:18:08,40178,39380,263,2850,,1603,,28.527,22.599,0.0,1.757,13.76,32.92,1756916198.0,1.478868067722799,0.2598901149502648,1.3572778226030096,0.3292477579223775,1,1
2025-09-05,11:45:29,38010,37050,301,3294,,1644,,25.828,20.518,0.299,1.828,18.96,28.06,1757090653.0,0.5525529916063653,-0.5982817301825455,1.7967249979319433,0.6566479372146219,1,1
2025-09-08,11:35:15,38437,40382,184,2910,,1682,,27.015,24.788,0.144,1.752,12.8,27.35,1757348411.0,0.5714168588492551,0.2959017641905231,-0.2548709640013018,0.3352356256008139,0,0
2025-09-10,17:02:12,38420,39673,196,1770,,1700,,27.74,24.541,0.0,0.97,13.62,25.33,1757540637.0,0.5023515894194768,-0.0242453149223473,0.1376042102637282,-1.2747702243888868,1,1
2025-09-12,11:28:50,36778,37456,232,1558,,1698,,29.451,23.888,0.0,0.859,13.34,23.93,1757693901.0,-0.0639173178869053,-0.6566288281285921,0.8452421847064938,-1.595916446985164,1,1
2025-09-15,18:25:03,39838,39603,190,2449,,1637,,30.822,23.888,0.0,1.488,0.0,28.45,1757977988.0,1.234108059886564,0.2018945683346311,0.0801186349049373,-0.2068783093263443,0,1
2025-09-17,17:32:12,36950,34738,210,2196,,1645,,,,,,,,1758147384.0,0.1750084491082577,-1.2416179190634695,0.5594726520427549,-0.5821814128545767,1,1
2025-09-17,17:42:26,36257,35485,224,2230,,1655,,27.797,20.022,0.0,1.217,18.66,23.81,1758148711.0,-0.0967189364642763,-1.0671246084816624,0.7704054457530417,-0.5420156737189612,1,1
2025-09-24,11:41:53,35807,38890,171,4125,,1722,,28.597,25.771,0.132,2.785,10.42,22.14,1758731708.0,-0.3873026492657246,-0.3313858471625266,-0.8930156042002502,1.2318094872344976,2,0
2025-09-26,11:19:03,35373,37953,203,4757,,1698,,26.736,23.412,0.0,3.202,13.48,25.58,1758903369.0,-0.4356730024237082,-0.5178835109477784,0.3558171602663537,1.6951163781427323,0,0
2025-09-29,11:42:12,35908,37122,192,3438,,1708,,26.526,22.985,0.0,2.096,14.78,23.24,1759162988.0,-0.3285479670499791,-0.7811863626521434,-0.0222475069637573,0.7331601644526639,2,0
2025-10-03,12:27:09,36875,41696,221,4682,,1705,,28.44,26.465,0.0,3.19,8.34,25.69,1759511635.0,-0.0544219061824597,0.67034883012835,0.6714443957438055,1.6386579929987932,0,0
2025-10-13,10:20:54,41672,43474,222,3376,,1673,,27.211,26.368,0.0,2.187,9.5,30.67,1760367840.0,1.7721375741079848,1.4415541230682287,0.7211940124507813,0.7040654624317942,0,0
2025-10-15,11:08:47,38176,40408,172,2135,,1717,,27.914,26.368,0.0,1.222,10.38,21.59,1760543805.0,0.3566765552988553,0.1644089339154131,-0.8364563066490128,-0.743568604165558,1,2
2025-10-22,18:08:54,38028,41237,187,2757,,1710,,28.375,26.467,0.15,1.64,10.62,22.34,1761174332.0,0.3287740735332672,0.4861847542323277,-0.213605661197184,0.153225618412277,0,0
2025-10-24,12:07:41,35180,36741,166,3071,,1706,,27.825,21.89,0.124,1.801,15.22,19.9,1761325588.0,-0.5017890506156488,-0.8805197330890525,-1.0590963272601943,0.4522414890264321,2,2
2025-10-29,12:00:13,34047,37747,148,2698,,1786,,28.483,25.569,0.099,1.679,12.36,19.24,1761756516.0,-0.9620096116402932,-0.8543456206784269,-2.1079158212530675,0.0037930887647732,2,2
2025-11-03,10:34:59,37900,40500,176,2511,,1709,,26.148,24.776,0.132,1.378,14.56,25.54,1762183242.0,0.2871724053513835,0.2289019888194189,-0.6475723796142495,-0.1870719583415007,0,0
2025-11-10,11:24:35,30114,31337,236,2053,,1859,,29.459,22.401,0.265,1.218,12.46,14.0,1762791776.0,-2.0521729816218564,-2.835757521673512,0.7398988924751808,-1.007924316078418,2,1
2025-11-12,09:36:07,36161,36976,196,2601,,1708,,28.742,22.401,0.158,1.573,13.76,27.65,1762957261.0,-0.265729692098918,-0.8216996332533443,0.1188893309079671,-0.0587833392011606,2,2
2025-11-14,11:18:33,36002,39525,188,3396,,1739,,27.652,26.069,0.146,2.307,10.36,19.49,1763136312.0,-0.3805142435096209,-0.2060254136494197,-0.2516307328202216,0.6858357428965263,2,0
2025-11-17,11:02:03,38903,43253,234,5323,,1684,,27.694,27.456,0.163,3.933,6.7,27.27,1763395145.0,0.7307837613063966,1.3163571502785958,0.8882559810947802,2.099452427463324,0,0
2025-12-12,15:55:48,34088,37694,147,2899,,1398,,,,,,,,1765554816.0,0.0256538701890324,0.4904535116749416,-0.9668343053870894,0.4789219416287036,0,0
2025-12-15,10:49:01,29900,30179,142,3861,,1370,,27.483,21.182,0.12,2.583,15.9,17.43,1765794791.0,-0.9744725635257312,-1.6330386128990275,-1.0985334353103131,1.2110390072448562,2,2
2025-12-17,10:17:51,31196,37824,155,3431,,1469,,28.0,29.0,0.163,2.588,5.56,14.3,1765965945.0,-0.898064654515263,0.2495848349204469,-0.8348930522836754,0.8473878805942346,2,0
2025-12-19,12:43:36,32855,35919,151,4113,,1359,,28.0,25.0,0.145,2.783,10.6,22.76,1766147231.0,-0.2333679315537411,0.0211683188476464,-0.6868870313724451,1.3978658699279702,0,0
2025-12-24,12:00:02,33349,35867,167,4972,,1295,,26.0,22.0,0.147,3.164,17.92,29.83,1766577170.0,0.1206378030939906,0.2586219914956828,0.0973020739435255,2.035878601566812,0,0
2026-01-09,11:55:37,32210,35003,181,2283,,1365,,24.301,26.165,0.225,1.539,7.6,17.68,1767958986.0,-0.4076840323986052,-0.2802252126893357,0.3764130976479111,-0.1842937066721578,1,2
2026-01-14,16:29:29,34314,35711,164,2425,,1342,,29.441,25.576,0.17,1.511,8.76,18.19,1768407926.0,0.2963908658303002,0.0162102353350864,-0.127432681320737,0.0366833658068082,0,0
2026-01-21,11:21:17,35031,34021,206,1554,,1293,,29.156,23.806,0.252,0.92,10.38,23.27,1768994173.0,0.7223468424750131,-0.3259862793107663,0.8717894247460164,-1.1898445082885616,1,1
2026-01-23,10:41:39,32277,32180,221,1645,,1344,,29.284,22.07,0.296,0.92,12.08,18.65,1769164305.0,-0.3404734119418072,-1.0012295176316215,1.034398506189714,-1.1038875316153716,1,1
2026-01-26,11:12:09,28642,31965,137,2109,,1422,,26.888,23.199,0.119,1.195,14.84,15.18,1769425438.0,-1.392023103773507,-1.305477717109315,-1.4735152590169571,-0.4910638501832859,2,2
2026-01-28,11:31:32,32367,35737,151,1833,,1351,,26.577,24.79,0.122,1.027,14.02,22.34,1769598738.0,-0.3352679627399904,-0.0102659120259467,-0.6642498281230996,-0.8289134392591245,2,2
2026-01-30,18:08:08,35139,37864,147,2698,,1354,,26.786,24.431,0.114,1.52,16.64,21.86,1769796038.0,0.5466212105056772,0.7302482104964172,-0.8390762595046337,0.3412489481794068,0,0
2026-02-02,10:07:05,39914,42462,246,2139,,1315,,27.904,27.613,0.281,1.299,9.36,28.15,1770025371.0,2.419123236342233,2.556368248868594,1.3931601515725054,-0.3432336584907747,0,1
2026-02-04,10:06:31,31312,34758,205,2332,,1417,,27.578,23.61,0.232,1.302,13.08,18.01,1770198503.0,-0.7482830130838786,-0.5159896707806365,0.7301957088829405,-0.1640125022105778,2,2
2026-02-06,10:25:59,32592,37246,184,2380,,1437,,27.452,26.484,0.101,1.434,10.16,15.65,1770372612.0,-0.4873088013412428,0.1743841392109147,0.3276371599960033,-0.1148979516821535,1,2
2026-02-09,11:44:17,32375,34003,154,2384,,1378,,26.878,21.924,0.13,1.285,18.52,21.13,1770636273.0,-0.3986161434042885,-0.6027868543969487,-0.6172919148402842,-0.0537512958583418,2,2
2026-02-11,10:58:44,34666,37402,155,3259,,1359,,25.866,23.363,0.127,1.913,15.36,23.99,1770806317.0,0.3614859789238855,0.5447592309054633,-0.5236554442785804,0.7739130296727935,0,0
2026-02-13,10:22:34,32223,35870,170,3196,,1427,,,,,,,,1770977094.0,-0.5528832390920274,-0.2345783674399806,-0.1214339477420572,0.692308897927471,2,2
2026-02-16,10:26:09,32207,34741,172,4140,,1399,,27.426,15.943,0.184,2.794,11.28,295.0,1771236148.0,-0.4899769464235771,-0.4632901469078179,0.021916299089299,1.3980535860125285,2,0
2026-02-18,10:40:50,34965,37418,173,3496,,1333,,26.741,24.867,0.163,2.128,15.1,24.09,1771410393.0,0.5582568973143495,0.6562717711135664,0.2108885005688241,0.962718562374382,0,0
2026-02-20,10:26:03,34778,39233,193,4239,,1369,,27.961,26.07,0.192,2.802,9.6,23.06,1771582995.0,0.3662794277600312,1.1608682217508142,0.5922314684083791,1.483232154200668,0,0
2026-02-23,09:54:05,30991,34108,177,4877,,1384,,26.303,23.771,0.189,3.304,12.08,18.85,1771839859.0,-0.747372850878078,-0.5925637440208987,0.2268157925631324,1.9276228449942263,2,0
2026-02-25,11:42:13,32500,35187,146,3392,,1365,,25.824,23.563,0.118,2.004,15.1,21.15,1772018391.0,-0.3364511859243521,-0.2278957996122444,-0.913076516510664,0.8700549694386078,2,0
2026-02-27,11:53:30,32463,36288,156,2620,,1403,,26.891,25.569,0.153,1.609,11.34,18.58,1772191801.0,-0.4372480402730001,-0.0245638456401876,-0.60575059422588,0.2408342252953204,2,2
2026-03-02,15:44:16,36078,37121,160,3126,,1319,,26.594,23.764,0.136,1.958,12.44,24.28,1772465774.0,1.006496966404799,0.6071379047579831,-0.2189078117026331,0.693966887800264,0,0
2026-03-04,12:11:31,34560,36726,185,3514,,1341,,28.34,25.37,0.2,2.38,9.92,0.0,1772625052.0,0.3866278924776418,0.3772021412717558,0.4876566555594292,0.9720298717467148,0,0
2026-03-06,10:23:18,32890,36647,137,4183,,1367,,24.76,24.57,0.107,2.719,11.52,19.74,1772791284.0,-0.2443683494987586,0.2443622628063756,-1.3068575309893942,1.4441647313356978,0,0
2026-03-09,15:04:25,28273,33657,151,2201,,1492,,28.417,26.368,0.148,1.357,9.98,21.71,1773067430.0,-1.639765810633439,-1.0590495963680018,-1.0719145583751395,-0.4250369786009541,2,2
2026-03-11,11:59:09,33755,35581,280,2126,,1362,,27.427,24.676,0.382,1.186,11.0,19.25,1773229998.0,0.0329879616182077,-0.1042336200875768,1.7769792851250523,-0.4077099856963025,1,1
2026-03-13,11:35:55,33091,36967,212,1961,,1441,,28.524,26.564,0.275,1.151,9.04,16.49,1773400626.0,-0.3750969122977399,0.0606993965431434,0.8107326297167164,-0.7279902688540016,1,1
2026-03-16,10:41:40,34249,38051,311,2245,,1387,,26.529,25.572,0.409,1.227,11.74,21.71,1773656335.0,0.1187228552107891,0.6626062851855146,2.125685541294946,-0.2597483538749006,1,1
2026-03-23,10:58:59,37560,36417,148,3771,,1334,,,,,,,,1774262141.0,1.4896432584672503,0.2959646360199917,-0.7399604824867235,1.1632318853711132,0,0
2026-03-25,11:25:17,38106,32597,126,2197,,1306,,29.674,20.775,0.103,1.263,7.28,22.83,1774436703.0,1.7890063344605227,-0.7657855265559501,-1.6086643853427305,-0.2509214476678297,0,1
2026-03-27,10:45:02,33129,36841,153,2830,,1407,,27.0,25.771,0.142,1.837,10.76,20.14,1774606948.0,-0.2830334951990954,0.1521821328798362,-0.7405830781978342,0.4195781166814872,0,0
2026-04-01,12:11:11,32025,29407,373,1814,,1379,,26.955,19.576,0.602,0.963,14.16,17.08,1775045298.0,-0.4863695018662138,-1.8723094822956383,2.833951297118435,-0.8852297405180731,1,1
2026-04-03,16:44:24,34651,35575,239,1904,,1368,,27.533,23.333,0.272,1.089,14.52,21.84,1775233692.0,0.3249474874028459,-0.1260846429599856,1.2548091370679042,-0.7401671804244329,1,1
2026-04-06,12:09:42,32107,33354,200,1870,,1391,,26.534,21.89,0.215,1.023,18.48,19.74,1775476175.0,-0.4951395965905015,-0.824484814033454,0.6804224415624118,-0.813615918245145,1,1
2026-04-08,10:46:05,32637,34028,197,3176,,1390,,28.037,23.272,0.225,1.384,11.8,19.19,1775644675.0,-0.3633115941849892,-0.633944931310655,0.6338924823760895,0.6958865856938222,2,2
2026-04-13,10:47:16,34330,36411,168,1937,,1390,,28.631,25.17,0.17,1.095,11.66,19.13,1776076888.0,0.1366178887486187,0.0694531758583354,-0.10126804344311,-0.7130205259533624,1,2
2026-04-15,10:22:19,34838,33890,161,1657,,1360,,29.641,23.419,0.155,0.915,10.4,20.36,1776247234.0,0.4188174983759009,-0.5770806234103356,-0.2888366622046429,-1.1019199206882817,1,1
2026-04-17,11:22:42,37101,38270,145,2290,,1351,,28.143,25.469,0.113,1.368,11.26,23.61,1776424116.0,1.2623401416780848,0.8881168318412526,-0.9146938200203903,-0.1610001871415067,0,0
2026-04-20,12:27:29,36218,34108,171,1489,,1342,,30.579,21.974,0.164,0.748,12.86,21.05,1776687743.0,0.975376662080474,-0.458670336180482,0.1237998598305728,-1.3380843495701822,1,1
2026-04-22,12:39:31,32994,34962,240,1543,,1416,,27.206,24.87,0.31,0.899,10.84,19.44,1776860679.0,-0.338416987264879,-0.4556317735026526,1.224460711689454,-1.331192412177821,1,1
2026-04-24,11:23:53,36177,35871,171,2211,,1356,,28.397,23.98,0.188,1.311,12.38,22.45,1777028705.0,0.9110296461056904,0.0163770866617229,0.0906999684162374,-0.2788474694408662,1,1
2026-04-27,10:40:57,31279,35016,140,1961,,1445,,27.853,26.179,0.11,1.136,12.42,17.0,1777285163.0,-0.8220156932156839,-0.533066685267126,-1.4106420036246756,-0.7319586537393916,2,2
2026-04-29,11:27:21,28047,32619,175,2111,,1528,,28.368,24.928,0.174,1.238,13.4,12.53,1777460778.0,-1.7751864653903573,-1.4576276920087097,-0.1944459088976667,-0.5921820589395789,2,2
2026-05-01,11:32:28,30738,33511,197,2740,,1427,,27.757,24.302,0.244,1.631,12.56,17.09,1777633952.0,-0.9086765134129632,-0.8946505654133788,0.5924871047571489,0.3356142197515619,2,2
2026-05-06,12:37:37,33343,36309,228,3734,,1408,,27.265,24.918,0.268,2.384,11.78,0.0,1778069613.0,-0.2319276498826198,-0.036918349775444,1.0702411647330563,1.100326056727435,0,0
2026-05-13,10:39:42,33259,37811,179,1659,,1422,,27.633,26.811,0.198,0.939,8.84,,1778667516.0,-0.28742160821706,0.4347760177212388,0.2071957534029494,-1.1614656485981558,1,2
2026-05-15,09:39:43,26572,30104,124,1459,,1359,,27.594,23.709,0.124,0.827,12.6,,1778836750.0,-1.7312602376904296,-1.619248999441076,-1.8634208742219405,-1.4010217381238093,2,2
2026-05-18,15:21:16,27226,33468,130,1457,,1350,,23.388,25.969,0.115,0.846,14.82,,1779117589.0,-1.557788162326448,-0.6629852267409808,-1.564951566008801,-1.3949057275448369,2,2
2026-05-20,12:04:40,29395,34521,131,1136,,1334,,27.91,27.159,0.127,0.619,10.04,,1779277914.0,-1.010205478640105,-0.316701437310642,-1.471497211048064,-1.870529661228371,2,2
2026-05-22,12:37:26,26615,29158,158,1667,,1313,,30.213,22.698,0.005,1.237,14.8,,1779452776.0,-1.6155078231561328,-1.7347576598097003,-0.2799722662884675,-1.0395351556059074,2,2
2026-05-29,10:36:38,30407,34675,170,1878,,1264,,39.184,25.127,0.006,1.73,12.54,,1780049853.0,-0.6039841137808992,-0.0345986050774374,0.2657271735749691,-0.6756507972057716,1,2
2026-06-01,11:15:07,29473,32473,118,1190,,1282,,29.051,25.572,0.102,0.717,10.2,,1780311264.0,-0.8700847313931671,-0.724254788006645,-1.8957778897168769,-1.7338809999733016,2,2
2026-06-03,10:51:58,29176,34029,150,2112,,1278,,27.463,25.87,0.155,1.471,11.6,,1780483230.0,-0.9313704703251376,-0.2753181755288482,-0.5009128618884197,-0.3465166946253482,2,2
2026-06-05,12:01:09,22552,26678,133,2424,,1363,,25.181,21.393,0.141,1.628,21.18,,1780660441.0,-2.67186178486562,-2.566245702201487,-1.4711537187892696,0.0159230025185138,2,2
2026-06-10,03:48:00,26747,29932,147,2029,,1391,,26.967,22.318,0.14,1.085,15.44,,1781058849.0,-1.763898036834046,-1.766151918983112,-0.9463972626254508,-0.5780783681901442,2,2
2026-06-17,00:07:00,30805,31433,252,2529,,1311,,27.963,21.311,0.337,1.595,13.76,,1781650617.0,-0.6195485783738784,-1.103658625018416,1.4732209745724425,0.2038430032984237,1,2
