timestamp,pCu,pMo,pFe,pIns,W0_Standard,W1_HighGrade,W2_Complex,pCu_Est,pFe_Est,pMo_Est,pZn_Est
2025-07-15 00:00:00,26.868,0.858,27.57,10.24,0.4437733136164893,0.5562112198162125,1.546656729664572e-05,26.361753380986475,28.12822600450889,2.2999946281137853,0.0489125422901682
2025-07-15 12:00:00,25.469,2.111,27.64,8.9,0.6214364123572358,0.378562137899722,1.4497430420037531e-06,25.643714637573407,27.5461253397457,2.4770383594848795,-0.0058442907688925
2025-07-16 00:00:00,24.97,2.203,27.71,9.84,0.1328202322364527,0.8638790211305646,0.0033007466329815,27.6021195844245,28.86657934354685,1.9870271186144544,0.1561221106534633
2025-07-16 12:00:00,26.268,1.362,24.14,13.82,0.6826897193072354,0.3173032468097707,7.0338829945507735e-06,25.396102493530524,27.623893789705637,2.538068227409177,-0.0578349650983828
2025-07-17 00:00:00,26.219,1.323,25.43,13.92,0.0994509020965924,0.8725143815595438,0.0280347163438668,27.61279459035845,28.904552687045125,1.9302735871075611,0.1712231793394401
2025-07-17 12:00:00,24.67,1.48,24.1,15.5,0.5741011615417517,0.4258814794798368,1.735897841217438e-05,25.834962469408964,27.72163275862746,2.429856559563226,0.0126692792090671
2025-07-18 00:00:00,24.695,1.836,25.9,15.86,0.330760948740677,0.6691403589597817,9.869229954298355e-05,26.818128183635707,28.253359994869392,2.1873056344472106,0.0791616700056234
2025-07-18 12:00:00,26.468,1.141,27.61,12.74,0.2682987493482222,0.7312005401457904,0.0005007105059864,27.06857984055911,28.573676968666785,2.124683861928345,0.1103631168525743
2025-07-19 00:00:00,26.218,1.276,26.84,14.66,0.1686590016211666,0.8271356017885989,0.0042053965902337,27.452717565493582,28.75093872935569,2.0218786321617874,0.1431941012932929
2025-07-19 12:00:00,26.968,1.324,25.88,12.02,0.1992999440561273,0.7997238389356341,0.000976217008237,27.3450832451662,28.68790169198252,2.0554789303999006,0.1268032439209018
2025-07-20 00:00:00,23.297,1.606,24.35,19.9,0.1982810622226101,0.8005451083376295,0.0011738294397593,27.34820921549417,28.656399480898724,2.0542758991083434,0.1319787727096234
2025-07-21 12:00:00,28.965,2.049,28.6,7.52,0.3710897108088874,0.6288973979904917,1.2891200617787466e-05,26.655551343063987,27.68556143538745,2.227572310402004,0.0576543923079866
2025-07-22 00:00:00,30.563,1.455,27.1,6.18,0.5287018279674467,0.4712938076357065,4.364396845091929e-06,26.01853052145913,27.061177457428027,2.384631248134228,0.0062267135640504
2025-07-26 00:00:00,27.966,2.166,28.36,8.88,0.5630014239465322,0.4369834504039689,1.5125649501899492e-05,25.87983850394324,27.086141940420998,2.418798472086076,0.0274452513189646
2025-07-26 12:00:00,28.466,1.665,27.69,6.7,0.385844383651196,0.6138912899679296,0.0002643263808718,26.594650785941464,27.916754037885458,2.2420355174899678,0.0952005258543884
2025-07-27 00:00:00,27.267,1.423,28.1,10.08,0.1832488136252277,0.8161440544053626,0.0006071319694094,27.41181483118021,28.862793213718373,2.0398356773965785,0.1414060378347584
2025-07-27 12:00:00,30.139,1.231,26.76,5.88,0.1282416569531669,0.8636944620349315,0.0080638810118996,27.59670773643208,28.82987905437385,1.977938760775833,0.1727713927262978
2025-07-28 00:00:00,27.467,1.709,26.26,9.56,0.0185642250139528,0.8372591587458672,0.1441766162401766,27.356523852350367,28.767337310571584,1.7393130914486958,0.2192832807872858
2025-07-28 12:00:00,30.049,1.267,27.5,6.2,0.1607348429155314,0.8369167142903547,0.002348442794116,27.49407157315945,28.63418118212765,2.0157472314725844,0.1530376386180697
2025-07-29 00:00:00,26.268,1.316,25.54,10.08,0.0839705043721387,0.912806848926778,0.0032226467010846,27.799960960618808,29.06900177692424,1.9384255655536329,0.1700147086781571
2025-07-29 12:00:00,28.805,1.981,27.32,8.34,0.6856541046614142,0.3143446506506973,1.24468788493533e-06,25.38414960401607,26.652060210465265,2.541027557198882,-0.0362290385684914
2025-07-30 00:00:00,27.807,1.698,25.98,8.8,0.7093223476340375,0.2906751280879183,2.5242780471886e-06,25.28847682188258,27.22958392718725,2.564610297876095,-0.0330991497349587
2025-07-30 12:00:00,25.37,1.835,26.36,11.18,0.8792833370953865,0.1207165532288684,1.0967574779520336e-07,24.60151152126968,27.043652379124737,2.733968323592389,-0.0764283677941019
2025-07-31 00:00:00,27.916,1.83,24.57,8.44,0.5280452019201282,0.4719540259846691,7.720952001275998e-07,26.02120262395825,27.646779082088628,2.383980373960607,0.0010884008574595
2025-08-01 00:00:00,25.769,2.951,25.56,11.24,0.033998554278874,0.9570807615144816,0.0089206842066463,27.97333316378326,29.107069379971293,1.8832171101230744,0.1849479003230627
2025-08-01 12:00:00,22.873,2.327,27.32,13.64,0.305028756604294,0.6949343929220689,3.685047363717806e-05,26.922447505156363,28.359753351228186,2.161723842894772,0.0893381225490427
2025-08-02 00:00:00,26.768,2.747,25.66,9.14,0.1750467768161284,0.8249361091399685,1.7114043900774362e-05,27.44793003231418,28.417019371790037,2.0322235038666525,0.1357160892965651
2025-08-02 12:00:00,25.769,2.155,29.07,9.84,0.6077524577652086,0.3922432593631146,4.28287167836101e-06,25.69901056133063,27.50670687095652,2.463400443504359,-0.0290559401408113
2025-08-03 00:00:00,25.821,2.66,25.35,8.88,0.0182618389596219,0.9759004444879432,0.005837716552434,28.052421790224503,29.20730915218652,1.8704659734375944,0.1890576343323828
2025-08-03 12:00:00,27.667,2.325,28.51,6.76,0.0581890505308453,0.9414207996465676,0.000390149822589,27.91839237942015,29.05728392052413,1.9154274556583852,0.1755439661587482
2025-08-04 00:00:00,25.969,3.907,26.61,8.6,0.1530857199911525,0.8468939334574915,2.034655135272832e-05,27.53667975947084,28.56128071844657,2.010337582230886,0.1389957808611963
2025-08-05 00:00:00,27.972,2.383,27.41,8.2,0.2466863184267304,0.7520766253654924,0.0012370562077804,27.152239067288843,28.33176630104872,2.102448696314936,0.1189968252441671
2025-08-05 12:00:00,28.638,1.733,26.04,7.58,0.4224511695443046,0.5774988885539805,4.994190171344559e-05,26.447763753774968,28.347669972475007,2.2787156559946458,0.0443865768835434
2025-08-06 00:00:00,28.237,1.531,28.52,9.34,0.4097601488968531,0.5901823204186508,5.75306844957721e-05,26.499022386362984,28.057109604486303,2.266062618982995,0.0535847208449997
2025-08-06 12:00:00,25.873,0.77,25.88,11.2,0.2794629287220267,0.7200359170087626,0.0005011542692114,27.054682516132583,28.46086256087964,2.069190567813067,0.1151212332764897
2025-08-07 00:00:00,26.761,0.582,29.11,8.24,0.4994978617955595,0.5004179164941511,8.422171028632671e-05,26.096406870155988,28.48258933879053,2.080964299736288,0.0556561543859429
2025-08-07 12:00:00,27.298,1.137,27.32,9.72,0.734224989167443,0.2657729044038877,2.106428668493493e-06,25.199350556948403,27.668140414154884,2.4144029349413496,-0.0404264003994716
2025-08-08 00:00:00,24.966,1.285,27.39,12.64,0.8061515926075105,0.1938470745887117,1.3328037764561009e-06,24.905509534868397,27.536433828085222,2.468928545269306,-0.04117870504517
2025-08-08 12:00:00,25.186,0.975,27.55,11.88,0.3006865569162287,0.6983121025472038,0.0010013405365681,26.96544328236942,28.33419633433558,2.08480411519514,0.1193191483009097
2025-08-09 00:00:00,25.872,1.105,27.34,11.16,0.8113843901873676,0.1886146210194936,9.8879313917401e-07,24.88413349741368,27.72252371874361,2.472895660821404,-0.0101485476953409
2025-08-09 12:00:00,24.598,0.797,28.01,10.86,0.4953188079537832,0.5046743315469202,6.860499294099813e-06,26.175340487084267,28.754712596108288,2.2332925526941336,0.0511220154260553
2025-08-10 00:00:00,25.628,0.939,26.82,9.7,0.8077594256290925,0.1922394836952715,1.0906756378565483e-06,24.898942209735385,27.724788503516148,2.470147613588921,-0.0227648006270222
2025-08-10 12:00:00,25.578,0.897,26.98,9.98,0.5349166849103193,0.465051383263743,3.1931825939038025e-05,26.013442541248995,28.08203309466125,2.263286402610644,0.0618908895245043
2025-08-11 00:00:00,23.422,0.913,28.7,11.4,0.6216954281512139,0.378295715198819,8.85664996860171e-06,25.62153190482085,28.415591518385437,2.256892421977608,0.0135561780838063
2025-08-11 12:00:00,25.48,0.719,29.29,8.68,0.7161301487870612,0.283861822090916,8.029122023993754e-06,25.222699625286083,28.364803687079725,2.0544636233981843,-0.0110460390929948
2025-08-12 00:00:00,25.382,0.861,26.51,10.58,0.5190912089281965,0.4808757014686501,3.3089603152008666e-05,26.078089195525365,28.195082252066364,2.251288599401047,0.0346615010290854
2025-08-12 12:00:00,27.342,0.812,27.97,9.66,0.7705226496502996,0.2294709489794146,6.401370282154202e-06,25.02828926121226,27.795502851953405,2.352431301521131,-0.0691505072557567
2025-08-13 00:00:00,28.616,0.858,27.32,8.3,0.3583144507755733,0.6411634663383934,0.0005220828860317,26.653683480454305,28.55984220064272,2.0174526914284217,0.0804012073511385
2025-08-13 12:00:00,22.694,0.59,27.53,14.44,0.5966399920570035,0.4033178588114555,4.214913154103965e-05,25.72124252167793,28.21888367210997,2.124417558721716,-0.00263122234425
2025-08-14 00:00:00,27.93,0.776,26.34,9.96,0.1876724182347132,0.8109745672056491,0.0013530145596403,27.425363749411638,28.635424077424304,1.9987981398195844,0.1507932598196959
2025-08-14 12:00:00,23.388,0.649,29.2,9.94,0.5013882258066865,0.4985790732992861,3.270089402449304e-05,26.08917090586041,28.502773437838695,2.081858069188629,0.2654510735005299
2025-08-15 00:00:00,25.286,0.389,28.53,9.1,0.7906960822735799,0.2093023919969277,1.5257294896838067e-06,24.93138114379852,28.34226422930888,2.0687060977176888,0.2179860607020494
2025-08-15 12:00:00,23.602,0.599,30.14,10.52,0.5001548211640451,0.4998126537670088,3.252506894911731e-05,26.155453718938688,28.26883028140951,2.236934166603773,0.0938951338041715
2025-08-16 00:00:00,27.244,0.631,26.68,8.36,0.5756173518005067,0.4243717378823606,1.0910317133569604e-05,25.80519806215692,28.6235270712416,2.2273116055903537,0.0303494259734885
2025-08-16 12:00:00,24.969,0.839,29.46,9.18,0.570444146258085,0.429530596192328,2.5257549585311263e-05,25.825748240783664,28.34018202504308,2.223977140429981,0.0365099536289109
2025-08-19 00:00:00,25.286,0.848,27.27,10.22,0.5414681083241998,0.4585134858156424,1.8405860158911675e-05,25.9867462288294,28.10592837805496,2.268265645151856,0.0326230187461226
2025-08-19 12:00:00,23.919,1.275,27.92,10.74,0.5487710204288933,0.4512266530027736,2.3265683353640004e-06,25.93742165644681,28.258239744845103,2.4046309074136984,0.0076721025899111
2025-08-20 00:00:00,23.912,1.676,27.44,12.74,0.6295638385623821,0.3704350699042317,1.0915333850148097e-06,25.61086561363559,27.939140789600327,2.4851371830122195,-0.010385904853585
2025-08-20 12:00:00,26.656,1.491,30.03,9.48,0.040393623868054,0.959453461814342,0.0001529143176072,27.991512271552267,29.203598181087514,1.8979208303586812,0.1777614714772162
2025-08-24 12:00:00,29.131,2.477,26.95,7.44,0.8392740636923031,0.1607258770441178,5.9263581107411265e-08,24.763228105511725,25.822493780969463,2.6941015774937718,-0.1491757049883549
2025-08-25 00:00:00,29.131,2.305,29.59,8.4,0.7986396450079515,0.2013602557404638,9.925158528616955e-08,24.92747105503165,25.94264839044419,2.6536118264546675,-0.1408538900747514
2025-08-25 12:00:00,28.835,2.231,26.87,8.92,0.7629208705859986,0.2370788537388805,2.7567512086783986e-07,25.071844426862924,26.28372121711384,2.61802008463951,-0.0994800609474016
2025-08-27 12:00:00,27.474,1.77,24.36,10.96,1.7188609163035222e-20,2.4769391760317776e-13,0.9999999999997584,23.134000000000643,26.095166666667005,0.907583333333726,0.4002499999999533
2025-08-28 00:00:00,24.483,2.019,26.33,15.28,0.0018655076643533,0.240646910643587,0.757487581692063,24.34424790662928,26.86239321622614,1.1398855066039617,0.349571809577011
2025-08-28 12:00:00,26.913,2.299,26.02,10.94,0.1207426049333531,0.8784692909106333,0.0007881041560167,27.66355436606645,28.77540189107753,1.9773800975306457,0.1582292852271682
2025-08-29 00:00:00,27.952,2.443,26.57,8.9,0.3376334820635453,0.6623519952997836,1.4522636671445544e-05,26.79077226399864,28.006817175872115,2.194233674376652,0.0794467365383412
2025-08-29 12:00:00,23.065,2.481,25.49,16.04,0.1466826620503594,0.8530825955195653,0.0002347424300765,27.5614841356768,28.72979584058132,2.003753600555751,0.1470975275426588
2025-08-30 00:00:00,27.654,1.843,26.29,10.56,0.0605763445568658,0.9311084787158136,0.0083151767273203,27.86894708682743,29.0509815097387,1.910275625856714,0.1810730889031824
2025-08-30 12:00:00,23.368,2.45,25.04,14.8,0.2625664190480025,0.737397634803832,3.594614816490791e-05,27.094083592042143,28.259061722659823,2.119413579812105,0.118810866115224
2025-09-01 00:00:00,28.745,0.053,25.96,8.62,0.7780036677962291,0.2219959113836018,4.208201696596281e-07,25.0108794659701,27.470889459985923,2.633049031682646,-0.0708586960139094
2025-09-01 12:00:00,26.391,1.699,27.35,10.92,0.518394334679059,0.481587156211286,1.850910965602021e-05,26.060122084161105,27.7801398413628,2.374347020699492,0.0127273982828231
2025-09-02 00:00:00,25.672,0.78,27.22,11.4,0.560409194552063,0.4395673918239144,2.3413624020025375e-05,25.86575870599564,28.36345697946536,2.217537163581404,0.0903603003388484
2025-09-03 00:00:00,25.573,2.108,24.24,12.38,0.3729389326349762,0.6270537492621069,7.318102916692897e-06,26.648104827277063,28.191763121624945,2.229420242595849,0.1794542296288236
2025-09-03 12:00:00,24.483,1.757,27.86,13.98,0.5621691126944565,0.4378288395426604,2.047762882466372e-06,25.8832683533206,27.72209317116751,2.4179815518668257,0.0480509260544328
2025-09-04 00:00:00,24.925,1.391,24.78,12.36,0.5154527230165195,0.4845343075463697,1.2969437109612272e-05,26.072039811544904,28.12930598696181,2.371421148564856,0.0839189995591979
2025-09-04 12:00:00,22.054,1.817,27.18,15.66,0.3497455914135847,0.650244476746102,9.931840315454178e-06,26.741838519667304,28.40782446073936,2.2063070129006084,0.1178937183105562
2025-09-05 00:00:00,21.311,2.042,27.44,15.9,0.4807710518365514,0.5192191778434371,9.770320009705436e-06,26.212238192379825,27.915642050041527,2.3368660242518877,0.1764527003069901
2025-09-05 12:00:00,26.168,1.693,26.42,11.5,0.495849765329332,0.5041445990416783,5.635628991781767e-06,26.15131122916626,27.97038430263191,2.3518949689619237,0.1099289149139573
2025-09-06 00:00:00,25.201,2.002,27.86,12.62,0.4445891909748655,0.5554007595091504,1.0049515981729575e-05,26.35848283018977,27.82653735734141,2.300812747463874,0.1174997361158303
2025-09-06 12:00:00,27.754,1.628,27.39,9.12,0.4535587409511696,0.5464353703496945,5.8886991361013774e-06,26.32224906119872,28.058353538204187,2.309754309188305,0.0737241726960637
2025-09-07 12:00:00,26.467,1.882,26.22,12.02,0.6345199137199233,0.365479141768041,9.445120347201204e-07,25.590834038825804,27.325077295251813,2.490075748500534,-0.0493308673131666
2025-09-08 00:00:00,25.722,1.738,27.38,13.8,0.6540866620085922,0.3459119739776667,1.3640137425423495e-06,25.51174369908621,27.56358189185757,2.5095724178547,-0.0393225423754692
2025-09-08 12:00:00,27.555,1.687,25.4,9.98,0.6472517988208335,0.3527456442625558,2.5569166101474887e-06,25.539364029071173,27.65037965078193,2.502760761168712,-0.0258316294778056
2025-09-09 00:00:00,26.119,1.541,26.28,12.88,0.767420584486345,0.2325785664474695,8.490661860291394e-07,25.0536538335276,27.528343790691117,2.622503229486154,-0.0794838043699173
2025-09-09 12:00:00,27.551,1.12,26.15,10.94,0.6636946745854884,0.3363008237215336,4.501692977535886e-06,25.48747904480144,27.912341710374864,2.360934258179793,-0.0453173484304263
2025-09-10 00:00:00,25.379,1.021,29.65,11.44,0.7364571451566672,0.2635413072443867,1.5475989445644043e-06,25.19023426159814,28.27549200478944,2.416095580155771,-0.0504014956992655
2025-09-10 12:00:00,27.749,0.756,27.57,9.34,0.7632003660196404,0.2367970875529879,2.546427375017847e-06,25.0809739373031,27.92121431279707,2.4363676692495164,-0.042802036060613
2025-09-11 00:00:00,28.508,0.753,28.59,7.84,0.8737707931581578,0.1262287775290914,4.2931275295315326e-07,24.61675133005422,27.763889749822155,2.418714979540145,-0.0566790550933829
2025-09-11 12:00:00,28.835,0.813,28.13,7.74,0.6422592878058018,0.3577290205925004,1.1691601697943904e-05,25.575013563977727,27.89469661498569,2.344678058913792,0.0382704062136758
2025-09-12 00:00:00,27.01,1.079,28.76,9.7,0.7183754376532561,0.2816208337773481,3.72856939748838e-06,25.264093216097454,27.972337946393345,2.402386439715374,-0.0221347350264479
2025-09-12 12:00:00,23.996,0.766,26.59,14.06,0.5714737257457511,0.428495938145107,3.0336109141223795e-05,25.82161891365589,28.32450056402361,2.2246332318017763,0.0434987942652572
2025-09-13 00:00:00,23.799,0.753,27.19,14.92,0.8533697381874934,0.1466291913764659,1.07043603748313e-06,24.69459726106978,28.083604921218743,2.2391903381617286,-0.1037983420251496
2025-09-13 12:00:00,27.853,0.747,29.57,7.96,0.625963823353654,0.3740205992231015,1.557742324511374e-05,25.60448386072348,28.124352476034776,2.3323213826978346,0.0433983369192088
2025-09-14 00:00:00,28.447,0.907,27.81,8.38,0.704343491831133,0.295651670606621,4.837562246878022e-06,25.32141292922076,27.80728923894645,2.391748291177876,0.0023897090229022
2025-09-14 12:00:00,24.837,1.152,27.95,14.22,0.5866324533994506,0.41335468655999,1.286004055908313e-05,25.802262417604528,27.93479467556176,2.302508320343281,0.0323135725608187
2025-09-15 00:00:00,26.564,0.873,28.16,12.42,0.8214535432412663,0.1785459041457585,5.526129753613755e-07,24.842999749451334,27.891611498893717,2.480529124644732,-0.089529614191503
2025-09-15 12:00:00,22.302,1.307,26.86,16.6,0.6633587196384445,0.3366408461729372,4.341886153292982e-07,25.47427097828305,28.05826594800184,2.518812339759648,-0.0473418770689677
2025-09-16 00:00:00,27.636,1.251,28.82,7.72,0.5561966049127848,0.4438000645324855,3.330554729685642e-06,25.90740261620232,28.034063902915065,2.412029094186368,-0.0028308953713638
2025-09-17 00:00:00,28.638,1.111,28.79,6.88,0.8723026238731669,0.1276972027882449,1.7333859116650006e-07,24.635265667986097,27.398723726698336,2.5190762763990087,-0.0672038548765322
2025-09-17 12:00:00,20.836,1.075,26.74,18.3,0.764822176204816,0.2351763370685149,1.486726667579274e-06,25.07435365158624,27.956018293736268,2.4375981100199438,-0.0471258672605443
2025-09-18 00:00:00,23.651,1.221,24.7,17.76,0.5262457883082473,0.4737389821175544,1.5229574199784751e-05,26.02840320301275,28.01372434630385,2.38217363037347,0.044310060991143
2025-09-18 12:00:00,24.539,0.919,26.64,15.8,0.7712841190852344,0.2287137014829134,2.179431850988916e-06,25.04795088148013,27.529977157871137,2.4424960096556365,-0.0646315038865341
2025-09-19 00:00:00,24.959,0.85,28.17,13.14,0.7546627979000329,0.245329345625838,7.856474128997825e-06,25.09150255156312,27.858811895391803,2.195071288566354,-0.0338435137506445
2025-09-19 12:00:00,25.28,0.74,28.99,14.74,0.6998106248392505,0.3001824982601785,6.876900574339559e-06,25.310159061786045,28.195472081028207,2.307038732708528,-0.0248192595895552
2025-09-20 00:00:00,25.474,0.742,27.04,13.8,0.6901781116269333,0.3098097651651579,1.2123207910294569e-05,25.34853011879108,27.96554990520637,2.3008503555263253,-0.031618944935938
2025-09-20 12:00:00,25.276,0.769,27.21,14.68,0.5173373877437336,0.4826137649455109,4.8847310756346296e-05,26.085174347352737,28.080855223931906,2.2499441194845065,0.0301524054013705
2025-09-21 12:00:00,27.654,0.866,28.15,10.2,0.715940941243154,0.2840562541725087,2.804584336778726e-06,25.274043652078543,27.83801077674452,2.4005418167947603,-0.0556029279403299
2025-09-22 00:00:00,27.159,1.594,29.16,5.3,0.7717992159303967,0.2281999313708111,8.526987935194337e-07,25.03595551306485,27.24846737493969,2.6268662644737377,-0.0511961799422143
2025-09-22 12:00:00,29.587,1.621,28.29,6.62,0.4297483658434224,0.5702409910757283,1.0643080849775449e-05,26.41846603743863,28.08856888594581,2.2860242088518223,0.0317616167172048
2025-09-23 00:00:00,25.522,2.041,28.2,12.58,0.5156020178269732,0.4843786870569012,1.929511612609381e-05,26.071404601506316,27.77376712465224,2.371563900843581,0.0150551186709484
2025-09-23 12:00:00,27.952,1.822,27.88,8.82,0.3745209646622727,0.6254717296386589,7.305699065654507e-06,26.6417103616612,28.06352008452312,2.230996652541421,0.0459779569828512
2025-09-24 00:00:00,24.852,2.636,27.43,12.74,0.5870149272890917,0.4129845332345114,5.394763992358521e-07,25.782849860059027,27.238673198536063,2.4427403197782205,-0.0318192907804051
2025-09-24 12:00:00,26.267,2.497,27.69,10.58,0.3529271066278662,0.6470655078429755,7.385529157308751e-06,26.728991713206327,28.134225838770632,2.209479617820941,0.0620039233643494
2025-09-25 00:00:00,26.517,1.557,28.67,10.22,0.6799230197501369,0.3200747918281417,2.188421719608435e-06,25.407309745203825,27.50138272170604,2.535315984827612,-0.0455903799531162
2025-09-25 12:00:00,26.368,2.268,25.22,10.54,0.2760991013673388,0.7238856354717838,1.5263160880275115e-05,27.0394887404134,28.341681512088403,2.132917723749813,0.100808122256094
2025-09-26 00:00:00,23.937,2.883,28.47,12.88,0.1987297036801683,0.8012447990053044,2.54973145245448e-05,27.35216222682753,28.49954968128768,2.055814125991814,0.1237916540964136
2025-09-26 12:00:00,26.462,2.642,26.69,9.5,0.2268331628983643,0.773158791275454,8.04582618250254e-06,27.23865648738134,28.3089312057436,2.083834087291847,0.1171242898837458
2025-09-27 00:00:00,23.789,3.334,27.24,13.38,0.3241783356930564,0.6758200080822866,1.656224660049902e-06,26.84522218754097,27.997136247350756,2.1808386700171245,0.0829075130298313
2025-09-27 12:00:00,24.284,2.566,26.46,11.58,0.073070161528309,0.926622684638071,0.0003071538336223,27.858660125753875,29.008192797219746,1.930334438176834,0.1703686355007556
2025-09-28 00:00:00,24.136,2.986,25.91,12.96,0.3627837079081153,0.63721420292027,2.089171612160877e-06,26.68917821056019,27.619790369376357,2.2193061509464704,0.0775229889439952
2025-09-29 00:00:00,23.206,2.449,29.28,13.5,0.4761573227715311,0.5238405165079076,2.1607205577520304e-06,26.230924964400096,28.015780875481276,2.332275956304329,0.0221009632122667
2025-09-29 12:00:00,26.267,1.985,28.15,8.42,0.2343411978940866,0.7655594801090483,9.932199686681012e-05,27.20785087825484,28.60793362067123,2.0912286513461376,0.1206770468657892
2025-09-30 12:00:00,24.194,2.192,28.67,11.24,0.3057263855666015,0.6942229486629623,5.066577043536656e-05,26.91955833477408,28.43045478349512,2.162405859737847,0.0953334626591127
2025-10-01 00:00:00,26.44,1.527,26.97,8.66,0.3297422260808639,0.6702172277058484,4.054621328619091e-05,26.822537814773774,28.30422830794089,2.186345791952661,0.0830303425533155
2025-10-03 00:00:00,29.526,2.321,27.15,5.0,0.6767073843397341,0.3232921386314604,4.77028804151299e-07,25.420315844788902,26.6560947732951,2.5321134270296346,-0.0498973266696906
2025-10-03 12:00:00,22.92,4.3,26.79,11.0,0.3427516592744742,0.6572345827915281,1.3757933996034336e-05,26.77008857907412,27.82938054270597,2.199334351588288,0.0913907327370898
2025-10-04 00:00:00,24.888,1.864,27.61,9.38,0.0862105156527914,0.9137799749850388,9.509362170100498e-06,27.80704182933381,28.750393590207807,1.9437108290119829,0.1672001461247382
2025-10-04 12:00:00,24.027,3.481,28.44,9.68,0.2643653715119384,0.7356338361601873,7.923278769423467e-07,27.086988804647216,27.72691647745034,2.121239530240532,0.1057661660513484
2025-10-05 00:00:00,25.035,3.796,26.29,9.6,0.506474711884528,0.4935211554387764,4.1326766985367786e-06,26.10837304826792,27.208516854749487,2.3624835065434358,0.0368604647892552
2025-10-05 12:00:00,24.002,1.551,27.13,9.98,0.6179248383104697,0.3820728621242606,2.2995652700013912e-06,25.657904051335716,27.744885387805244,2.4735384831839893,0.0260505426510503
2025-10-06 00:00:00,23.802,1.527,27.92,12.02,0.5219420168747677,0.4780544082115591,3.5749136699420004e-06,26.04585744768743,28.226830068424626,2.377896259999532,0.0392140124856236
2025-10-06 12:00:00,22.428,2.17,29.42,11.78,0.6223802143490403,0.3776192986634235,4.869875333170645e-07,25.639904651622597,27.527230834985755,2.4779797152893988,0.0068026646267729
2025-10-07 00:00:00,24.691,3.046,27.36,9.9,0.5494491000880635,0.4505505399645203,3.599474194861717e-07,25.93469075347392,27.187481477053,2.405308441071243,0.009818381224946
2025-10-07 12:00:00,24.144,3.156,28.44,10.32,0.6231056732281491,0.3768942274588539,9.931299983785543e-08,25.636974314448832,26.641918564861395,2.4787029590749365,-0.0319088388248328
2025-10-08 00:00:00,25.034,3.673,27.52,9.14,0.3862449389995225,0.6137548421014889,2.188989901255539e-07,26.59435798168341,27.3319858706398,2.2426856100484187,0.0578942420733731
2025-10-08 12:00:00,26.663,3.256,28.29,7.82,0.1898961208313398,0.8101003802702417,3.4988984202064307e-06,27.38797778050077,28.453450146582263,2.0470329045613243,0.1252042158610406
2025-10-09 00:00:00,26.166,3.779,26.24,7.54,0.3419099732650646,0.658089233267982,7.934669523465347e-07,26.773555751408747,27.69284878904272,2.198507982221689,0.0563170234246292
2025-10-09 12:00:00,27.255,2.228,28.78,7.56,0.1086329169251068,0.8912751450229937,9.193805189735549e-05,27.715997209219594,28.867474375815,1.9659750540753889,0.1549803143509922
2025-10-10 00:00:00,25.232,2.903,28.29,9.38,0.4115655285108331,0.5884330938244288,1.3776647380197432e-06,26.49200706914272,27.91885552554196,2.2679149278062,0.0364964068972639
2025-10-10 12:00:00,24.986,2.629,28.04,9.92,0.1169410245765289,0.8828743863647289,0.0001845890587424,27.68195082564704,28.82228042440724,1.9741655351843763,0.1524956187119004
2025-10-11 00:00:00,22.478,2.856,28.26,12.92,0.6696845635192088,0.3303143610103407,1.0754704489250968e-06,25.448698879230392,27.500615696916512,2.525115046934665,-0.0517831466541328
2025-10-11 12:00:00,26.904,1.506,27.73,9.28,0.4618917352186684,0.5380854963543841,2.276842694673294e-05,26.28848257590692,28.07887476033442,2.3180415886598813,0.0574819035820391
2025-10-12 00:00:00,23.314,1.763,27.58,15.56,0.6738153259698938,0.3261813061452666,3.367884839024605e-06,25.431990944869693,27.58966936911279,2.529228920753848,-0.0151477172294557
2025-10-12 12:00:00,27.494,1.62,27.02,8.24,0.779707769753025,0.2202915260662999,7.041806716545893e-07,25.003990112018467,26.80280815208361,2.634746795802179,-0.0736987793572339
2025-10-13 00:00:00,27.298,2.722,26.9,8.62,0.6612796992975444,0.3387195924982573,7.082042004078705e-07,25.482672942656222,26.747861366534053,2.516740462762985,-0.0421136885294624
2025-10-13 12:00:00,26.862,2.352,27.03,9.3,0.7640114875560567,0.235988357159301,1.552846402959311e-07,25.06743678901921,26.87456342756514,2.61910693214767,-0.0575481034480486
2025-10-14 00:00:00,25.969,1.881,29.73,9.52,0.8862220300603854,0.1137779527808959,1.715871583950919e-08,24.573465988672016,27.071938958847,2.740882394678251,-0.1680291465981826
2025-10-14 12:00:00,26.658,1.33,28.15,7.88,0.8597516651106398,0.1402482068817066,1.2800765276948658e-07,24.680457884995377,27.65811499520081,2.50956190578712,-0.1461056421600006
2025-10-15 00:00:00,26.515,1.602,27.44,10.2,0.768047090781549,0.2319522886434722,6.205749782196235e-07,25.051122660501587,27.40307762988724,2.623127721812448,-0.0848911651057186
2025-10-15 12:00:00,27.559,1.072,27.65,9.46,0.6485829915345314,0.3514086945972522,8.313868216455991e-06,25.549196164862877,27.75492764320946,2.3494750324701608,-0.0267030026050878
2025-10-16 00:00:00,24.78,1.254,27.88,12.38,0.4159762823345016,0.5839975017552621,2.6215910236224904e-05,26.474054202696006,28.341897843621965,2.272286372111139,0.0550493359747729
2025-10-16 12:00:00,25.771,1.338,27.19,10.44,0.4320133889773627,0.5679133815275964,7.322949504189737e-05,26.40899659834045,28.095693698296348,2.2882216941995623,0.0552913880519882
2025-10-17 00:00:00,26.268,1.401,26.74,11.02,0.2032086191484881,0.7963529866288352,0.0004383942226749,27.331985196997152,28.841081435539145,2.0598847430498286,0.1284989579916214
2025-10-17 12:00:00,24.879,1.49,27.83,12.9,0.3553887796008196,0.6444667203353516,0.0001445000638298,26.71835317443748,28.428471576033864,2.2118022336248577,0.0847000831928177
2025-10-18 00:00:00,26.267,1.266,27.46,10.42,0.2313197901146271,0.7685077620978995,0.0001724477874723,27.219696116688898,28.91131915191793,2.0881485167402194,0.1153159393602957
2025-10-18 12:00:00,27.161,1.325,27.57,9.98,0.1819555907252905,0.8179537869002234,9.0622374488019e-05,27.41963567966357,28.805363588147557,2.0390378643446625,0.1311145013858579
2025-10-19 00:00:00,26.168,1.112,26.93,10.6,0.607802587768313,0.3921945559283616,2.856303327759162e-06,25.69881510088582,28.403123069386613,2.4634517505588915,-0.0404465050532202
2025-10-19 12:00:00,18.436,1.652,29.2,17.58,0.3927984074188324,0.6071979978836402,3.594697529479414e-06,26.56785209928762,28.57878965680581,2.2492125327266272,0.0478920011149033
2025-10-20 00:00:00,25.771,1.295,26.99,12.68,0.8032939790349727,0.1967055302331327,4.907318948001391e-07,24.90865640507027,27.420393763192024,2.6582492136586704,-0.1203003740570861
2025-10-20 12:00:00,25.722,1.7,27.62,12.4,0.8004719930617721,0.1995277113732552,2.955649756659663e-07,24.92006377116008,27.104186700268095,2.6554374626814794,-0.1378136996491651
2025-10-21 00:00:00,28.557,1.588,28.58,7.94,0.8658610950347972,0.134138864203777,4.076142812797519e-08,24.655764183264164,27.1282544528241,2.720593945760312,-0.1583227166056389
2025-10-21 12:00:00,26.558,1.723,27.14,9.92,0.626693068036094,0.3733007390047683,6.192959138178933e-06,25.622443568379325,27.88410702867257,2.4822717882142307,-0.0217010340703779
2025-10-22 00:00:00,26.965,1.646,26.11,8.9,0.5678625341043781,0.432131913690768,5.552204855123996e-06,25.860238110183747,27.599376137210893,2.423651368058924,-0.0049677432107618
2025-10-23 00:00:00,27.462,1.591,29.71,8.24,0.5788893658323176,0.4211041189390354,6.515228647176524e-06,25.81566313796652,27.32173508418852,2.4346380163840884,-0.0077524188950133
2025-10-23 12:00:00,23.184,1.668,25.73,16.74,0.090430226671248,0.9069067969418144,0.002662976386936,27.7766613615504,28.997317392253372,1.945394100967684,0.1679185710655079
2025-10-24 00:00:00,27.159,1.747,27.74,9.98,0.7387279103161599,0.2612700568985203,2.0327853168126607e-06,25.169622852260808,27.319372784382857,2.5939116096940684,-0.0277784770157765
2025-10-25 00:00:00,27.067,1.696,28.99,9.42,0.4746918444306003,0.5252875422323598,2.0613337040417504e-05,26.23675572492189,28.0613461027905,2.330798162479826,0.0293163840128986
2025-10-26 00:00:00,28.661,1.895,27.55,8.58,0.8330807052434258,0.1669192055329539,8.922362108537632e-08,24.78826133158877,26.53668336490641,2.6879302461126997,-0.1209024815721964
2025-10-26 12:00:00,27.916,1.629,26.57,9.98,0.8657721419721973,0.134227814572711,4.3455091720821247e-08,24.656123715455504,27.217671914245603,2.7205053069141365,-0.1078601118085414
2025-10-27 00:00:00,27.164,1.69,28.05,9.76,0.8879093121859204,0.112090637580849,5.023323036448835e-08,24.566645876817823,26.711373430366613,2.7425636366946464,-0.1475835592943544
2025-10-27 12:00:00,26.069,1.441,27.89,8.86,0.0777279912404577,0.9116391578746506,0.0106328508848928,27.787982308112465,29.033472735263807,1.925163862265092,0.170234520873252
2025-10-28 00:00:00,23.482,1.573,27.65,14.14,0.6584108501525158,0.3415871093391266,2.0405083559024413e-06,25.494262058064653,27.4878860965297,2.513880564047719,-0.046061534821944
2025-10-28 12:00:00,26.766,1.745,27.52,9.6,0.6115507227578433,0.3884472040042616,2.073237894815956e-06,25.6836691793816,27.91908920452585,2.4671872819368,-0.0395785936371172
2025-10-29 00:00:00,26.366,1.59,28.49,9.8,0.8938499450174623,0.1061500224770551,3.250548053627138e-08,24.54263409898409,27.112651725356997,2.7484831308310658,-0.1515080685264831
2025-10-29 12:00:00,26.267,1.455,27.64,10.22,0.2095172456017936,0.7893986139316116,0.0010841404665932,27.303243263466168,28.68501241910877,2.0655572940714864,0.1244504598735639
2025-10-30 00:00:00,26.766,1.645,28.11,9.52,0.6306712002301896,0.3693217885018815,7.011267929253685e-06,25.60635996341597,27.44821765993435,2.486234976061321,-0.0432027345195931
2025-10-30 12:00:00,26.812,1.667,26.47,9.34,0.2310547790924895,0.768298611201435,0.0006466097060744,27.218386255826022,28.58375033628339,2.0874338851500798,0.1146498531717298
2025-10-31 00:00:00,26.666,1.483,27.74,9.62,0.3517167554334454,0.6481423386663738,0.0001409059001815,26.733213438664656,28.402920252842165,2.208146701413962,0.0671675407236253
2025-10-31 12:00:00,29.309,1.199,25.22,6.26,0.5002762663721639,0.4996160454757125,0.0001076881521231,26.15457687821101,27.865663678393616,2.2369548072422,0.0199659326884702
2025-11-01 00:00:00,26.968,1.694,28.0,9.26,0.2612012726220959,0.7382526590899502,0.0005460682879545,27.097039870755957,28.531056288419112,2.117568559985985,0.1197728264378473
2025-11-02 00:00:00,27.86,2.376,27.11,8.0,0.072487904055917,0.9264393510932312,0.0010727448508546,27.85716914011724,28.983493253894206,1.9290267643475087,0.1720049893559163
2025-11-02 12:00:00,26.817,2.067,27.2,9.9,0.37342226908416,0.626561229674681,1.6501241159759917e-05,26.64610508167848,28.01645290884026,2.229893131685645,0.0733005854811985
2025-11-03 00:00:00,27.567,1.594,27.59,8.88,0.266054189672075,0.7336762421919143,0.0002695681360113,27.07881297911044,28.639325602295933,2.1226669346006,0.1128298410391416
2025-11-03 12:00:00,24.228,1.609,27.48,15.3,0.5543289346278845,0.4456617031822051,9.362189911045302e-06,25.914921397559784,27.931150453346,2.4101623435141644,0.0022037332699581
2025-11-04 00:00:00,24.228,1.498,26.3,12.4,0.775927046657203,0.2240725148670859,4.384757114665151e-07,25.01927302016301,27.354547949989325,2.6309797889456874,-0.1183189918467556
2025-11-04 12:00:00,25.373,1.677,26.53,13.4,0.7319249869643787,0.2680742727600038,7.402756179109445e-07,25.19712656297204,27.29329013459787,2.587134140822323,-0.0783773600060137
2025-11-05 00:00:00,26.741,1.659,27.61,10.86,0.7729143366610015,0.2270848298595378,8.334794606186476e-07,25.031448323690597,27.498374831167563,2.6279774323444824,-0.0758682769977415
2025-11-05 12:00:00,24.132,1.938,28.14,12.84,0.1752941022774362,0.8242160763347702,0.0004898213877927,27.44455662635677,28.751962775553334,2.0320207664329897,0.149319031155933
2025-11-06 00:00:00,26.865,1.503,26.53,11.48,0.0790013035056989,0.913451360693954,0.0075473358003476,27.798329684881462,29.03604316659014,1.9293645983964496,0.1724102564058752
2025-11-06 12:00:00,23.482,1.664,27.2,12.68,0.0735769036871357,0.9183624559952008,0.0080606403176629,27.81767736846102,29.06512098215998,1.923471756825932,0.1797660796121195
2025-11-07 00:00:00,24.125,1.638,27.37,12.1,0.2044987775820725,0.7952240728788345,0.0002771495390918,27.32758011199792,28.675045337788468,2.0613235270470764,0.1346707370524551
2025-11-08 00:00:00,24.676,1.894,28.39,9.62,0.1761547396502367,0.8234539853144407,0.0003912750353236,27.441572810313133,28.77972588969644,2.0329719809375617,0.1416339343423988
2025-11-08 12:00:00,25.572,1.393,29.17,11.28,0.1453910674328425,0.8504475963726595,0.0041613361944972,27.54698713700172,28.86802794851157,1.9987354264398,0.161936145027255
2025-11-09 00:00:00,26.169,1.086,29.1,10.06,0.3989234662907759,0.6009082277119132,0.000168305997311,26.56833093906477,28.141090260374707,2.160065428883724,0.0889959558606756
2025-11-09 12:00:00,25.771,0.838,28.72,7.28,0.6640512491140628,0.3359427336980458,6.017187888040303e-06,25.452707298132733,28.340653310563837,2.284084560449218,-0.0081488697961949
2025-11-10 00:00:00,25.87,0.849,29.98,7.82,0.5763432585165617,0.4235975730818714,5.916840156919985e-05,25.802064815052063,28.02058019361276,2.2277317299175072,0.0750872320178783
2025-11-10 12:00:00,25.368,0.812,29.94,10.68,0.2915304183872673,0.7078252585710106,0.0006443230417228,27.00465752701284,28.392983116999776,2.078202437914794,0.1387988499329301
2025-11-11 00:00:00,26.368,0.737,29.9,8.9,0.3414343005443928,0.6578274835181712,0.0007382159374366,26.800307425469533,28.1727614121109,2.1159434894318467,0.1486148142826054
2025-11-11 12:00:00,23.572,0.807,28.65,11.84,0.4914098332929207,0.508548768657571,4.13980495056478e-05,26.14071454454264,28.442197270257,2.1732273660651718,0.0726765221222581
2025-11-12 00:00:00,25.074,1.077,28.54,12.44,0.5072421557392958,0.4927186411179869,3.920314271886801e-05,26.126465692995986,28.066215038651748,2.2423004648612905,0.0569300057335462
2025-11-12 12:00:00,25.472,1.553,26.58,10.82,0.5736871363849724,0.4263105813830327,2.2822319933071115e-06,25.836711655807463,27.63884337892178,2.429458335238397,0.0109904469365809
2025-11-13 00:00:00,25.174,1.727,28.94,11.82,0.2854200786715715,0.7141873272147669,0.0003925941136605,26.999918832284514,28.433335623530063,2.1418469552349544,0.1133237276137842
2025-11-13 12:00:00,25.97,2.295,27.23,9.78,0.2702598946809423,0.729677776453401,6.232886565550837e-05,27.062854302919508,28.41223706144379,2.1270545880223013,0.1161187853841495
2025-11-14 00:00:00,25.87,1.99,28.91,12.08,0.2642674631501118,0.7352505147001611,0.0004820221497265,27.084968027813147,28.40333860927403,2.120684690076396,0.1353290110917234
2025-11-14 12:00:00,28.756,1.719,26.14,7.08,0.1794017426015921,0.8203222666253742,0.000275990773034,27.42902742356343,28.61296350538423,2.036316967707096,0.13803644948146
2025-11-15 00:00:00,26.218,2.621,28.54,10.36,0.2185829717407465,0.7812478070655933,0.0001692211936589,27.27119417232281,28.45274350012036,2.0754601222231663,0.1283140912887708
2025-11-15 12:00:00,27.114,1.868,27.32,8.02,0.5364933425430861,0.4634976216215502,9.03583536433222e-06,25.987013986026035,27.482477770991505,2.3923905769291296,0.0253899445737033
2025-11-16 00:00:00,27.263,2.01,28.31,8.98,0.3877770053274473,0.6122088853635714,1.4109308981157308e-05,26.588095662310863,27.9094586053747,2.2441990213175824,0.0686567782570053
2025-11-16 12:00:00,26.069,2.137,23.88,10.7,0.3575092548219151,0.642464391673409,2.635350467501604e-05,26.710375553503795,28.048682509309657,2.2140274242579867,0.0917344862441078
2025-11-17 00:00:00,26.069,3.084,27.11,10.04,0.4016089478247806,0.5983895459808518,1.5061943689920594e-06,26.532250636174656,27.24961583018606,2.257993681958224,0.0787106381099788
2025-11-18 00:00:00,24.78,3.638,25.22,9.62,0.0169219776329832,0.9759786684291156,0.0070993539378988,28.051502095910827,29.19326120390046,1.86793203406084,0.1912293388683523
2025-11-20 12:00:00,24.78,3.492,27.54,9.88,0.2526588089801726,0.7473174006762736,2.379034355138343e-05,27.13419090764382,28.167473480854834,2.1095528031702626,0.1119809031657661
2025-11-21 00:00:00,26.467,1.639,26.77,10.58,0.2859152121381351,0.7139773335745684,0.0001074542872962,26.999349360965184,28.256792842157942,2.142611274732211,0.0993247316217214
2025-11-21 12:00:00,25.523,1.673,27.75,11.88,0.5945848301653118,0.4054105801553915,4.589679296242943e-06,25.75223219229965,27.50278717452593,2.450279416386891,-0.0329006310380609
2025-11-22 00:00:00,28.15,1.204,28.7,7.52,0.812790497141423,0.1872092405275858,2.623309897852739e-07,24.87027289924694,27.184940080400622,2.6677121301842197,-0.1338885116825923
2025-11-22 12:00:00,26.267,1.478,28.71,9.76,0.865976644524554,0.1340232420588352,1.134166111849002e-07,24.65529677071193,27.2615805171052,2.720709014720556,-0.1488361965460113
2025-11-23 00:00:00,23.937,1.605,27.43,13.36,0.5128639092932459,0.4871285091984179,7.581508337593552e-06,26.08253077782761,27.89540993175009,2.3688466738078424,0.0025499535818197
2025-11-23 12:00:00,25.373,1.33,28.31,13.26,0.8566226539059074,0.1433770923605594,2.537335350623651e-07,24.69310462685151,27.337928829547035,2.711388201820012,-0.1478422028525452
2025-11-25 00:00:00,26.268,1.555,26.6,15.96,0.7453851390420264,0.2546138626043855,9.983535883716326e-07,25.142719719885417,27.215151911150212,2.6005461139182957,-0.0706822946063536
2025-11-25 12:00:00,26.218,1.521,27.25,9.72,0.8168581280990359,0.1831416559000132,2.16000951115814e-07,24.85383188468558,27.211730529974027,2.6717653196838365,-0.1234329206404912
2025-11-26 00:00:00,28.756,1.374,29.92,5.48,0.2545826776548859,0.7422051285570533,0.0032121937880573,27.142595701661083,28.194965710265745,2.047753658228653,0.1458594469733781
2025-11-26 12:00:00,28.656,1.121,27.18,6.22,0.5589786483553614,0.4409845128056815,3.683883895716939e-05,25.9151162820476,27.781316543432165,2.2815222167807394,0.1173589068246417
2025-11-27 00:00:00,29.054,1.103,30.21,5.86,0.2749970647659452,0.7243397129420276,0.0006632222920281,27.072106245980923,28.26069282364522,2.0656511605371235,0.1730428967276322
2025-11-27 12:00:00,28.051,1.313,27.24,8.5,0.5919893275285046,0.4079998002055042,1.087226599122242e-05,25.762691590901223,27.97479560075255,2.4476871868274053,0.0245944874410212
2025-11-28 00:00:00,24.582,1.136,26.78,13.88,0.6670111088953525,0.3329834293535429,5.461751104944886e-06,25.473925406128405,27.73982662930889,2.3634474110480914,0.0383811848123219
2025-11-29 00:00:00,26.019,1.202,27.91,10.74,0.5590157589568736,0.440950462671236,3.377837189104061e-05,25.91498017349309,27.82000172327398,2.2815532571004,0.0985097628114622
2025-11-29 12:00:00,26.415,1.148,27.27,10.18,0.557421939129105,0.4425516955276879,2.6365343206578855e-05,25.9215290226852,27.800782375482587,2.2803520858431563,0.1333695592091332
2025-11-30 00:00:00,23.789,1.289,28.5,13.5,0.5425582391609283,0.4574027921266713,3.8968712403070736e-05,25.96234953908659,27.83482100296944,2.3984054322748976,0.0842351337062947
2025-11-30 12:00:00,23.293,1.206,27.76,12.3,0.4499015007842543,0.5500765813966587,2.19178190886744e-05,26.33695102962195,28.41912746239514,2.3060948616375425,0.0734960297408781
2025-12-01 12:00:00,22.996,1.501,25.5,19.0,0.045402216177017,0.900048876687897,0.0545489071350867,27.69811548775483,28.97810774895947,1.8512227174404556,0.1952359802892395
2025-12-02 00:00:00,24.875,1.487,28.79,12.34,0.110730195120971,0.8737786937934239,0.0154911110856038,27.63019235374517,28.917747231654843,1.953432060746812,0.180143463076582
2025-12-02 12:00:00,27.164,1.04,28.07,8.52,0.1389310801444832,0.834993229993553,0.0260756898619654,27.499270448359766,28.38805560621739,1.9383568469147197,0.1832449847652164
2025-12-03 00:00:00,25.373,0.868,27.95,13.1,0.2282174245931228,0.7685661071257265,0.0032164682811528,27.25028518838058,28.330814138333867,2.0277630815425502,0.1683761677175244
2025-12-03 12:00:00,27.313,0.857,27.78,8.94,0.4740341854975871,0.5257635978873798,0.000202216615035,26.20917873525344,28.09401045767046,2.1619206144213523,0.1405668408439076
2025-12-04 00:00:00,24.681,0.942,26.08,14.18,0.4772342757461832,0.5226721049872187,9.361926659518365e-05,26.248782601434744,27.88863083748862,2.2195009023350547,0.128528282920475
2025-12-04 12:00:00,25.074,0.919,27.61,12.96,0.2747028844239084,0.7223907613851815,0.0029063541909077,26.99032470892626,28.341775586659605,2.031394461287167,0.1468576722336288
2025-12-05 12:00:00,28.596,1.099,28.62,6.76,0.0202183145654891,0.54073798885597,0.4390436965785373,25.892601768978626,27.55535456904601,1.4559492888501295,0.2834415186952613
2025-12-06 00:00:00,28.258,1.097,29.33,7.3,0.4612868363606139,0.5379852676832049,0.0007278959561777,26.2573817918116,27.87241329454945,2.1532382002984787,0.1048210773884691
2025-12-06 12:00:00,27.41,1.532,27.55,8.68,0.044327540462362,0.7745670147846389,0.1811054447529981,27.06694931418848,28.54730799529222,1.7298936671765364,0.2220335443106214
2025-12-07 00:00:00,27.263,1.549,27.01,8.86,0.086956497760822,0.901213704940564,0.0118297972986166,27.74467042420919,28.907041250640507,1.933222126590358,0.1708635736549305
2025-12-08 00:00:00,25.97,2.559,26.73,10.26,0.1448969947208171,0.8538323804016755,0.0012706248775071,27.563500016100384,28.6623786313044,2.000989962560139,0.1494183822294965
2025-12-08 12:00:00,23.457,2.112,28.03,12.5,0.0225942305312486,0.9003192194271177,0.0770865500416367,27.677130808210958,28.96623231572682,1.807079942060468,0.2046748384925565
2025-12-09 00:00:00,27.86,1.858,28.51,7.12,0.1352698043780006,0.8619370445794842,0.0027931510425155,27.59476740099861,28.8160372031342,1.9899503015327529,0.1607143210127438
2025-12-09 12:00:00,26.766,2.656,27.1,11.18,0.1857478566861529,0.8139118129314381,0.0003403303824095,27.40305352859377,28.424203772082723,2.04257934464598,0.1388772521967465
2025-12-11 00:00:00,25.276,1.057,28.21,9.18,0.07169224287391,0.8999298087103244,0.0283779484157666,27.76230348736517,28.620004847669087,1.8851979102788723,0.1842348605511043
2025-12-12 12:00:00,28.96,1.677,27.85,7.44,0.2627636608028502,0.7365400723317551,0.0006962668653929,27.08997051304865,28.52352874658068,2.118982660604666,0.1070452393612861
2025-12-13 00:00:00,28.955,1.936,28.2,6.2,0.1719061291108772,0.8233384684026095,0.0047554024865139,27.4368308875657,28.802809559651696,2.0245915623459494,0.138486731377411
2025-12-13 12:00:00,30.033,1.548,28.93,6.04,0.2029822782216446,0.7951295877653932,0.0018881340129605,27.32562011965801,28.640130517589554,2.0582816175319616,0.1244543823311562
2025-12-15 00:00:00,23.739,1.63,28.64,11.56,0.0489598450299353,0.923560242752354,0.0274799122177086,27.819663965877226,29.080158442889825,1.8804895299481383,0.1887861094834763
2025-12-15 12:00:00,25.472,2.002,27.34,9.9,0.1629678176949014,0.8363362314792254,0.0006959508258747,27.493344024444177,28.86703728378502,2.0195425067154065,0.1398775961700438
2025-12-16 12:00:00,26.862,2.721,27.2,7.7,0.2239351922418574,0.7758656821671092,0.0001991255910324,27.24941048473889,28.499123156977664,2.0807648664677902,0.1246885047875552
2025-12-17 00:00:00,25.969,2.331,27.99,11.36,0.0434040494613146,0.9415656732799564,0.0150302772587301,27.904636796062046,29.080864850993954,1.8867835737470584,0.186521074624765
2025-12-18 00:00:00,27.357,2.271,27.37,10.88,0.0476585257333154,0.9209937740050492,0.0313477002616336,27.805501569941068,29.003940289078752,1.8755175449219263,0.1860238154542976
2025-12-18 12:00:00,28.15,2.34,26.59,8.34,0.0015738706096613,0.2372612597656314,0.7611648696247107,24.326961009977737,26.85104027192104,1.1361006276773449,0.3503812387022747
2025-12-19 12:00:00,24.532,2.872,26.79,11.92,0.0787581347228463,0.9201795507598548,0.0010623145172995,27.8318774247438,28.973037447864648,1.935284576970795,0.1678340971508555
2025-12-20 00:00:00,25.472,2.745,25.96,13.44,0.1508702136600772,0.8488909957827337,0.0002387905571884,27.54453784477113,28.72165479145892,2.0079223929625,0.1392379441626413
2025-12-20 12:00:00,26.168,2.454,26.86,10.74,0.0772604015048216,0.9128792657255916,0.0098603327695872,27.79375153070469,28.98863967524573,1.9254320099170303,0.1717594042569671
2025-12-21 00:00:00,27.96,2.349,27.82,8.0,0.4063579154105695,0.5936199118071652,2.2172782264572923e-05,26.51295166762694,27.849078350388208,2.2627060996389776,0.0459971831145097
2025-12-21 12:00:00,24.825,2.374,25.34,13.72,0.2216082685742597,0.7782840350954154,0.000107696330323,27.2592749598078,28.47363791490506,2.0785331084493723,0.1247817847103132
2025-12-22 00:00:00,26.267,2.145,27.33,8.96,0.2120122446444845,0.7879071073561447,8.064799936961686e-05,27.298197636776813,28.56992321898293,2.0689969597080387,0.1244686768236647
2025-12-22 12:00:00,27.357,1.887,27.51,9.24,0.1301357006477371,0.8695225185694585,0.0003417807828032,27.627828978783462,28.79962281925313,1.9871638541429584,0.1502420659710867
2025-12-23 00:00:00,26.267,2.587,27.0,10.42,0.1818121800510802,0.8181469595505669,4.0860398354368655e-05,27.420465223730854,28.57933374866312,2.038942249851864,0.1233773051433662
2025-12-23 12:00:00,22.871,3.034,26.26,14.26,0.0911853813687286,0.9085325013294074,0.0002821173018621,27.785564650952512,28.897839133558836,1.9484089373706557,0.1629160629438477
2025-12-24 00:00:00,25.527,2.573,26.25,11.9,0.0742062452809151,0.9253456822205708,0.0004480724985152,27.85336047781532,28.939108931091848,1.9313325705847773,0.1700797164688224
2025-12-24 12:00:00,23.491,3.27,25.63,14.96,0.0704962719860941,0.9292000409063466,0.0003036871075607,27.86908112151088,28.97451950173087,1.92777300886322,0.1700750134998236
2025-12-25 00:00:00,26.49,2.327,26.63,11.1,0.0406328432666734,0.9560196082669136,0.0033475484664104,27.97450333851114,29.10714253154648,1.8951235509862063,0.1844984900315188
2025-12-26 12:00:00,21.937,1.544,29.5,10.96,0.1416339239694838,0.8568665850273804,0.0014994910031346,27.57553999142872,28.83520896891684,1.9975210359729765,0.1530780322011533
2025-12-27 00:00:00,19.379,1.418,32.34,12.62,0.1484357763559736,0.8514941109825092,7.011266151856612e-05,27.59215674070682,28.83756084309541,1.9702733608910143,0.1428278213898987
2025-12-27 12:00:00,22.302,1.588,27.76,13.94,0.197182975135,0.8021505590014296,0.0006664658635703,27.35519540345229,28.768971306510903,2.053663836109964,0.1420504943851285
2025-12-28 00:00:00,22.811,1.477,26.91,14.7,0.0926705154047011,0.8959559572901179,0.0113735273051817,27.723865712005125,28.985585679667498,1.939349358522752,0.1731195587986624
2025-12-28 12:00:00,23.669,1.633,27.36,13.12,0.2456209349927087,0.7541265376260206,0.0002525273812687,27.19419798887921,28.50831311134803,2.043772468153928,0.1200075488737139
2025-12-29 00:00:00,26.615,1.278,28.45,9.0,0.0619549169061701,0.9140329800980442,0.0240121029957868,27.784552036933952,29.024071501855957,1.8967335511505532,0.1810284633193844
2025-12-29 12:00:00,29.651,0.729,29.31,4.92,0.4599414841791652,0.5399864358416219,7.207997921254553e-05,26.31953870398072,28.00628739742098,2.206412349411823,0.0410926110168688
2025-12-30 00:00:00,27.462,1.376,29.21,7.92,0.0187888653932332,0.7204010083680972,0.2608101262386695,26.769934859916685,28.40256395115484,1.628707918764147,0.2422669457468235
2025-12-30 12:00:00,27.86,1.968,28.21,6.72,0.1936249841950655,0.8057846551725664,0.0005903606323697,27.3699588666091,28.64752391107758,2.050190833447113,0.1340602267249244
2025-12-31 00:00:00,26.985,2.922,28.42,7.36,0.1099841310202699,0.8899258571113224,9.001186840737737e-05,27.71054531317967,28.747397137497344,1.9673232866049075,0.1529875178811635
2025-12-31 12:00:00,27.258,3.019,27.91,7.84,0.1023076440941551,0.8976036111614062,8.87447444393272e-05,27.741579815229755,28.73928237165662,1.959675340935622,0.1547148361731326
2026-01-01 00:00:00,23.644,2.286,28.54,11.28,0.0888358377648298,0.909642549780772,0.0015216124543998,27.78883725166136,28.94727026605724,1.944889951637197,0.1627452079334439
2026-01-01 12:00:00,22.861,1.865,27.63,11.7,0.2182392613370102,0.7812994636083006,0.0004612750546887,27.271116876811423,28.646211479356094,2.074840116602993,0.119863316406551
2026-01-02 00:00:00,25.474,2.146,28.49,11.32,0.2233041705734691,0.7764124364458669,0.0002833929806639,27.25153790324266,28.56766016463264,2.0800560183115646,0.1175796723205753
2026-01-02 12:00:00,26.023,2.007,26.25,10.44,0.0575758206683784,0.928825220202504,0.0135989591291156,27.854542340453705,29.07608945005768,1.9022649627742756,0.1792881815937339
2026-01-03 00:00:00,24.328,2.184,28.7,12.54,0.0907549155179511,0.9041847712827203,0.00506031319933,27.76331063190339,29.028481848071355,1.9434396049331983,0.1673297959764405
2026-01-03 12:00:00,21.887,2.573,27.1,13.16,0.0960126131972835,0.9012095001390994,0.0027778866636174,27.75352048824752,29.00785702831378,1.9508474161854432,0.1644584743534611
2026-01-04 00:00:00,23.206,2.086,28.83,10.92,0.0823347247813057,0.9162681012056144,0.0013971740130831,27.815739437007466,29.054743116827407,1.93853023567005,0.1775213816708337
2026-01-04 12:00:00,25.724,1.841,27.11,9.58,0.1262566837578414,0.8730326448760088,0.0007106713661508,27.64165545085272,28.87499196387681,1.9829481190355307,0.1644609984791754
2026-01-05 00:00:00,24.589,2.418,29.1,10.44,0.1185461088408804,0.8805988425439917,0.0008550486151278,27.672096375078837,28.903623009191875,1.9751278106750103,0.1653659263094299
2026-01-05 12:00:00,26.855,2.878,27.65,7.92,0.0098911479023211,0.9593510698277852,0.0307577822698908,27.961118526378392,29.13919168514157,1.838445222302646,0.1971404276951826
2026-01-06 00:00:00,24.396,3.089,27.26,11.42,0.0860469859568645,0.9122914711668872,0.0016615428762472,27.79940704275848,28.996736238420898,1.941978064867019,0.1744886414840172
2026-01-06 12:00:00,24.549,2.88,28.0,10.52,0.0537398143413994,0.9457617369080888,0.0004984487505125,27.93583223550766,29.02816442872209,1.9108911546903955,0.1765855923891623
2026-01-07 00:00:00,26.36,2.484,29.24,8.88,0.0327673682964924,0.9666399760455971,0.0005926556579078,28.0201291938583,29.14828547385111,1.8899038763547904,0.1836785874802679
2026-01-09 00:00:00,21.899,0.817,31.8,4.94,0.0074434573572599,0.9864638481677108,0.0060926944750328,28.137654995712133,28.79439154206339,1.8576694817773536,0.1860189760950253
2026-01-09 12:00:00,26.166,1.355,28.01,8.06,0.1160272256605989,0.8765809639494442,0.0073918103899558,27.64945295225612,28.981313922142096,1.966406450720871,0.1642580802621373
2026-01-10 00:00:00,26.798,1.241,27.93,8.48,0.0594980323600472,0.8304322309509452,0.1100697366890058,27.398358409557694,28.37667760796235,1.7983276990010848,0.2066721094350848
2026-01-10 12:00:00,27.333,1.292,28.85,9.04,0.1774511065437632,0.8100635683156824,0.0124853251405576,27.33042255702029,28.440176177585297,1.980471455517421,0.1519213907330782
2026-01-11 00:00:00,26.946,1.363,28.01,8.62,0.0628675717557043,0.893099274907872,0.0440331533364229,27.7190628981364,28.555284655595973,1.8636321635275923,0.1890356557838146
2026-01-12 00:00:00,26.165,1.618,25.97,14.76,0.1911409957104632,0.8079841707909309,0.0008748334986069,27.378570581819208,28.765446665321143,2.0474453753291537,0.1423152386947896
2026-01-12 12:00:00,25.969,1.882,27.53,12.44,0.3165848432432634,0.6831718690454848,0.0002432877112531,26.87470150078877,28.447825524919057,2.173042612985985,0.0902565081511088
2026-01-13 00:00:00,24.903,1.665,27.06,12.14,0.2119011539787993,0.7877793025457478,0.0003195434754525,27.297447036470214,28.690395185013124,2.068659258282903,0.1237301179028719
2026-01-13 12:00:00,26.312,1.567,28.42,10.74,0.3682277701134903,0.6315230537767118,0.000249176109799,26.665932708463664,28.34511248478608,2.2244960358095653,0.0737154831688861
2026-01-14 00:00:00,27.81,2.466,28.59,8.56,0.5866674866471874,0.4133299826737142,2.5306790995578104e-06,25.784244206205678,27.80953435391944,2.442392224321265,-0.0219472430945951
2026-01-14 12:00:00,26.749,1.857,28.38,8.44,0.1416686410642741,0.8574994509097515,0.0008319080259729,27.578751967232197,28.949811919956154,1.998189988826835,0.148211969845526
2026-01-15 00:00:00,24.415,1.574,31.32,7.56,0.1604872961237055,0.838456678726532,0.0010560251497639,27.501562089990237,28.972422025064727,2.0167286641627844,0.1446411904033593
2026-01-15 12:00:00,27.333,1.438,31.17,6.68,0.1971285462807356,0.8026418006139444,0.0002296531053211,27.3576088804216,28.699217812964065,2.054024674994389,0.1298013951515519
2026-01-16 00:00:00,24.328,2.889,26.92,15.2,0.347180590754252,0.652792997025218,2.6412220531536125e-05,26.752123421424063,28.07877155540617,2.203735486415999,0.0933818619206945
2026-01-16 12:00:00,28.198,1.447,28.63,8.02,0.0820254953360759,0.9126089273187478,0.0053655773451766,27.797061797756864,29.03012276453163,1.9344511995354043,0.174936866213281
2026-01-17 00:00:00,25.144,1.877,29.25,11.0,0.0036180096721969,0.3765011886103842,0.6198808017174193,25.028163670375484,27.29991651883893,1.2723902745410036,0.3206267449926316
2026-01-17 12:00:00,29.106,0.942,28.13,7.22,0.207808189158421,0.7874917053528839,0.0047001054886914,27.326149433947663,28.33963314771505,2.010881800351916,0.1384245204983224
2026-01-18 00:00:00,27.434,1.449,28.55,8.64,0.2368554954701066,0.761509145355206,0.001635359174689,27.223003890688663,28.35194504484875,2.0358137029640804,0.1424505318149192
2026-01-18 12:00:00,25.481,1.077,30.35,6.96,0.1496021793637363,0.8488034180263005,0.0015944026099615,27.579671171422795,28.575876288511004,1.969709136854848,0.1602377499766038
2026-01-19 00:00:00,24.896,1.119,31.06,10.94,0.1296494293260644,0.855620236454297,0.0147303342196396,27.594652541755543,28.560126956215427,1.9421015052527333,0.1654886422128424
2026-01-20 00:00:00,25.28,0.678,31.16,8.24,0.1305769558986381,0.8577453657234857,0.0116776783778767,27.521282816406043,28.61216804771903,1.9305410103771652,0.1602903498484233
2026-01-20 12:00:00,26.658,0.607,29.63,8.16,0.2166877896398038,0.778852637930626,0.004459572429571,27.21269935881548,28.596466439378823,1.9109293268672567,0.1374288855416805
2026-01-21 12:00:00,24.01,0.681,29.78,7.9,0.3027930020530037,0.6967132970400499,0.0004937009069492,26.890332624988304,28.585398344939648,1.992666861308235,0.1244724905368048
2026-01-22 00:00:00,23.314,0.892,30.32,9.78,0.1284075793179749,0.8684986992277657,0.0030937214542615,27.658664475554357,28.654559648693485,1.9522175988375592,0.1732849977199209
2026-01-22 12:00:00,25.578,0.73,31.87,6.12,0.3745210509711972,0.6252824358856074,0.0001965131431952,26.55654221778336,28.701398387150515,1.96047601144056,0.1049360176927253
2026-01-23 00:00:00,25.183,0.889,30.0,10.82,0.0696996359673131,0.9242823738493052,0.006017990183379,27.88369544187348,28.74380267035221,1.904934560069062,0.1821843904158138
2026-01-23 12:00:00,29.314,0.418,30.3,5.0,0.1953321606610026,0.8020240443345749,0.0026437950044232,27.387533360533272,28.53877614024132,2.0033781626370546,0.1546329302985322
2026-01-24 00:00:00,24.002,0.741,28.55,12.8,0.0509184460719843,0.90196819951038,0.047113354417633,27.75227820916985,28.61037578257253,1.8516470682567816,0.1941039023851275
2026-01-25 00:00:00,28.224,0.676,29.06,7.28,0.573301189358048,0.4266163570489475,8.245359300807573e-05,25.814075477268144,28.06617099824273,2.2257568103907395,0.0065952171116449
2026-01-25 12:00:00,26.524,1.121,29.07,9.2,0.0097032598981666,0.4265330596507383,0.5637636804510967,25.303862259066435,27.25722016949938,1.3294651704997849,0.3091036812124133
2026-01-26 00:00:00,26.474,1.109,27.03,12.14,0.0878141905011009,0.8777574227997758,0.0344283866991218,27.665794775593664,28.53185056339964,1.8916700311502896,0.1777157456792299
2026-01-26 12:00:00,24.662,1.349,27.55,13.66,0.0353465151227689,0.7329316851735174,0.2317217997037101,26.88086732773196,28.107383566865447,1.6644215267356308,0.2336562619250499
2026-01-27 00:00:00,25.766,1.186,27.79,10.38,0.0428260388428043,0.8078116196654991,0.1493623414916976,27.26745522133103,28.3008908063584,1.7483521518389156,0.2147619231368528
2026-01-27 12:00:00,24.83,1.278,28.59,11.38,0.0765657734103889,0.8991959279496935,0.0242382986399177,27.763360444917016,28.598111898022516,1.892825983926905,0.1801710422940022
2026-01-28 00:00:00,23.384,1.05,27.91,14.7,0.1697036924863163,0.8285700945936655,0.0017262129200194,27.496881959987512,28.57097884953319,1.9848220936564804,0.1410707705594732
2026-01-28 12:00:00,24.551,1.075,27.5,13.2,0.1567162870317455,0.8316236963020599,0.0116600166661971,27.499626030848688,28.50251243538439,1.965537397623164,0.1523044430117012
2026-01-29 00:00:00,24.094,1.211,27.75,14.16,0.1349600448210683,0.8558917381193216,0.0091482170596095,27.601229843148023,28.555271229852416,1.9514315968512368,0.1621545039076663
2026-01-29 12:00:00,24.841,0.981,28.52,12.84,0.0579913040890563,0.8608451779595089,0.0811635179514344,27.55092168866768,28.482219073753196,1.824653148187377,0.1969970870799704
2026-01-30 00:00:00,26.071,1.247,26.37,13.76,0.5907580637942166,0.409222866186169,1.9070019613084494e-05,25.78537642556765,27.75968685201982,2.305629890771008,-0.0135127415254226
2026-01-30 12:00:00,26.792,1.298,28.35,11.1,0.2202279689983766,0.7792418917813557,0.0005301392202686,27.262732772854868,28.69502920905285,2.0767563051549165,0.1165834859723842
2026-01-31 00:00:00,24.739,1.569,26.78,15.58,0.2170955073183232,0.7819592017085075,0.0009452909731688,27.273309387485547,28.665925022012107,2.0732405077640923,0.1222399071583094
2026-01-31 12:00:00,27.707,1.109,29.15,9.54,0.0557528270021274,0.8940165830089518,0.0502305899889214,27.71673954003516,28.55259513935381,1.852349731929231,0.1909627266189668
2026-02-01 00:00:00,25.868,1.185,27.44,12.06,0.7494985903701186,0.250499793843379,1.615786501865994e-06,25.13695512217681,27.78194823854672,2.4259817485318305,0.010249453541605
2026-02-01 12:00:00,25.868,1.281,28.24,12.54,0.7701612227695462,0.2298380542445182,7.229859371791133e-07,25.04257688561732,27.659644248153267,2.625234227725114,-0.0439682011594446
2026-02-02 00:00:00,26.997,1.299,28.13,9.64,0.7405751265280985,0.2594230729019407,1.8005699632781497e-06,25.17340960853619,27.595982161878304,2.419217027851249,0.0410593696647118
2026-02-02 12:00:00,26.689,1.345,28.28,10.26,0.7080774574887707,0.2919203901156987,2.1523955321702496e-06,25.29351049943181,27.683196597998396,2.56337019435815,0.012241157338234
2026-02-03 00:00:00,28.108,1.559,29.62,7.7,0.6934660730623934,0.3065329935045133,9.33433091755348e-07,25.3525754156535,27.54026131327456,2.5488120016995315,0.0258806535237544
2026-02-03 12:00:00,26.022,1.418,27.06,9.52,0.5276184871775156,0.4723721050600606,9.407762422040964e-06,26.022884028226606,28.146280002901975,2.383546972921033,0.0621212532009598
2026-02-04 00:00:00,24.431,1.194,28.14,12.72,0.2302953833652612,0.7678489492408754,0.0018556673938642,27.24868836318831,28.36425556411512,2.0306313825240654,0.1368754580606551
2026-02-04 12:00:00,24.435,1.283,26.93,13.04,0.0609520081840455,0.8946146373845212,0.0444333544314343,27.6860594299027,28.98360575714605,1.8763292664095483,0.1898921301450563
2026-02-05 00:00:00,25.357,1.256,28.25,11.7,0.0120616033359238,0.5974229221836148,0.3905154744804601,26.145804367592596,28.01005274379287,1.4987543080727792,0.271742888467509
2026-02-05 12:00:00,26.484,1.287,28.99,8.7,0.0259682751281976,0.6123211840535424,0.3617105408182602,26.26079768813868,27.75857980932684,1.5337926380506637,0.2655497780259418
2026-02-06 00:00:00,25.97,1.64,28.74,9.18,0.0031047561203958,0.3151871734984011,0.6817080703812051,24.71976950530631,27.10136713529335,1.2131285362045077,0.3336301121167852
2026-02-06 12:00:00,25.868,1.506,26.93,10.58,0.2166412094485855,0.7826222790923252,0.0007365114590885,27.27619404316383,28.69017428445908,2.072986216910828,0.1316056578209735
2026-02-07 00:00:00,24.431,1.615,25.93,15.02,0.2465304981152911,0.7528297272473392,0.0006397746373699,27.15586816777273,28.587493947268687,2.1028609875782043,0.1191075512953962
2026-02-07 12:00:00,24.58,1.734,26.37,14.28,0.1141116098884471,0.8849056535347138,0.0009827365768399,27.689379300676052,28.9358175567972,1.9705877703621484,0.1569225452568434
2026-02-08 00:00:00,26.176,1.255,27.86,10.86,0.2532636417175589,0.7462685756561863,0.0004677826262529,27.16188464914781,28.3992663479226,2.0493615764062083,0.1202278723605883
2026-02-08 12:00:00,23.866,1.303,27.82,13.58,0.15663797324488,0.842670060877336,0.0006919658777839,27.518949084069884,28.927042874517632,2.0132389904799,0.1391036758503864
2026-02-09 00:00:00,27.202,1.02,28.85,8.98,0.0897020425961803,0.901125843851456,0.0091721135523625,27.746918702862065,29.04768866901342,1.9384833129699308,0.1685241313834236
2026-02-09 12:00:00,22.583,1.239,27.17,16.2,0.1130299848759875,0.8822874275825137,0.0046825875414985,27.67517221120993,29.014588436182997,1.965994276612652,0.1599792884598524
2026-02-10 00:00:00,26.278,1.085,27.73,10.68,0.0991289876125174,0.8946005808703692,0.0062704315171122,27.723386203972183,29.04270877503364,1.9506339612316237,0.165503650086233
2026-02-10 12:00:00,24.844,0.986,27.71,13.14,0.2098721772260456,0.789810619003443,0.0003172037705127,27.30565985102923,28.88137351345101,2.0666397303047472,0.1285841406951864
2026-02-11 00:00:00,25.42,1.39,25.56,12.48,0.2158219952044513,0.7837196349192094,0.0004583698763383,27.280901985416417,28.726435817354808,2.072434219336924,0.1229088855810025
2026-02-11 12:00:00,23.871,1.856,26.19,15.52,0.2046161257383716,0.795026900887541,0.0003569733740888,27.3267049547502,28.645974946917605,2.0613646060636497,0.1256155866094778
2026-02-12 00:00:00,22.972,1.913,27.29,14.32,0.2047079639803326,0.7949995707501567,0.0002924652695093,27.3266576778932,28.680002119002463,2.061517414986369,0.1268067479687818
2026-02-12 12:00:00,25.27,1.763,27.28,12.2,0.1444120461371692,0.8545921803038473,0.0009957735589843,27.566840343951604,28.801315156129156,2.000767913755683,0.148780099915257
2026-02-13 00:00:00,23.821,1.788,24.92,15.44,0.0253386171716902,0.8599122481021684,0.1147491347261418,27.476913524192845,28.83734806396867,1.7740263237086464,0.2096939481591737
2026-02-13 12:00:00,24.97,1.817,26.74,13.5,0.0959256236661562,0.9014278074738964,0.0026465688599471,27.754531516345025,28.968105862514648,1.950885518951791,0.1651158765129727
2026-02-14 00:00:00,27.517,1.861,28.12,8.2,0.1303324435427363,0.8662925679855709,0.003374988471694,27.61180234558742,28.8613654852835,1.9844776422858816,0.1557777101183043
2026-02-15 00:00:00,22.561,1.209,25.4,19.22,0.0301945340060407,0.896545736440356,0.0732597295536045,27.66562717083724,28.95417004157517,1.818289550853376,0.1997498376632911
2026-02-15 12:00:00,26.672,2.18,27.88,9.96,0.0232558543482099,0.9592183863123837,0.0175257593394046,27.973544032525574,29.134441899327992,1.8643358400812535,0.1906105540944871
2026-02-16 00:00:00,23.664,2.598,26.14,14.54,0.0264143421173145,0.9317441309721648,0.0418415269105217,27.83867467318538,29.053858316984783,1.844377434584769,0.1949383827197215
2026-02-16 12:00:00,26.271,2.16,27.58,9.48,0.0638480309669781,0.9347823362107228,0.001369632822296,27.89060042057791,29.033348983817792,1.9201355464687164,0.1736073651231557
2026-02-17 00:00:00,24.466,2.073,27.65,11.2,0.0939820228423298,0.8996378843581379,0.0063800927995319,27.74363941776196,28.99206998227273,1.9454011218513745,0.1672385801081048
2026-02-17 12:00:00,26.468,2.012,27.88,9.48,0.0515998740179326,0.9393440629091236,0.0090560630729429,27.90150932445213,29.097612477555465,1.900627107286692,0.1796098456504725
2026-02-18 00:00:00,24.82,1.862,27.36,12.6,0.2019947240807585,0.7978671600434826,0.0001381158757597,27.33839958864276,28.73916685748125,2.058960505258057,0.1246522527877886
2026-02-18 12:00:00,23.162,2.068,28.35,13.76,0.161203654320672,0.8386359243567488,0.000160421322578,27.503163910185503,28.799105416004792,2.01829350362838,0.1405178294442463
2026-02-19 00:00:00,24.967,1.911,27.58,12.1,0.0923353793348275,0.9070328011506276,0.0006318195145434,27.779160345138667,28.986250974007007,1.9492225414190671,0.1632051595317386
2026-02-20 00:00:00,25.569,3.135,26.67,11.8,0.1302274944918714,0.869297847461108,0.0004746580470207,27.626790700882022,28.75482745077013,1.9871290567297808,0.1524290039536578
2026-02-20 12:00:00,27.167,2.262,26.77,9.72,0.1969700520890699,0.8029359449993735,9.400291155299444e-05,27.35893068361153,28.46089730296605,2.053995644519836,0.1340505247111852
2026-02-21 00:00:00,24.867,2.71,26.25,14.5,0.3334796257187971,0.6665069092184233,1.346506277692674e-05,26.80756734240084,27.92877993447357,2.190095615518221,0.0938170792042284
2026-02-21 12:00:00,24.616,2.199,26.55,12.7,0.0071382981500913,0.6268806782217679,0.3659810236281421,26.28890519714776,28.088552416711494,1.5171619810246544,0.2674584997558648
2026-02-22 00:00:00,24.165,2.406,27.21,14.56,0.151904977869823,0.8479234329608647,0.0001715891693122,27.54069281275916,28.76408232308197,2.009017329190047,0.1416240022454446
2026-02-22 12:00:00,24.115,2.09,26.04,13.34,0.0335299248170474,0.9583772676364932,0.0080928075464614,27.97938457462004,29.131032536148894,1.883536825269044,0.1855139518372824
2026-02-23 00:00:00,23.965,2.812,25.35,12.96,0.0860825148642591,0.9135728452316476,0.0003446399040927,27.805876330061647,28.918419883879054,1.9432648319458663,0.1653012680036454
2026-02-23 12:00:00,22.561,3.588,25.27,14.7,0.018826738974263,0.9575815141844058,0.0235917468413299,27.960985729779274,29.129106803058537,1.8541583958365169,0.1926903626452743
2026-02-24 00:00:00,23.062,2.422,26.81,14.32,0.0905304376516385,0.909055747381,0.0004138149673613,27.787550588186438,28.943980747791443,1.9476311825414192,0.1634998480269158
2026-02-24 12:00:00,24.814,2.536,27.62,11.14,0.0786509935298118,0.9176867256851082,0.0036622807850816,27.8192546257412,28.980996284797577,1.9327072435117305,0.1694899947235711
2026-02-25 00:00:00,27.167,1.76,28.35,9.04,0.1095780410064128,0.8874351842487785,0.0029867747448084,27.69764047769216,28.961510996988533,1.9641660429900565,0.1609653324780533
2026-02-25 12:00:00,23.563,2.129,27.03,14.06,0.1464117639827411,0.8527556143151993,0.0008326217020613,27.559576817206008,28.837005833306712,2.002915542569823,0.1453575236693875
2026-02-26 00:00:00,27.367,1.558,28.7,9.34,0.0302098368770896,0.9258872144785548,0.0439029486443547,27.81298186033745,29.04637087008021,1.8462005819715697,0.1936269644482312
2026-02-26 12:00:00,25.469,1.409,28.28,10.76,0.0114804022905083,0.7408249018143442,0.2476946958951482,26.865335246624426,28.473020336048283,1.633888197320106,0.2411091323232348
2026-02-27 00:00:00,22.273,1.843,26.67,16.74,0.0874398682617855,0.90238368984525,0.0101764418929647,27.75101906140437,29.00156009886149,1.935274848641284,0.1699026036959532
2026-02-27 12:00:00,24.917,1.934,27.18,12.82,0.0843912655898215,0.906243771638512,0.009364962771668,27.76741630860907,29.01224238856042,1.933008196790049,0.1703478629093959
2026-02-28 00:00:00,23.965,1.402,26.66,13.7,0.0514995531995605,0.9241457990682832,0.0243546477321561,27.82509221046929,29.07467368318669,1.8859899233397537,0.1829713685863559
2026-02-28 12:00:00,24.521,1.83,27.41,13.44,0.1162828163799931,0.8795645158405044,0.0041526677795036,27.6646853785131,28.925715137558413,1.9697390715238108,0.1590170673049513
2026-03-01 00:00:00,22.873,1.388,28.54,14.7,0.0138860965622719,0.8105882753977446,0.1755256280399826,27.218012082554225,28.7007062453703,1.7048627562284653,0.2254581703510633
2026-03-02 00:00:00,24.06,1.957,27.84,12.7,0.034458865682336,0.9556440455924124,0.0098970887252506,27.966569534230903,29.129976933335055,1.882747970464386,0.1843840712177994
2026-03-02 12:00:00,23.087,1.947,27.47,14.66,0.2703206873316522,0.7296297661271977,4.954654114861618e-05,27.062672767857418,28.5198314174048,2.127127310367579,0.0961684660428781
2026-03-03 00:00:00,22.318,1.685,25.89,16.84,0.0846811625691166,0.9139852411864148,0.0013335962444665,27.806574461974936,29.048689424978,1.9409287311142305,0.1647970657621695
2026-03-03 12:00:00,24.713,1.911,28.15,10.78,0.2342126907324718,0.7655411181356512,0.0002461911318764,27.207632789796524,28.55819392961117,2.090961041916492,0.1238149367608182
2026-03-04 00:00:00,24.466,2.875,27.43,11.52,0.0944147367508424,0.9052072382837606,0.0003780249653949,27.772030084353805,28.8924513516255,1.951535657874116,0.1654343901748093
2026-03-05 00:00:00,24.566,2.652,27.48,11.96,0.141784382092456,0.8578365144947351,0.0003791034128099,27.580557926335533,28.803010228715145,1.998735587580306,0.1483576852081786
2026-03-05 12:00:00,26.622,1.655,27.62,9.94,0.0578604755424033,0.9384698359324496,0.0036696885251437,27.90325210248069,29.089116767846587,1.9119837247941915,0.1759835053910206
2026-03-06 00:00:00,25.595,2.116,28.97,10.54,0.326064220078369,0.6739143853559291,2.1394565702302587e-05,26.83750038008984,28.353685360426358,2.1826990824439467,0.0758381693580586
2026-03-06 12:00:00,23.919,2.318,27.48,12.7,0.0597779451167758,0.9369762271535904,0.0032458277296361,27.89763018385056,29.03303999061199,1.9142971324798408,0.1738131804500395
2026-03-07 12:00:00,23.263,1.293,27.52,14.12,0.1106112731720165,0.8868007471147802,0.0025879797132044,27.6954667522212,29.01066683041634,1.9655745438606411,0.1646234285291793
2026-03-08 00:00:00,25.846,1.596,26.79,12.38,0.2225716525640048,0.7762401972336059,0.0011881502023886,27.249955436315748,28.60562924467276,2.0784663787233484,0.1669084731226556
2026-03-08 12:00:00,26.421,1.559,26.25,10.6,0.2193201485839274,0.7801024246483811,0.0005774267676902,27.26616470004693,28.642129513953847,2.0758067834444343,0.1758140940197534
2026-03-09 00:00:00,25.068,1.207,27.71,11.56,0.5854026082390829,0.414575351431913,2.2040329003990825e-05,25.807240261083138,28.01582074971169,2.301567297187193,0.0079971138302857
2026-03-09 12:00:00,25.068,1.098,28.03,10.32,0.0598317635397924,0.9043142247401044,0.0358540117201052,27.77289194337181,28.597560150944783,1.8691029210391097,0.186560435380831
2026-03-10 00:00:00,25.769,1.297,27.85,9.7,0.0473833417333303,0.8986298600787118,0.0539867981879586,27.692930493484592,28.99490355670257,1.853730922378322,0.1958528589871607
2026-03-10 12:00:00,24.767,1.142,27.1,11.1,0.0921107897127429,0.8810977672754933,0.0267914430117603,27.68692222101155,28.53482246993078,1.902183998855204,0.1928248123962787
2026-03-11 00:00:00,23.062,1.18,28.03,13.52,0.0903743516759324,0.8909915555369441,0.0186340927871221,27.735332519949885,28.559226877851728,1.9086190535329144,0.1840707200688172
2026-03-11 12:00:00,25.57,1.165,27.97,10.2,0.19194460066679,0.8066707338189479,0.001384665514261,27.407750103550278,28.47290888742483,2.0020066461864667,0.1652279451277188
2026-03-12 00:00:00,25.42,1.28,27.83,10.96,0.2869686498510455,0.7124989335744708,0.0005324165744829,26.99295742668705,28.58391119134517,2.1432571477855897,0.1163315775285304
2026-03-12 12:00:00,26.471,1.201,27.96,8.56,0.1282648084998306,0.8576761564231149,0.014059035077053,27.60370927311742,28.50285169400828,1.9416897664660413,0.1685832850776442
2026-03-13 00:00:00,26.973,1.149,28.5,10.48,0.120355624213087,0.8676597545524442,0.011984621234469,27.646527760789247,28.52663219382999,1.937665285412843,0.1711789530090908
2026-03-13 12:00:00,26.668,1.184,27.28,9.06,0.16046495526828,0.830850481172853,0.008684563558866,27.49938187159014,28.466039291731214,1.971206496996358,0.1616042134935586
2026-03-14 00:00:00,28.166,1.102,29.22,6.64,0.1635521813127043,0.8343664653440244,0.0020813533432702,27.484025175511267,28.904329935280074,2.018808334095521,0.1638087744356579
2026-03-14 12:00:00,25.619,1.134,27.52,11.18,0.2055062256655868,0.7931952428789385,0.0012985314554756,27.352782458350084,28.45898984988928,2.0123690556764307,0.160832684138489
2026-03-15 00:00:00,24.77,1.07,26.26,13.18,0.2969253532447934,0.7027778566034653,0.0002967901517419,26.984377587931416,28.368300739022416,2.0826223740286127,0.1327656491067713
2026-03-15 12:00:00,27.117,1.276,28.05,9.54,0.1849750532630328,0.8132787845451123,0.0017461621918553,27.399117723051425,28.81394675177742,2.040473425485384,0.1557839061699607
2026-03-16 00:00:00,26.069,1.335,28.26,9.8,0.1698664674537255,0.826939579910233,0.0031939526360444,27.452916039756705,28.831088557253345,2.02404290546476,0.172323618647087
2026-03-16 12:00:00,26.267,1.277,28.01,11.98,0.2738239132552017,0.7252686145090341,0.0009074722357627,27.07566186665053,28.233574122724665,2.0645297437723813,0.154583311527736
2026-03-17 00:00:00,25.174,1.818,27.6,12.42,0.279184101042709,0.7205561169634719,0.0002597819938206,27.02579139700665,28.542706285442936,2.13575938737908,0.1186983469173205
2026-03-18 00:00:00,28.711,1.391,26.96,6.36,0.2530902119443291,0.7454056001996677,0.0015041878560042,27.125013299151146,28.541451548691857,2.108575947232453,0.1458330723897432
2026-03-19 12:00:00,28.266,1.239,28.44,7.24,0.1593465133647639,0.8330605577390027,0.0075929288962345,27.47334771202689,28.80612169992184,2.0093803620885358,0.1572196460678601
2026-03-21 00:00:00,26.169,2.434,27.69,10.18,0.1084645301030175,0.8907701097660792,0.0007653601309038,27.713296201263248,28.89315084524649,1.965167359006033,0.1615795584505173
2026-03-21 12:00:00,26.666,2.455,28.18,9.4,0.0598167962172732,0.9386689468795636,0.0015142569031602,27.906168318309817,29.033353131570777,1.9159812410107209,0.1761848702041506
2026-03-22 00:00:00,21.948,1.593,27.96,14.12,0.6457736236768514,0.3542253472587491,1.029064400891675e-06,25.545346442627874,27.82106338188369,2.50128930185771,0.0068807944596956
2026-03-22 12:00:00,24.378,1.835,27.24,12.32,0.2448698658043707,0.7550470953758385,8.303881979147656e-05,27.1653760725048,28.49873412075012,2.101735297804051,0.115070661597034
2026-03-23 00:00:00,27.213,2.023,28.65,8.64,0.0898079050090924,0.9085629979050333,0.0016290970858735,27.784368444397533,28.95452490268173,1.945756421748461,0.1652243248537212
2026-03-23 12:00:00,25.276,1.948,27.51,10.56,0.4166643391247623,0.5833303850657432,5.275809494468508e-06,26.471378248724168,28.073717131403008,2.272991876596757,0.0390302329734627
2026-03-24 00:00:00,26.961,2.322,27.95,10.44,0.4311952234265122,0.5688021574436691,2.6191298218521187e-06,26.412658173419025,27.79458344785557,2.287473538567657,0.0264507711735926
2026-03-24 12:00:00,24.631,2.522,28.94,9.2,0.5675443453956434,0.432455104306334,5.502980202950168e-07,25.86154933710792,27.862693741209306,2.4233390654479674,-0.023773073457862
2026-03-25 00:00:00,23.582,2.309,27.7,10.86,0.4294379798187918,0.5705579016468028,4.118534405702056e-06,26.41975337214935,27.97725226943393,2.2857211280008167,0.0315990005265253
2026-03-25 12:00:00,23.293,1.359,30.02,6.94,0.4547365810501769,0.5452572637889398,6.1551608861206935e-06,26.317486927381548,28.755696782718243,2.3109277016101903,0.0120142652146812
2026-03-27 12:00:00,26.466,1.666,27.49,11.4,0.1029054697556873,0.8901505572573127,0.0069439729869986,27.70473954971684,28.92742670294458,1.9537569733710591,0.163091311581162
2026-03-28 00:00:00,25.472,2.356,28.09,14.2,0.1283341716488417,0.8706579007654551,0.0010079275857035,27.63176561764488,28.765273741355305,1.984735745984079,0.15588102772603
2026-03-28 12:00:00,24.331,2.939,26.9,12.86,0.1007837695097909,0.899029667690993,0.0001865627992136,27.747248074168983,28.91711024083972,1.9580639431654552,0.1607373694960298
2026-03-29 00:00:00,25.87,1.952,28.07,10.96,0.1790876071505166,0.8205973216924847,0.0003150711569985,27.43010090590944,28.721129585543167,2.035966815470949,0.1372377180746333
2026-03-29 12:00:00,24.776,2.086,28.56,11.1,0.2078168027638856,0.7918493122024127,0.0003338850337017,27.313883849626944,28.63689064079792,2.0645758242715377,0.1342979214844975
2026-03-30 00:00:00,27.258,1.217,29.2,9.02,0.2449056697764785,0.7544098510780387,0.0006844791454818,27.1949322910904,28.751201914984502,2.0428197974411253,0.1175633912420133
2026-03-30 12:00:00,24.427,1.579,29.3,9.86,0.2059837635921596,0.7935648749673535,0.000451361440488,27.320703027528925,28.86114501170917,2.062637682883093,0.126925840286858
2026-03-31 00:00:00,26.267,0.948,29.27,8.8,0.2764828674087289,0.7231417401568879,0.0003753924343821,27.06749406669961,28.52409430157329,2.0670509975366103,0.1151299844543572
2026-03-31 12:00:00,23.446,1.005,28.92,11.64,0.2747949818784737,0.7247375524268882,0.000467465694637,27.07392331627052,28.53477410285621,2.065683983421629,0.1193351745734364
2026-04-01 00:00:00,23.333,1.052,28.58,13.1,0.2968031077933768,0.7030600708643325,0.0001368213422917,26.985687232411376,28.48066067748242,2.0826817119574463,0.1095450574253431
2026-04-01 12:00:00,23.194,0.786,29.48,11.32,0.09062785407489,0.904782698816165,0.004589447108943,27.805431925846232,28.709070818399372,1.9221569104011405,0.194916176200087
2026-04-02 00:00:00,24.378,1.146,27.05,10.84,0.0477424955053759,0.9233648697798276,0.0288926347147996,27.817490400944507,29.093603613102676,1.8779341000266847,0.1900076014250217
2026-04-02 12:00:00,21.707,1.132,29.56,11.98,0.0189685854738923,0.8643724850417557,0.1166589294843526,27.493070879026977,28.8694944082858,1.7658642266580529,0.214978007131269
2026-04-03 00:00:00,26.169,1.676,25.22,10.86,0.064552975601979,0.90830524680359,0.0271417775944306,27.75833494100186,29.004373230086284,1.89634843758236,0.1824624678075985
2026-04-03 12:00:00,23.764,1.36,27.81,13.1,0.3554354430257618,0.6444949610363254,6.959593791069509e-05,26.74649444652369,28.32094550605758,2.127192578109124,0.126842318139484
2026-04-04 00:00:00,25.769,1.059,27.51,11.12,0.1265387016695713,0.8683713973598015,0.0050899009706291,27.65618898846381,28.561274455733685,1.9489040367001496,0.1788663379158208
2026-04-04 12:00:00,23.422,0.997,26.63,15.96,0.2966709372527041,0.7029229029768863,0.0004061597704088,26.984863016148974,28.442529135811128,2.0823255841310826,0.1414994462918633
2026-04-05 00:00:00,25.37,1.04,26.89,12.7,0.0059608914121082,0.3495323035204345,0.6445068050674585,24.9101934049633,27.043646570420652,1.2499034369462692,0.3269267898676387
2026-04-06 00:00:00,26.618,0.849,28.11,9.92,0.0577185916378496,0.8408530983366356,0.1014283100255121,27.36602907102453,28.428189669926997,1.8051901403660788,0.2056466512200385
2026-04-06 12:00:00,27.167,0.918,28.19,9.68,0.11317150510962,0.8781377151658438,0.0086907797245348,27.692560414911306,28.61877434748522,1.9353491896718904,0.1707205501581868
2026-04-07 00:00:00,25.669,0.885,28.41,10.16,0.0347572591113108,0.7767658466348625,0.1884768942538273,27.10230676247279,28.23335528649969,1.7050675710768592,0.2272596520998993
2026-04-07 12:00:00,27.267,0.861,27.73,9.72,0.1386501309760683,0.8564168573694599,0.0049330116544733,27.607504261928387,28.603572455163253,1.9582343409103904,0.1645996993515423
2026-04-08 00:00:00,26.268,0.807,28.79,8.94,0.0783870083998674,0.9072672191370912,0.0143457724630383,27.806024957366223,28.666234785085585,1.9036067993194727,0.178882484728061
2026-04-08 12:00:00,24.071,1.363,25.78,14.22,0.0854657398894654,0.9098988389438972,0.0046354211666368,27.786822944088733,29.038954812027537,1.9385730113441093,0.1716171076517552
2026-04-09 12:00:00,26.666,1.589,29.64,7.2,0.2540901804476276,0.745649553264206,0.0002602662881665,27.12721786960599,28.45945621246481,2.1107543700434115,0.1253732393839496
2026-04-10 00:00:00,16.68,2.389,30.04,13.18,0.0941367647271518,0.9056600555720744,0.0002031797007727,27.77403163350895,28.995514188280357,1.951424819497921,0.160550772724408
2026-04-10 12:00:00,24.77,1.446,28.18,10.26,0.1230573816150142,0.8747293504319751,0.0022132679530111,27.647041574100097,28.885414764840192,1.9783323932168104,0.1584125790926726
2026-04-12 00:00:00,24.086,1.07,27.18,12.2,0.5448661959087374,0.4551127063059922,2.1097785268567705e-05,25.97285023664169,28.306302254522024,2.2708390506448057,0.0439003856413115
2026-04-12 12:00:00,25.07,0.991,27.63,11.78,0.2943520940955795,0.7051674961368658,0.000480409767555,26.993960218330827,28.41049101670891,2.080497200827135,0.1205608434968603
2026-04-13 00:00:00,23.372,1.125,25.78,15.9,0.2367810838786219,0.762376903342334,0.0008420127790432,27.22732612615511,28.42223571639186,2.0365111582579503,0.1312847252117282
2026-04-13 12:00:00,26.069,0.897,28.66,10.44,0.2566381884716738,0.7417578449162877,0.0016039666120375,27.142343779223737,28.40539492573736,2.05084005488347,0.1223096067591393
2026-04-14 00:00:00,23.062,1.032,27.59,16.4,0.5981589200367261,0.4018341693492389,6.910614033484804e-06,25.755202966048667,28.369033183675583,2.3112517581051075,-0.0127639471603378
2026-04-14 12:00:00,24.169,1.05,30.26,7.52,0.7110482388872635,0.2889502129714503,1.548141284184783e-06,25.2940383896185,27.94830389546674,2.396834035550345,-0.0541634974149696
2026-04-15 00:00:00,26.868,1.033,28.94,9.02,0.3108801183030495,0.6888333754083102,0.0002865062886399,26.927419654815317,28.543172415538788,2.093210732972583,0.0942160364799777
2026-04-15 12:00:00,26.371,0.842,29.37,8.32,0.3031241195593613,0.6966931840737322,0.0001826963669061,26.890557104166568,28.69070541188769,2.0874298432399243,0.0929473529314512
2026-04-16 00:00:00,26.368,0.971,28.17,9.66,0.456026078244833,0.5439388945770236,3.502717814445686e-05,26.3357221549423,28.39014580960043,2.2034794350129983,0.0357100729717642
2026-04-16 12:00:00,21.274,1.167,29.16,12.82,0.125612660294546,0.8724614157281965,0.0019259239772579,27.67599748652657,28.71093998918155,1.9512085547062108,0.1527014089585062
2026-04-17 00:00:00,24.57,1.223,30.11,11.24,0.1325818959337995,0.8248627069032837,0.0425553971629152,27.35995885499484,28.451593518575933,1.876630295199812,0.1669739625663266
2026-04-17 12:00:00,25.024,1.152,27.79,12.38,0.5274750831547218,0.4725018382587373,2.307858654091045e-05,26.04388888764936,28.09023831412222,2.25765361453209,-0.0006095226245114
2026-04-18 00:00:00,24.776,0.95,26.88,11.32,0.6642554819102717,0.3357402868217737,4.231267955421053e-06,25.45190205416273,28.449016294944645,2.361359642261376,-0.053290295224094
2026-04-18 12:00:00,24.477,0.919,29.7,9.88,0.3767945574585395,0.6231663486653719,3.909387608678287e-05,26.632360939122613,28.542780645603727,2.2332319425356437,0.0493328671621226
2026-04-19 00:00:00,25.469,1.347,26.66,9.9,0.1702605251884169,0.8240632768348474,0.0056761979767358,27.47460073607207,28.48749930249644,1.981490801506841,0.1514752000081194
2026-04-19 12:00:00,25.919,1.48,27.24,11.88,0.3370165043644915,0.6628682153836241,0.0001152802518827,26.79276011069034,28.342450737130434,2.1935231506199964,0.0834114282870163
2026-04-20 00:00:00,24.57,1.062,29.06,10.42,0.059420207019935,0.9173379027714446,0.0232418902086194,27.83845271918204,28.63774392057367,1.880775389774633,0.1852714850881748
2026-04-20 12:00:00,23.771,0.891,28.53,11.94,0.4349221233252932,0.5650226686832909,5.520799141469856e-05,26.36581718796907,28.654616427779757,2.136953130192362,0.0537815261561368
2026-04-21 00:00:00,24.97,0.916,28.31,11.16,0.1311534936649189,0.865438529348764,0.003407976986316,27.608318031158564,28.987724507165648,1.98526442174162,0.1624708279221509
2026-04-21 12:00:00,23.771,1.093,27.89,12.8,0.3990594563262063,0.6007866905319451,0.0001538531418484,26.56784857554833,28.206873909450305,2.1601822514377256,0.1148466523880325
2026-04-22 00:00:00,24.776,1.19,27.88,11.88,0.1883011427853811,0.8056059526939664,0.0060929045206507,27.31891549634517,28.461124158483333,1.994770752471685,0.1890702959628206
2026-04-23 00:00:00,26.872,0.881,29.71,8.14,0.2668609489289138,0.7304519218826392,0.0026871291884482,27.02267284237139,28.383115843177837,2.026568808365316,0.1278502836129252
2026-04-23 12:00:00,26.572,0.664,28.64,8.76,0.4985284431127787,0.5013994459405393,7.21109466837607e-05,26.100308053020814,28.52416739251665,2.0805425699618523,0.0378088996773763
2026-04-24 00:00:00,25.12,0.879,29.6,10.14,0.3576831901602509,0.6422795562093018,3.725363044814317e-05,26.709617776347866,28.700150909884883,2.214190382525364,0.0779326483626916
2026-04-24 12:00:00,24.171,1.273,27.97,10.92,0.3882054095530444,0.6117394083853184,5.518206163606664e-05,26.61269085525773,28.60326308204621,2.152047963954254,0.0706901369114735
2026-04-25 00:00:00,23.162,1.093,28.55,12.88,0.3185134281414583,0.6810899672999372,0.0003966045586041,26.8281500461044,28.47409589479162,2.0988926414262834,0.0969678268615148
2026-04-25 12:00:00,24.77,0.938,28.85,12.2,0.4041683366525375,0.5957740650646861,5.759828277603365e-05,26.547464563813566,28.50010796538349,2.1641465675977267,0.0479514218051487
2026-04-26 00:00:00,25.168,1.394,27.67,11.0,0.4073678220829779,0.5926098931230802,2.2284793941520304e-05,26.508869091463424,28.141734810199416,2.2637123034355247,0.0633718342668046
2026-04-26 12:00:00,26.768,1.427,29.28,9.56,0.0882104548173191,0.8984526229780924,0.0133369222045893,27.732033862816195,29.026769948958783,1.93303949824661,0.1717725665885837
2026-04-27 00:00:00,25.37,1.465,27.47,11.7,0.1399116799166835,0.8494901147267102,0.0105982053566079,27.573656629626274,28.489876435371727,1.9538074199546955,0.1559422766975306
2026-04-27 12:00:00,25.17,1.034,26.77,13.4,0.1039516009314901,0.8760341353443405,0.0200142637241706,27.672874322220057,28.57262766271163,1.917599975756609,0.1694013222727535
2026-04-28 00:00:00,26.868,1.286,28.41,9.72,0.1855750463806679,0.8127385081032714,0.0016864455160592,27.39699243841921,28.759096148352928,2.041128026689385,0.1323228748182371
2026-04-28 12:00:00,24.171,1.26,27.03,14.84,0.0002997804480233,0.0429515681869588,0.956748651365017,23.351840048932623,26.21135999865117,0.9489094455806776,0.391354555895519
2026-04-29 00:00:00,25.37,1.342,28.37,11.44,0.262992408806399,0.7366092515651652,0.0003983396284367,27.09054197672245,28.6041577810725,2.1194936942998703,0.1101816050426419
2026-04-30 00:00:00,24.77,1.293,28.23,11.92,0.1782190385456828,0.8198208855336974,0.0019600759206201,27.425351161525416,28.79880233006508,2.03353820212385,0.1402781542822486
2026-04-30 12:00:00,26.17,1.139,28.22,11.14,0.1236972213577039,0.8708676204028485,0.0054351582394489,27.66604871238079,28.56708960028337,1.946421941603864,0.1627651032791117
2026-05-01 00:00:00,28.756,0.857,29.34,5.36,0.1067292747633856,0.8835347236019362,0.0097360016346793,27.713585175420764,28.60223596832786,1.9294723707637245,0.1696077091936896
2026-05-01 12:00:00,25.569,1.434,27.99,11.18,0.0498226170020508,0.9272191217856336,0.0229582612123167,27.838882363028024,29.067424341632638,1.8856458515669456,0.1864612580833388
2026-05-02 00:00:00,26.668,1.438,28.32,10.36,0.0077848529163545,0.613854259351123,0.3783608877325209,26.22412573476778,28.059404184090457,1.5060424775828016,0.2696294402593296
2026-05-02 12:00:00,22.686,1.553,27.46,15.58,0.0100793239374779,0.6275329603645871,0.3623877156979366,26.295061631044973,28.103639993339836,1.5235070132164998,0.265921189872556
2026-05-03 00:00:00,23.781,1.741,27.55,13.72,0.0865557502042342,0.911311286772846,0.0021329630229206,27.794983372480715,28.944567447342905,1.9420370583315285,0.1701973034758099
2026-05-04 00:00:00,24.676,2.882,26.63,12.6,0.2482786545418056,0.7516754465073617,4.589895083252828e-05,27.15178434628755,28.4015144525939,2.1051672388313847,0.1088935157176153
2026-05-05 00:00:00,24.72,2.969,26.74,11.9,0.0843023522206265,0.9154154711069108,0.0002821766724612,27.813385358451352,28.899600535433187,1.9415503633707896,0.1699368056731884
2026-05-05 12:00:00,24.165,3.116,26.65,13.5,0.0315609370131559,0.9664590196461292,0.001980043340717,28.01803871774565,29.14127812559653,1.8873833997701868,0.1837842522647509
2026-05-06 00:00:00,27.431,2.78,28.41,8.08,0.0244195125589755,0.9622393628423588,0.0133411245986645,27.989853912138408,29.13398961249973,1.8694717324500287,0.1894648867869484
2026-05-07 00:00:00,26.772,1.149,27.2,9.72,0.146833723503506,0.8496886395838726,0.0034776369126219,27.544589192834,28.87844753135293,2.0008226186193663,0.1554518500632671
2026-05-08 12:00:00,27.646,1.854,27.4,8.86,0.1295587911541962,0.8688035042523728,0.0016377045934303,27.62365328413001,28.85477306599125,1.985357569512676,0.1537101773908183
2026-05-09 00:00:00,26.913,1.659,28.09,9.32,0.435141955055135,0.5648005287262283,5.751621863626152e-05,26.39642992933909,28.01476851966638,2.2913540502289296,0.0640323916183608
2026-05-09 12:00:00,27.757,1.502,28.09,8.1,0.0795757715474204,0.8977117382353645,0.0227124902172163,27.71985512038939,29.010904610632213,1.915526590101774,0.17722496695837
2026-05-10 00:00:00,22.515,1.243,27.1,17.2,0.1611865317756496,0.8379870295746386,0.0008264386497116,27.4998886797084,29.009853152387038,2.0176435703996565,0.1416577498809154
2026-05-10 12:00:00,23.05,0.94,27.06,14.24,0.2596377268506075,0.739693000798119,0.0006692723512737,27.13482378672407,28.50374420835184,2.0540020704010424,0.1104395659902812
2026-05-11 00:00:00,25.423,1.278,26.96,14.26,0.1914566253354655,0.8063773303118451,0.0021660443526898,27.405786027058625,28.46506387923143,2.0008942383115604,0.1371889344164522
2026-05-12 00:00:00,23.762,1.094,27.6,13.88,0.5536438669561545,0.4463185132225625,3.761982128200596e-05,25.93690674529089,28.097366918949028,2.277477375874264,0.0218225146150512
2026-05-12 12:00:00,25.023,1.108,26.99,11.08,0.5801567437788516,0.419824851918127,1.8404303022626423e-05,25.82868983982284,27.97585250864337,2.297594058082723,-0.001218478096383
2026-05-13 00:00:00,25.761,1.279,28.71,11.02,0.5332019075640223,0.4667314000409899,6.669239498876563e-05,26.02027193752191,27.895942787140967,2.2619534632249505,0.0306815725045322
2026-05-13 12:00:00,25.128,0.932,27.8,10.08,0.2226672486591741,0.7738320890680808,0.0035006622727455,27.27152014736117,28.37680940513168,2.0232856496722365,0.1361074555600773
2026-05-14 00:00:00,27.021,1.265,28.92,9.38,0.3645665141492106,0.6352112562002689,0.0002222296505206,26.70841779900508,28.161495281060944,2.133969464944132,0.0676004763921512
2026-05-14 12:00:00,25.023,1.19,26.62,12.12,0.0546257845666745,0.8907260420013595,0.0546481734319652,27.698969175965807,28.55334623525373,1.84729762941702,0.1913272736111728
2026-05-15 00:00:00,26.022,1.261,27.69,11.64,0.0075640720702894,0.2354930056202019,0.7569429223095119,24.31081540778816,26.73552741955179,1.1433997947425811,0.3488694228875365
2026-05-15 12:00:00,25.769,0.827,28.45,9.9,0.0038509314251512,0.1863113022335473,0.8098377663413026,24.06295271154328,26.602308620097087,1.0907537934795324,0.3604378405993343
2026-05-16 00:00:00,25.654,0.85,28.86,11.78,0.0749952369317916,0.7794184238768758,0.1455863391913325,27.05941814587224,28.292676161790656,1.7529911395187867,0.2041822551823209
2026-05-16 12:00:00,28.339,0.898,28.08,8.3,0.0275102611072479,0.5684574442650887,0.4040322946276646,25.98378149668958,27.650767380845053,1.491551170364379,0.273822314192235
2026-05-17 00:00:00,26.39,0.799,29.39,10.82,0.0058896473519299,0.2410750750910832,0.7530352775569873,24.336894490266182,26.75158650588947,1.1460381056372957,0.3483530707261159
2026-05-17 12:00:00,24.392,1.179,26.03,16.3,3.915946214071154e-05,0.0076247746675116,0.9923360658703508,23.172657257208225,26.115779582737,0.9148955419763908,0.3986780879343222
2026-05-18 00:00:00,26.232,0.997,26.0,13.58,0.0003651189591708,0.0415101183006914,0.958124762740135,23.34460322031044,26.20746978187396,0.9476513497934076,0.3916216733082936
2026-05-18 12:00:00,25.496,1.259,27.16,14.1,0.000562666001048,0.0545244570935605,0.9449128769053896,23.41071335852987,26.242643230393085,0.9603554730870072,0.3888776579196135
2026-05-19 00:00:00,24.609,0.841,25.52,17.42,1.340461666148928e-05,0.0045189552155131,0.9954676401678264,23.15690129158674,26.107382678343843,0.9119002928693342,0.3993221325161207
2026-05-19 12:00:00,19.871,1.043,24.35,23.68,0.003840855062374,0.2708130322066998,0.7253461127309238,24.50940960575243,26.831739589502504,1.1714801365644172,0.3431197360017131
2026-05-20 00:00:00,22.811,0.941,24.89,18.52,0.0006373860047373,0.0589839435783245,0.9403786704169362,23.4275254932814,26.255182712269963,0.9646466464479868,0.3879332110976511
2026-05-20 12:00:00,25.527,0.619,27.13,14.8,0.0684518222058336,0.7417018077955729,0.1898463699985927,26.8256487631561,28.188821026023504,1.6962154696880878,0.2157584388409821
2026-05-21 00:00:00,24.582,0.629,27.91,13.02,0.0001541652804776,0.0196370138930993,0.9802088208264196,23.23119886680749,26.148380798595152,0.9264584625955616,0.396177480344348
2026-05-21 12:00:00,23.491,0.941,27.89,13.62,1.4448620605858991e-05,0.0054435507419582,0.9945420006374366,23.16104561384188,26.109892052184072,0.9127806575412852,0.3991330596983234
2026-05-22 12:00:00,24.984,1.031,28.9,12.66,0.0023455697530493,0.1851062737930282,0.8125481564539211,24.05549418838693,26.59849812563006,1.08721195559554,0.3614357087919849
2026-05-23 00:00:00,24.384,1.228,25.07,14.74,0.0003553084368769,0.0437589915909247,0.9558856999721986,23.35164545629684,26.21371513847904,0.9497715441907144,0.3911665288416289
2026-05-23 12:00:00,25.373,1.073,28.13,10.82,0.0007972055211787,0.0944476716797616,0.904755122799059,23.61315112069227,26.351152000634904,0.9986924929316948,0.3806415533169113
2026-05-24 00:00:00,24.577,1.062,28.39,12.94,0.0015796087509574,0.1218679959604439,0.8765523952885972,23.75279938046566,26.425730367579416,1.0260847667268935,0.3747675204787989
2026-05-24 12:00:00,27.064,0.957,27.25,10.5,0.001824571607737,0.1535071967056387,0.8446682316866231,23.91328945995277,26.510919510064674,1.0565678491773811,0.3682584798946048
2026-05-25 00:00:00,25.97,1.203,27.52,10.36,0.0007666518664046,0.0904218572271932,0.9088114909064045,23.592730750318704,26.33993853680178,0.994814836406376,0.3816221799762477
